condicion,k,fraccion_limite,n_documentos,limite_tokens_mediano,truncados,recuperados_sobre_solicitados,rs_ic95_inf,rs_ic95_sup,disponibles_sobre_solicitados,ds_ic95_inf,ds_ic95_sup,recall_disponibles,rec_ic95_inf,rec_ic95_sup,documentos_disponibles_cero,precision,espurios
json_estricto,1,0.05,18,152.5,18,0.0,0.0,0.0,0.028889,0.024444,0.033333,0.0,0.0,0.0,0,,0
json_estricto,2,0.1,18,305.5,18,0.0,0.0,0.0,0.082222,0.08,0.085556,0.0,0.0,0.0,0,,0
json_estricto,3,0.15,18,458.0,18,0.0,0.0,0.0,0.128889,0.124444,0.133333,0.0,0.0,0.0,0,,0
json_estricto,4,0.2,18,610.0,18,0.0,0.0,0.0,0.181111,0.18,0.183333,0.0,0.0,0.0,0,,0
json_estricto,5,0.25,18,762.5,18,0.0,0.0,0.0,0.233333,0.228889,0.237778,0.0,0.0,0.0,0,,0
json_estricto,6,0.3,18,915.5,18,0.0,0.0,0.0,0.278889,0.276667,0.28,0.0,0.0,0.0,0,,0
json_estricto,7,0.35,18,1068.0,18,0.0,0.0,0.0,0.332222,0.327778,0.336667,0.0,0.0,0.0,0,,0
json_estricto,8,0.4,18,1220.5,18,0.0,0.0,0.0,0.378889,0.376667,0.38,0.0,0.0,0.0,0,,0
json_estricto,9,0.45,18,1373.0,18,0.0,0.0,0.0,0.436667,0.433333,0.44,0.0,0.0,0.0,0,,0
json_estricto,10,0.5,18,1526.0,18,0.0,0.0,0.0,0.481111,0.48,0.483333,0.0,0.0,0.0,0,,0
json_estricto,11,0.55,18,1678.0,18,0.0,0.0,0.0,0.537778,0.534444,0.54,0.0,0.0,0.0,0,,0
json_estricto,12,0.6,18,1830.5,18,0.0,0.0,0.0,0.582222,0.58,0.585556,0.0,0.0,0.0,0,,0
json_estricto,13,0.65,18,1983.0,18,0.0,0.0,0.0,0.638889,0.636667,0.64,0.0,0.0,0.0,0,,0
json_estricto,14,0.7,18,2136.0,18,0.0,0.0,0.0,0.683333,0.68,0.686667,0.0,0.0,0.0,0,,0
json_estricto,15,0.75,18,2288.5,18,0.0,0.0,0.0,0.74,0.74,0.74,0.0,0.0,0.0,0,,0
json_estricto,16,0.8,18,2441.0,18,0.0,0.0,0.0,0.787778,0.783333,0.792222,0.0,0.0,0.0,0,,0
json_estricto,17,0.85,18,2593.0,18,0.0,0.0,0.0,0.84,0.84,0.84,0.0,0.0,0.0,0,,0
json_estricto,18,0.9,18,2746.0,18,0.0,0.0,0.0,0.887778,0.883333,0.892222,0.0,0.0,0.0,0,,0
json_estricto,19,0.95,18,2898.5,18,0.0,0.0,0.0,0.94,0.94,0.94,0.0,0.0,0.0,0,,0
json_estricto,20,1.0,18,3051.0,0,1.0,1.0,1.0,1.0,1.0,1.0,1.0,1.0,1.0,0,1.0,0
json_parcial_jiter,1,0.05,18,152.5,18,0.028889,0.024444,0.033333,0.028889,0.024444,0.033333,1.0,1.0,1.0,0,0.590909,17
json_parcial_jiter,2,0.1,18,305.5,18,0.082222,0.08,0.085556,0.082222,0.08,0.085556,1.0,1.0,1.0,0,0.804348,18
json_parcial_jiter,3,0.15,18,458.0,18,0.128889,0.124444,0.133333,0.128889,0.124444,0.133333,1.0,1.0,1.0,0,0.865672,18
json_parcial_jiter,4,0.2,18,610.0,18,0.181111,0.18,0.183333,0.181111,0.18,0.183333,1.0,1.0,1.0,0,0.900552,18
json_parcial_jiter,5,0.25,18,762.5,18,0.233333,0.228889,0.237778,0.233333,0.228889,0.237778,1.0,1.0,1.0,0,0.921053,18
json_parcial_jiter,6,0.3,18,915.5,18,0.278889,0.276667,0.28,0.278889,0.276667,0.28,1.0,1.0,1.0,0,0.933086,18
json_parcial_jiter,7,0.35,18,1068.0,18,0.332222,0.327778,0.336667,0.332222,0.327778,0.336667,1.0,1.0,1.0,0,0.943218,17
json_parcial_jiter,8,0.4,18,1220.5,18,0.378889,0.376667,0.38,0.378889,0.376667,0.38,1.0,1.0,1.0,0,0.949861,18
json_parcial_jiter,9,0.45,18,1373.0,18,0.436667,0.433333,0.44,0.436667,0.433333,0.44,1.0,1.0,1.0,0,0.956204,17
json_parcial_jiter,10,0.5,18,1526.0,18,0.481111,0.48,0.483333,0.481111,0.48,0.483333,1.0,1.0,1.0,0,0.960089,18
json_parcial_jiter,11,0.55,18,1678.0,18,0.537778,0.534444,0.54,0.537778,0.534444,0.54,1.0,1.0,1.0,0,0.964143,17
json_parcial_jiter,12,0.6,18,1830.5,18,0.582222,0.58,0.585556,0.582222,0.58,0.585556,1.0,1.0,1.0,0,0.96679,18
json_parcial_jiter,13,0.65,18,1983.0,18,0.638889,0.636667,0.64,0.638889,0.636667,0.64,1.0,1.0,1.0,0,0.969646,17
json_parcial_jiter,14,0.7,18,2136.0,18,0.683333,0.68,0.686667,0.683333,0.68,0.686667,1.0,1.0,1.0,0,0.971564,18
json_parcial_jiter,15,0.75,18,2288.5,18,0.74,0.74,0.74,0.74,0.74,0.74,1.0,1.0,1.0,0,0.973684,18
json_parcial_jiter,16,0.8,18,2441.0,18,0.787778,0.783333,0.792222,0.787778,0.783333,0.792222,1.0,1.0,1.0,0,0.975241,18
json_parcial_jiter,17,0.85,18,2593.0,18,0.84,0.84,0.84,0.84,0.84,0.84,1.0,1.0,1.0,0,0.976744,18
json_parcial_jiter,18,0.9,18,2746.0,18,0.887778,0.883333,0.892222,0.887778,0.883333,0.892222,1.0,1.0,1.0,0,0.977968,17
json_parcial_jiter,19,0.95,18,2898.5,18,0.94,0.94,0.94,0.94,0.94,0.94,1.0,1.0,1.0,0,0.979167,18
json_parcial_jiter,20,1.0,18,3051.0,0,1.0,1.0,1.0,1.0,1.0,1.0,1.0,1.0,1.0,0,1.0,0
jsonl,1,0.05,18,152.5,18,0.03,0.025556,0.034444,0.03,0.025556,0.034444,1.0,1.0,1.0,0,1.0,0
jsonl,2,0.1,18,305.5,18,0.081111,0.08,0.083333,0.081111,0.08,0.083333,1.0,1.0,1.0,0,1.0,0
jsonl,3,0.15,18,458.0,18,0.128889,0.124444,0.133333,0.128889,0.124444,0.133333,1.0,1.0,1.0,0,1.0,0
jsonl,4,0.2,18,610.0,18,0.18,0.176667,0.183333,0.18,0.176667,0.183333,1.0,1.0,1.0,0,1.0,0
jsonl,5,0.25,18,762.5,18,0.226667,0.222222,0.231111,0.226667,0.222222,0.231111,1.0,1.0,1.0,0,1.0,0
jsonl,6,0.3,18,915.5,18,0.276667,0.273333,0.28,0.276667,0.273333,0.28,1.0,1.0,1.0,0,1.0,0
jsonl,7,0.35,18,1068.0,18,0.323333,0.32,0.326667,0.323333,0.32,0.326667,1.0,1.0,1.0,0,1.0,0
jsonl,8,0.4,18,1220.5,18,0.376667,0.373333,0.38,0.376667,0.373333,0.38,1.0,1.0,1.0,0,1.0,0
jsonl,9,0.45,18,1373.0,18,0.424444,0.421111,0.428889,0.424444,0.421111,0.428889,1.0,1.0,1.0,0,1.0,0
jsonl,10,0.5,18,1526.0,18,0.477778,0.474444,0.48,0.477778,0.474444,0.48,1.0,1.0,1.0,0,1.0,0
jsonl,11,0.55,18,1678.0,18,0.525556,0.522222,0.53,0.525556,0.522222,0.53,1.0,1.0,1.0,0,1.0,0
jsonl,12,0.6,18,1830.5,18,0.577778,0.574444,0.58,0.577778,0.574444,0.58,1.0,1.0,1.0,0,1.0,0
jsonl,13,0.65,18,1983.0,18,0.624444,0.621111,0.628889,0.624444,0.621111,0.628889,1.0,1.0,1.0,0,1.0,0
jsonl,14,0.7,18,2136.0,18,0.677778,0.674444,0.68,0.677778,0.674444,0.68,1.0,1.0,1.0,0,1.0,0
jsonl,15,0.75,18,2288.5,18,0.727778,0.723333,0.732222,0.727778,0.723333,0.732222,1.0,1.0,1.0,0,1.0,0
jsonl,16,0.8,18,2441.0,18,0.777778,0.773333,0.782222,0.777778,0.773333,0.782222,1.0,1.0,1.0,0,1.0,0
jsonl,17,0.85,18,2593.0,18,0.826667,0.821111,0.832222,0.826667,0.821111,0.832222,1.0,1.0,1.0,0,1.0,0
jsonl,18,0.9,18,2746.0,18,0.875556,0.871111,0.878889,0.875556,0.871111,0.878889,1.0,1.0,1.0,0,1.0,0
jsonl,19,0.95,18,2898.5,18,0.926667,0.921111,0.932222,0.926667,0.921111,0.932222,1.0,1.0,1.0,0,1.0,0
jsonl,20,1.0,18,3051.0,18,0.975556,0.971111,0.978889,0.975556,0.971111,0.978889,1.0,1.0,1.0,0,1.0,0
mini_tolerante,1,0.05,18,152.5,18,0.044444,0.04,0.048889,0.044444,0.04,0.048889,1.0,1.0,1.0,0,0.952381,2
mini_tolerante,2,0.1,18,305.5,18,0.124444,0.12,0.128889,0.124444,0.12,0.128889,1.0,1.0,1.0,0,0.982456,2
mini_tolerante,3,0.15,18,458.0,18,0.201111,0.192222,0.21,0.201111,0.192222,0.21,1.0,1.0,1.0,0,0.973118,5
mini_tolerante,4,0.2,18,610.0,18,0.281111,0.268889,0.292222,0.281111,0.27,0.293333,1.0,1.0,1.0,0,0.988281,3
mini_tolerante,5,0.25,18,762.5,18,0.355556,0.338889,0.372222,0.355556,0.338889,0.372222,1.0,1.0,1.0,0,1.0,0
mini_tolerante,6,0.3,18,915.5,18,0.437778,0.417778,0.457778,0.437778,0.417778,0.457778,1.0,1.0,1.0,0,1.0,0
mini_tolerante,7,0.35,18,1068.0,18,0.52,0.494444,0.545556,0.52,0.495556,0.545556,1.0,1.0,1.0,0,0.997868,1
mini_tolerante,8,0.4,18,1220.5,18,0.594444,0.564444,0.624444,0.594444,0.564444,0.624444,1.0,1.0,1.0,0,0.998134,1
mini_tolerante,9,0.45,18,1373.0,18,0.673333,0.64,0.706667,0.673333,0.641111,0.706667,1.0,1.0,1.0,0,0.998353,1
mini_tolerante,10,0.5,18,1526.0,18,0.754444,0.718889,0.793333,0.754444,0.717778,0.793333,1.0,1.0,1.0,0,0.998529,1
mini_tolerante,11,0.55,18,1678.0,17,0.827778,0.793306,0.864444,0.827778,0.792222,0.863333,1.0,1.0,1.0,0,1.0,0
mini_tolerante,12,0.6,18,1830.5,16,0.898889,0.863333,0.93,0.898889,0.864444,0.93,1.0,1.0,1.0,0,0.997534,2
mini_tolerante,13,0.65,18,1983.0,9,0.954444,0.922222,0.981111,0.954444,0.923333,0.981111,1.0,1.0,1.0,0,0.995365,4
mini_tolerante,14,0.7,18,2136.0,4,0.984444,0.962222,0.997778,0.984444,0.962194,0.998889,1.0,1.0,1.0,0,0.998873,1
mini_tolerante,15,0.75,18,2288.5,1,0.993333,0.98,1.0,0.993333,0.98,1.0,1.0,1.0,1.0,0,0.998883,1
mini_tolerante,16,0.8,18,2441.0,1,0.996667,0.99,1.0,0.996667,0.99,1.0,1.0,1.0,1.0,0,0.998886,1
mini_tolerante,17,0.85,18,2593.0,0,1.0,1.0,1.0,1.0,1.0,1.0,1.0,1.0,1.0,0,1.0,0
mini_tolerante,18,0.9,18,2746.0,0,1.0,1.0,1.0,1.0,1.0,1.0,1.0,1.0,1.0,0,1.0,0
mini_tolerante,19,0.95,18,2898.5,0,1.0,1.0,1.0,1.0,1.0,1.0,1.0,1.0,1.0,0,1.0,0
mini_tolerante,20,1.0,18,3051.0,0,1.0,1.0,1.0,1.0,1.0,1.0,1.0,1.0,1.0,0,1.0,0
json_objetos_completos,1,0.05,18,152.5,18,0.028889,0.024444,0.033333,0.028889,0.024444,0.033333,1.0,1.0,1.0,0,1.0,0
json_objetos_completos,2,0.1,18,305.5,18,0.082222,0.08,0.085556,0.082222,0.08,0.085556,1.0,1.0,1.0,0,1.0,0
json_objetos_completos,3,0.15,18,458.0,18,0.128889,0.124444,0.133333,0.128889,0.124444,0.133333,1.0,1.0,1.0,0,1.0,0
json_objetos_completos,4,0.2,18,610.0,18,0.181111,0.18,0.183333,0.181111,0.18,0.183333,1.0,1.0,1.0,0,1.0,0
json_objetos_completos,5,0.25,18,762.5,18,0.233333,0.228889,0.237778,0.233333,0.228889,0.237778,1.0,1.0,1.0,0,1.0,0
json_objetos_completos,6,0.3,18,915.5,18,0.278889,0.276667,0.28,0.278889,0.276667,0.28,1.0,1.0,1.0,0,1.0,0
json_objetos_completos,7,0.35,18,1068.0,18,0.332222,0.327778,0.336667,0.332222,0.327778,0.336667,1.0,1.0,1.0,0,1.0,0
json_objetos_completos,8,0.4,18,1220.5,18,0.378889,0.376667,0.38,0.378889,0.376667,0.38,1.0,1.0,1.0,0,1.0,0
json_objetos_completos,9,0.45,18,1373.0,18,0.436667,0.433333,0.44,0.436667,0.433333,0.44,1.0,1.0,1.0,0,1.0,0
json_objetos_completos,10,0.5,18,1526.0,18,0.481111,0.48,0.483333,0.481111,0.48,0.483333,1.0,1.0,1.0,0,1.0,0
json_objetos_completos,11,0.55,18,1678.0,18,0.537778,0.534444,0.54,0.537778,0.534444,0.54,1.0,1.0,1.0,0,1.0,0
json_objetos_completos,12,0.6,18,1830.5,18,0.582222,0.58,0.585556,0.582222,0.58,0.585556,1.0,1.0,1.0,0,1.0,0
json_objetos_completos,13,0.65,18,1983.0,18,0.638889,0.636667,0.64,0.638889,0.636667,0.64,1.0,1.0,1.0,0,1.0,0
json_objetos_completos,14,0.7,18,2136.0,18,0.683333,0.68,0.686667,0.683333,0.68,0.686667,1.0,1.0,1.0,0,1.0,0
json_objetos_completos,15,0.75,18,2288.5,18,0.74,0.74,0.74,0.74,0.74,0.74,1.0,1.0,1.0,0,1.0,0
json_objetos_completos,16,0.8,18,2441.0,18,0.787778,0.783333,0.792222,0.787778,0.783333,0.792222,1.0,1.0,1.0,0,1.0,0
json_objetos_completos,17,0.85,18,2593.0,18,0.84,0.84,0.84,0.84,0.84,0.84,1.0,1.0,1.0,0,1.0,0
json_objetos_completos,18,0.9,18,2746.0,18,0.887778,0.883333,0.892222,0.887778,0.883333,0.892222,1.0,1.0,1.0,0,1.0,0
json_objetos_completos,19,0.95,18,2898.5,18,0.94,0.94,0.94,0.94,0.94,0.94,1.0,1.0,1.0,0,1.0,0
json_objetos_completos,20,1.0,18,3051.0,0,1.0,1.0,1.0,1.0,1.0,1.0,1.0,1.0,1.0,0,1.0,0
mini_tolerante_sin_cola,1,0.05,18,152.5,18,0.044444,0.04,0.05,0.044444,0.04,0.048889,1.0,1.0,1.0,0,1.0,0
mini_tolerante_sin_cola,2,0.1,18,305.5,18,0.124444,0.12,0.13,0.124444,0.12,0.128889,1.0,1.0,1.0,0,1.0,0
mini_tolerante_sin_cola,3,0.15,18,458.0,18,0.201111,0.192222,0.21,0.201111,0.192222,0.21,1.0,1.0,1.0,0,1.0,0
mini_tolerante_sin_cola,4,0.2,18,610.0,18,0.281111,0.268889,0.292222,0.281111,0.268889,0.292222,1.0,1.0,1.0,0,1.0,0
mini_tolerante_sin_cola,5,0.25,18,762.5,18,0.355556,0.338889,0.372222,0.355556,0.338889,0.372222,1.0,1.0,1.0,0,1.0,0
mini_tolerante_sin_cola,6,0.3,18,915.5,18,0.436667,0.416667,0.456667,0.437778,0.417778,0.457778,0.997462,0.992288,1.0,0,1.0,0
mini_tolerante_sin_cola,7,0.35,18,1068.0,18,0.518889,0.494444,0.544444,0.52,0.495556,0.545556,0.997863,0.993521,1.0,0,1.0,0
mini_tolerante_sin_cola,8,0.4,18,1220.5,18,0.594444,0.565528,0.624444,0.594444,0.564444,0.624444,1.0,1.0,1.0,0,1.0,0
mini_tolerante_sin_cola,9,0.45,18,1373.0,18,0.673333,0.641111,0.707778,0.673333,0.64,0.706667,1.0,1.0,1.0,0,1.0,0
mini_tolerante_sin_cola,10,0.5,18,1526.0,18,0.752222,0.716667,0.791111,0.754444,0.717778,0.794444,0.997054,0.992604,1.0,0,1.0,0
mini_tolerante_sin_cola,11,0.55,18,1678.0,17,0.826667,0.79,0.862222,0.827778,0.792222,0.863333,0.998658,0.995907,1.0,0,1.0,0
mini_tolerante_sin_cola,12,0.6,18,1830.5,16,0.898889,0.864444,0.93,0.898889,0.864444,0.93,1.0,1.0,1.0,0,1.0,0
mini_tolerante_sin_cola,13,0.65,18,1983.0,9,0.954444,0.922222,0.981111,0.954444,0.922222,0.981111,1.0,1.0,1.0,0,1.0,0
mini_tolerante_sin_cola,14,0.7,18,2136.0,4,0.984444,0.962222,0.998889,0.984444,0.962222,0.997778,1.0,1.0,1.0,0,1.0,0
mini_tolerante_sin_cola,15,0.75,18,2288.5,1,0.993333,0.98,1.0,0.993333,0.98,1.0,1.0,1.0,1.0,0,1.0,0
mini_tolerante_sin_cola,16,0.8,18,2441.0,1,0.996667,0.99,1.0,0.996667,0.99,1.0,1.0,1.0,1.0,0,1.0,0
mini_tolerante_sin_cola,17,0.85,18,2593.0,0,1.0,1.0,1.0,1.0,1.0,1.0,1.0,1.0,1.0,0,1.0,0
mini_tolerante_sin_cola,18,0.9,18,2746.0,0,1.0,1.0,1.0,1.0,1.0,1.0,1.0,1.0,1.0,0,1.0,0
mini_tolerante_sin_cola,19,0.95,18,2898.5,0,1.0,1.0,1.0,1.0,1.0,1.0,1.0,1.0,1.0,0,1.0,0
mini_tolerante_sin_cola,20,1.0,18,3051.0,0,1.0,1.0,1.0,1.0,1.0,1.0,1.0,1.0,1.0,0,1.0,0
