documento,tipo,condicion,n_cortes,tokens_ref_json,tokens_texto,cortes_truncados,disponibles,recuperados,recall_disponibles,recuperados_sobre_solicitados_media,emitidos,precision,espurios,duplicados,completados_heuristicamente,cortes_disponibles_cero
a,dominio_sintetico,json_estricto,20,5216,5216,19,509,50,0.098232,0.05,50,1.0,0,0,0,0
a,dominio_sintetico,json_parcial_jiter,20,5216,5216,19,509,509,1.0,0.509,528,0.964015,19,0,0,0
a,dominio_sintetico,jsonl,20,5216,5263,20,503,503,1.0,0.503,503,1.0,0,0,0,0
a,dominio_sintetico,mini_tolerante,20,5216,3200,12,707,707,1.0,0.707,707,1.0,0,0,0,0
a,dominio_sintetico,json_objetos_completos,20,5216,5216,19,509,509,1.0,0.509,509,1.0,0,0,0,0
a,dominio_sintetico,mini_tolerante_sin_cola,20,5216,3200,12,707,706,0.998586,0.706,706,1.0,0,0,0,0
card,dominio_sintetico,json_estricto,20,3026,3026,19,508,50,0.098425,0.05,50,1.0,0,0,0,0
card,dominio_sintetico,json_parcial_jiter,20,3026,3026,19,508,508,1.0,0.508,527,0.963947,18,0,1,0
card,dominio_sintetico,jsonl,20,3026,3072,20,500,500,1.0,0.5,500,1.0,0,0,0,0
card,dominio_sintetico,mini_tolerante,20,3026,2075,13,668,668,1.0,0.668,669,0.998505,1,0,0,0
card,dominio_sintetico,json_objetos_completos,20,3026,3026,19,508,508,1.0,0.508,508,1.0,0,0,0,0
card,dominio_sintetico,mini_tolerante_sin_cola,20,3026,2075,13,668,667,0.998503,0.667,667,1.0,0,0,0,0
cat,dominio_sintetico,json_estricto,20,2455,2455,19,511,50,0.097847,0.05,50,1.0,0,0,0,0
cat,dominio_sintetico,json_parcial_jiter,20,2455,2455,19,511,511,1.0,0.511,530,0.964151,19,0,0,0
cat,dominio_sintetico,jsonl,20,2455,2501,20,499,499,1.0,0.499,499,1.0,0,0,0,0
cat,dominio_sintetico,mini_tolerante,20,2455,1516,12,706,706,1.0,0.706,706,1.0,0,0,0,0
cat,dominio_sintetico,json_objetos_completos,20,2455,2455,19,511,511,1.0,0.511,511,1.0,0,0,0,0
cat,dominio_sintetico,mini_tolerante_sin_cola,20,2455,1516,12,706,705,0.998584,0.705,705,1.0,0,0,0,0
cls,dominio_sintetico,json_estricto,20,2480,2480,19,513,50,0.097466,0.05,50,1.0,0,0,0,0
cls,dominio_sintetico,json_parcial_jiter,20,2480,2480,19,513,513,1.0,0.513,532,0.964286,19,0,0,0
cls,dominio_sintetico,jsonl,20,2480,2526,20,501,501,1.0,0.501,501,1.0,0,0,0,0
cls,dominio_sintetico,mini_tolerante,20,2480,1523,12,709,709,1.0,0.709,710,0.998592,1,0,0,0
cls,dominio_sintetico,json_objetos_completos,20,2480,2480,19,513,513,1.0,0.513,513,1.0,0,0,0,0
cls,dominio_sintetico,mini_tolerante_sin_cola,20,2480,1523,12,709,709,1.0,0.709,709,1.0,0,0,0,0
code,dominio_sintetico,json_estricto,20,3448,3448,19,507,50,0.098619,0.05,50,1.0,0,0,0,0
code,dominio_sintetico,json_parcial_jiter,20,3448,3448,19,507,507,1.0,0.507,526,0.963878,17,0,2,0
code,dominio_sintetico,jsonl,20,3448,3452,20,507,507,1.0,0.507,507,1.0,0,0,0,0
code,dominio_sintetico,mini_tolerante,20,3448,2486,14,652,652,1.0,0.652,656,0.993902,4,0,0,0
code,dominio_sintetico,json_objetos_completos,20,3448,3448,19,507,507,1.0,0.507,507,1.0,0,0,0,0
code,dominio_sintetico,mini_tolerante_sin_cola,20,3448,2486,14,652,652,1.0,0.652,652,1.0,0,0,0,0
comments,snapshot_prueba_publica,json_estricto,20,3455,3455,19,516,50,0.096899,0.05,50,1.0,0,0,0,0
comments,snapshot_prueba_publica,json_parcial_jiter,20,3455,3455,19,516,516,1.0,0.516,535,0.964486,19,0,0,0
comments,snapshot_prueba_publica,jsonl,20,3455,3502,20,508,508,1.0,0.508,508,1.0,0,0,0,0
comments,snapshot_prueba_publica,mini_tolerante,20,3455,2922,16,590,590,1.0,0.59,600,0.983333,10,0,0,0
comments,snapshot_prueba_publica,json_objetos_completos,20,3455,3455,19,516,516,1.0,0.516,516,1.0,0,0,0,0
comments,snapshot_prueba_publica,mini_tolerante_sin_cola,20,3455,2922,16,590,590,1.0,0.59,590,1.0,0,0,0,0
earthquakes,snapshot_real,json_estricto,20,12708,12708,19,516,50,0.096899,0.05,50,1.0,0,0,0,0
earthquakes,snapshot_real,json_parcial_jiter,20,12708,12708,19,516,516,1.0,0.516,535,0.964486,19,0,0,0
earthquakes,snapshot_real,jsonl,20,12708,12754,20,510,510,1.0,0.51,510,1.0,0,0,0,0
earthquakes,snapshot_real,mini_tolerante,20,12708,8214,12,688,688,1.0,0.688,688,1.0,0,0,0,0
earthquakes,snapshot_real,json_objetos_completos,20,12708,12708,19,516,516,1.0,0.516,516,1.0,0,0,0,0
earthquakes,snapshot_real,mini_tolerante_sin_cola,20,12708,8214,12,688,688,1.0,0.688,688,1.0,0,0,0,0
log,dominio_sintetico,json_estricto,20,3057,3057,19,511,50,0.097847,0.05,50,1.0,0,0,0,0
log,dominio_sintetico,json_parcial_jiter,20,3057,3057,19,511,511,1.0,0.511,530,0.964151,19,0,0,0
log,dominio_sintetico,jsonl,20,3057,3103,20,503,503,1.0,0.503,503,1.0,0,0,0,0
log,dominio_sintetico,mini_tolerante,20,3057,2105,13,671,671,1.0,0.671,671,1.0,0,0,0,0
log,dominio_sintetico,json_objetos_completos,20,3057,3057,19,511,511,1.0,0.511,511,1.0,0,0,0,0
log,dominio_sintetico,mini_tolerante_sin_cola,20,3057,2105,13,671,671,1.0,0.671,671,1.0,0,0,0,0
map,dominio_sintetico,json_estricto,20,1519,1519,19,507,50,0.098619,0.05,50,1.0,0,0,0,0
map,dominio_sintetico,json_parcial_jiter,20,1519,1519,19,507,507,1.0,0.507,526,0.963878,19,0,0,0
map,dominio_sintetico,jsonl,20,1519,1565,20,492,492,1.0,0.492,492,1.0,0,0,0,0
map,dominio_sintetico,mini_tolerante,20,1519,958,12,696,696,1.0,0.696,698,0.997135,2,0,0,0
map,dominio_sintetico,json_objetos_completos,20,1519,1519,19,507,507,1.0,0.507,507,1.0,0,0,0,0
map,dominio_sintetico,mini_tolerante_sin_cola,20,1519,958,12,696,696,1.0,0.696,696,1.0,0,0,0,0
ner,dominio_sintetico,json_estricto,20,1460,1460,19,506,50,0.098814,0.05,50,1.0,0,0,0,0
ner,dominio_sintetico,json_parcial_jiter,20,1460,1460,19,506,506,1.0,0.506,525,0.96381,17,0,2,0
ner,dominio_sintetico,jsonl,20,1460,1506,20,490,490,1.0,0.49,490,1.0,0,0,0,0
ner,dominio_sintetico,mini_tolerante,20,1460,856,11,716,716,1.0,0.716,717,0.998605,1,0,0,0
ner,dominio_sintetico,json_objetos_completos,20,1460,1460,19,506,506,1.0,0.506,506,1.0,0,0,0,0
ner,dominio_sintetico,mini_tolerante_sin_cola,20,1460,856,11,716,715,0.998603,0.715,715,1.0,0,0,0,0
products,snapshot_prueba_publica,json_estricto,20,21512,21512,19,507,50,0.098619,0.05,50,1.0,0,0,0,0
products,snapshot_prueba_publica,json_parcial_jiter,20,21512,21512,19,507,507,1.0,0.507,526,0.963878,19,0,0,0
products,snapshot_prueba_publica,jsonl,20,21512,21558,20,505,505,1.0,0.505,505,1.0,0,0,0,0
products,snapshot_prueba_publica,mini_tolerante,20,21512,15198,14,652,652,1.0,0.652,654,0.996942,2,0,0,0
products,snapshot_prueba_publica,json_objetos_completos,20,21512,21512,19,507,507,1.0,0.507,507,1.0,0,0,0,0
products,snapshot_prueba_publica,mini_tolerante_sin_cola,20,21512,15198,14,652,652,1.0,0.652,652,1.0,0,0,0,0
q,dominio_sintetico,json_estricto,20,6979,6979,19,511,50,0.097847,0.05,50,1.0,0,0,0,0
q,dominio_sintetico,json_parcial_jiter,20,6979,6979,19,511,511,1.0,0.511,530,0.964151,19,0,0,0
q,dominio_sintetico,jsonl,20,6979,7025,20,508,508,1.0,0.508,508,1.0,0,0,0,0
q,dominio_sintetico,mini_tolerante,20,6979,4653,13,681,681,1.0,0.681,685,0.994161,4,0,0,0
q,dominio_sintetico,json_objetos_completos,20,6979,6979,19,511,511,1.0,0.511,511,1.0,0,0,0,0
q,dominio_sintetico,mini_tolerante_sin_cola,20,6979,4653,13,681,681,1.0,0.681,681,1.0,0,0,0,0
r,dominio_sintetico,json_estricto,20,2241,2241,19,509,50,0.098232,0.05,50,1.0,0,0,0,0
r,dominio_sintetico,json_parcial_jiter,20,2241,2241,19,509,509,1.0,0.509,528,0.964015,19,0,0,0
r,dominio_sintetico,jsonl,20,2241,2287,20,500,500,1.0,0.5,500,1.0,0,0,0,0
r,dominio_sintetico,mini_tolerante,20,2241,1496,13,678,678,1.0,0.678,678,1.0,0,0,0,0
r,dominio_sintetico,json_objetos_completos,20,2241,2241,19,509,509,1.0,0.509,509,1.0,0,0,0,0
r,dominio_sintetico,mini_tolerante_sin_cola,20,2241,1496,13,678,678,1.0,0.678,678,1.0,0,0,0,0
s,dominio_sintetico,json_estricto,20,1916,1916,19,507,50,0.098619,0.05,50,1.0,0,0,0,0
s,dominio_sintetico,json_parcial_jiter,20,1916,1916,19,507,507,1.0,0.507,526,0.963878,18,0,1,0
s,dominio_sintetico,jsonl,20,1916,1962,20,497,497,1.0,0.497,497,1.0,0,0,0,0
s,dominio_sintetico,mini_tolerante,20,1916,1226,12,688,688,1.0,0.688,688,1.0,0,0,0,0
s,dominio_sintetico,json_objetos_completos,20,1916,1916,19,507,507,1.0,0.507,507,1.0,0,0,0,0
s,dominio_sintetico,mini_tolerante_sin_cola,20,1916,1226,12,688,688,1.0,0.688,688,1.0,0,0,0,0
sum,dominio_sintetico,json_estricto,20,3271,3271,19,510,50,0.098039,0.05,50,1.0,0,0,0,0
sum,dominio_sintetico,json_parcial_jiter,20,3271,3271,19,510,510,1.0,0.51,529,0.964083,19,0,0,0
sum,dominio_sintetico,jsonl,20,3271,3317,20,501,501,1.0,0.501,501,1.0,0,0,0,0
sum,dominio_sintetico,mini_tolerante,20,3271,2353,14,651,651,1.0,0.651,651,1.0,0,0,0,0
sum,dominio_sintetico,json_objetos_completos,20,3271,3271,19,510,510,1.0,0.51,510,1.0,0,0,0,0
sum,dominio_sintetico,mini_tolerante_sin_cola,20,3271,2353,14,651,651,1.0,0.651,651,1.0,0,0,0,0
tc,dominio_sintetico,json_estricto,20,3045,3045,19,510,50,0.098039,0.05,50,1.0,0,0,0,0
tc,dominio_sintetico,json_parcial_jiter,20,3045,3045,19,510,510,1.0,0.51,529,0.964083,19,0,0,0
tc,dominio_sintetico,jsonl,20,3045,3091,20,501,501,1.0,0.501,501,1.0,0,0,0,0
tc,dominio_sintetico,mini_tolerante,20,3045,1985,13,685,685,1.0,0.685,685,1.0,0,0,0,0
tc,dominio_sintetico,json_objetos_completos,20,3045,3045,19,510,510,1.0,0.51,510,1.0,0,0,0,0
tc,dominio_sintetico,mini_tolerante_sin_cola,20,3045,1985,13,685,684,0.99854,0.684,684,1.0,0,0,0,0
us,dominio_sintetico,json_estricto,20,2846,2846,19,509,50,0.098232,0.05,50,1.0,0,0,0,0
us,dominio_sintetico,json_parcial_jiter,20,2846,2846,19,509,509,1.0,0.509,528,0.964015,19,0,0,0
us,dominio_sintetico,jsonl,20,2846,2892,20,501,501,1.0,0.501,501,1.0,0,0,0,0
us,dominio_sintetico,mini_tolerante,20,2846,1840,12,692,692,1.0,0.692,692,1.0,0,0,0,0
us,dominio_sintetico,json_objetos_completos,20,2846,2846,19,509,509,1.0,0.509,509,1.0,0,0,0,0
us,dominio_sintetico,mini_tolerante_sin_cola,20,2846,1840,12,692,692,1.0,0.692,692,1.0,0,0,0,0
users,snapshot_prueba_publica,json_estricto,20,21984,21984,19,513,50,0.097466,0.05,50,1.0,0,0,0,0
users,snapshot_prueba_publica,json_parcial_jiter,20,21984,21984,19,513,513,1.0,0.513,532,0.964286,19,0,0,0
users,snapshot_prueba_publica,jsonl,20,21984,22030,20,511,511,1.0,0.511,511,1.0,0,0,0,0
users,snapshot_prueba_publica,mini_tolerante,20,21984,11183,10,748,748,1.0,0.748,748,1.0,0,0,0,0
users,snapshot_prueba_publica,json_objetos_completos,20,21984,21984,19,513,513,1.0,0.513,513,1.0,0,0,0,0
users,snapshot_prueba_publica,mini_tolerante_sin_cola,20,21984,11183,10,748,748,1.0,0.748,748,1.0,0,0,0,0
