condicion,estrato,n_documentos,n_cortes,n_cortes_disponibles_cero,n_cortes_truncados,recall_disponibles,recall_ic95_inf,recall_ic95_sup,recall_solo_truncados,recall_trunc_ic95_inf,recall_trunc_ic95_sup,minimo_por_documento,documento_minimo,recuperados_sobre_solicitados,rs_ic95_inf,rs_ic95_sup,disponibles_sobre_solicitados,ds_ic95_inf,ds_ic95_sup,precision,precision_ic95_inf,precision_ic95_sup,cortes_sin_emitidos_precision_null,registros_emitidos,registros_recuperados,registros_disponibles,espurios,duplicados,completados_heuristicamente,cortes_con_espurios,fraccion_cortes_con_espurios,fallos_lector
json_estricto,todos,18,360,0,342,0.098039,0.097773,0.098285,0.0,0.0,0.0,0.096899,comments,0.05,0.05,0.05,0.51,0.508722,0.511389,1.0,1.0,1.0,342,900,900,9180,0,0,0,0,0.0,0
json_estricto,dominios_sinteticos,14,280,0,266,0.098204,0.098012,0.098398,0.0,0.0,0.0,0.097466,cls,0.05,0.05,0.05,0.509143,0.508143,0.510143,1.0,1.0,1.0,266,700,700,7128,0,0,0,0,0.0,0
json_estricto,snapshots,4,80,0,76,0.097466,0.096899,0.098184,0.0,0.0,0.0,0.096899,comments,0.05,0.05,0.05,0.513,0.50925,0.516,1.0,1.0,1.0,76,200,200,2052,0,0,0,0,0.0,0
json_parcial_jiter,todos,18,360,0,342,1.0,1.0,1.0,1.0,1.0,1.0,1.0,a,0.51,0.508722,0.511389,0.51,0.508722,0.511389,0.964083,0.963996,0.964177,0,9522,9180,9180,336,0,6,336,0.933333,0
json_parcial_jiter,dominios_sinteticos,14,280,0,266,1.0,1.0,1.0,1.0,1.0,1.0,1.0,a,0.509143,0.508143,0.510143,0.509143,0.508143,0.510143,0.964025,0.963957,0.964093,0,7394,7128,7128,260,0,6,260,0.928571,0
json_parcial_jiter,snapshots,4,80,0,76,1.0,1.0,1.0,1.0,1.0,1.0,1.0,comments,0.513,0.50925,0.516,0.513,0.50925,0.516,0.964286,0.964032,0.964486,0,2128,2052,2052,76,0,0,76,0.95,0
jsonl,todos,18,360,0,360,1.0,1.0,1.0,1.0,1.0,1.0,1.0,a,0.502056,0.499444,0.504444,0.502056,0.499556,0.504556,1.0,1.0,1.0,0,9037,9037,9037,0,0,0,0,0.0,0
jsonl,dominios_sinteticos,14,280,0,280,1.0,1.0,1.0,1.0,1.0,1.0,1.0,a,0.500214,0.497643,0.502571,0.500214,0.497643,0.502571,1.0,1.0,1.0,0,7003,7003,7003,0,0,0,0,0.0,0
jsonl,snapshots,4,80,0,80,1.0,1.0,1.0,1.0,1.0,1.0,1.0,comments,0.5085,0.50625,0.5105,0.5085,0.50625,0.5105,1.0,1.0,1.0,0,2034,2034,2034,0,0,0,0,0.0,0
mini_tolerante,todos,18,360,0,228,1.0,1.0,1.0,1.0,1.0,1.0,1.0,a,0.682111,0.666722,0.69689,0.682111,0.666056,0.696167,0.997968,0.996087,0.999357,0,12303,12278,12278,25,0,0,25,0.069444,0
mini_tolerante,dominios_sinteticos,14,280,0,176,1.0,1.0,1.0,1.0,1.0,1.0,1.0,a,0.685714,0.675357,0.695859,0.685714,0.675357,0.695857,0.998648,0.997484,0.999586,0,9613,9600,9600,13,0,0,13,0.046429,0
mini_tolerante,snapshots,4,80,0,52,1.0,1.0,1.0,1.0,1.0,1.0,1.0,comments,0.6695,0.6145,0.724,0.6695,0.6145,0.724,0.995539,0.987942,1.0,0,2690,2678,2678,12,0,0,12,0.15,0
json_objetos_completos,todos,18,360,0,342,1.0,1.0,1.0,1.0,1.0,1.0,1.0,a,0.51,0.508722,0.511389,0.51,0.508722,0.511389,1.0,1.0,1.0,0,9180,9180,9180,0,0,0,0,0.0,0
json_objetos_completos,dominios_sinteticos,14,280,0,266,1.0,1.0,1.0,1.0,1.0,1.0,1.0,a,0.509143,0.508143,0.510143,0.509143,0.508143,0.510143,1.0,1.0,1.0,0,7128,7128,7128,0,0,0,0,0.0,0
json_objetos_completos,snapshots,4,80,0,76,1.0,1.0,1.0,1.0,1.0,1.0,1.0,comments,0.513,0.50925,0.516,0.513,0.50925,0.516,1.0,1.0,1.0,0,2052,2052,2052,0,0,0,0,0.0,0
mini_tolerante_sin_cola,todos,18,360,0,228,0.999593,0.999272,0.999839,0.999119,0.998394,0.999663,0.998503,card,0.681833,0.66611,0.696111,0.682111,0.666556,0.696333,1.0,1.0,1.0,0,12273,12273,12278,0,0,0,0,0.0,0
mini_tolerante_sin_cola,dominios_sinteticos,14,280,0,176,0.999479,0.999087,0.999792,0.998864,0.997972,0.99956,0.998503,card,0.685357,0.675071,0.695214,0.685714,0.675357,0.696,1.0,1.0,1.0,0,9595,9595,9600,0,0,0,0,0.0,0
mini_tolerante_sin_cola,snapshots,4,80,0,52,1.0,1.0,1.0,1.0,1.0,1.0,1.0,comments,0.6695,0.6145,0.724,0.6695,0.6145,0.724,1.0,1.0,1.0,0,2678,2678,2678,0,0,0,0,0.0,0
