tokenizador,formato,ancho,lote,k,media,mediana,min,max
cl100k_base,csv,3,1,5,-5.556,-5.556,-5.556,-5.556
cl100k_base,csv,3,10,5,-0.765,-0.769,-0.775,-0.746
cl100k_base,csv,3,100,5,-0.079,-0.079,-0.079,-0.078
cl100k_base,csv,3,1000,5,-0.016,-0.016,-0.016,-0.016
cl100k_base,csv,5,1,5,16.305,17.241,14.286,17.857
cl100k_base,csv,5,10,5,-0.768,-0.562,-2.174,0.552
cl100k_base,csv,5,100,5,-3.332,-3.484,-4.196,-2.548
cl100k_base,csv,5,1000,5,-3.292,-3.278,-3.477,-3.122
cl100k_base,csv,8,1,5,20.607,19.565,18.182,24.444
cl100k_base,csv,8,10,5,-1.537,-1.342,-2.349,-1.311
cl100k_base,csv,8,100,5,-5.74,-5.75,-6.109,-5.378
cl100k_base,csv,8,1000,5,-6.283,-6.275,-6.347,-6.193
cl100k_base,csv,12,1,5,33.606,33.784,32.0,34.667
cl100k_base,csv,12,10,5,1.992,1.996,1.566,2.407
cl100k_base,csv,12,100,5,-3.471,-3.401,-3.805,-3.184
cl100k_base,csv,12,1000,5,-4.221,-4.267,-4.305,-4.118
cl100k_base,csv,20,1,5,39.766,40.0,38.971,40.602
cl100k_base,csv,20,10,5,3.625,3.699,3.077,3.964
cl100k_base,csv,20,100,5,-3.046,-3.056,-3.233,-2.879
cl100k_base,csv,20,1000,5,-3.789,-3.784,-3.808,-3.771
cl100k_base,csv,32,1,5,43.811,43.842,43.137,44.335
cl100k_base,csv,32,10,5,3.092,3.02,2.79,3.384
cl100k_base,csv,32,100,5,-5.014,-5.0,-5.066,-4.974
cl100k_base,csv,32,1000,5,-5.907,-5.895,-5.958,-5.859
cl100k_base,csv,50,1,5,44.547,44.586,44.089,45.098
cl100k_base,csv,50,10,5,2.06,2.047,1.695,2.334
cl100k_base,csv,50,100,5,-6.12,-6.095,-6.21,-6.073
cl100k_base,csv,50,1000,5,-7.111,-7.122,-7.147,-7.068
cl100k_base,json_compact,3,1,5,42.424,42.424,42.424,42.424
cl100k_base,json_compact,3,10,5,34.3,34.171,33.498,35.0
cl100k_base,json_compact,3,100,5,32.486,32.504,32.375,32.533
cl100k_base,json_compact,3,1000,5,32.157,32.152,32.12,32.197
cl100k_base,json_compact,5,1,5,45.877,45.455,45.455,46.512
cl100k_base,json_compact,5,10,5,41.188,41.158,40.506,41.694
cl100k_base,json_compact,5,100,5,40.473,40.441,40.32,40.71
cl100k_base,json_compact,5,1000,5,40.393,40.414,40.343,40.426
cl100k_base,json_compact,8,1,5,42.736,42.188,42.188,44.262
cl100k_base,json_compact,8,10,5,39.739,39.723,39.412,39.96
cl100k_base,json_compact,8,100,5,39.119,39.15,39.022,39.238
cl100k_base,json_compact,8,1000,5,39.08,39.076,39.053,39.11
cl100k_base,json_compact,12,1,5,47.442,47.872,45.745,48.936
cl100k_base,json_compact,12,10,5,45.075,45.093,44.444,45.828
cl100k_base,json_compact,12,100,5,45.027,44.969,44.897,45.212
cl100k_base,json_compact,12,1000,5,45.013,45.016,44.967,45.043
cl100k_base,json_compact,20,1,5,48.673,48.408,47.799,49.682
cl100k_base,json_compact,20,10,5,48.11,48.171,47.973,48.184
cl100k_base,json_compact,20,100,5,47.886,47.861,47.81,47.983
cl100k_base,json_compact,20,1000,5,47.904,47.899,47.874,47.945
cl100k_base,json_compact,32,1,5,51.027,51.282,50.427,51.502
cl100k_base,json_compact,32,10,5,50.79,50.773,50.521,50.997
cl100k_base,json_compact,32,100,5,50.789,50.807,50.67,50.881
cl100k_base,json_compact,32,1000,5,50.75,50.74,50.718,50.792
cl100k_base,json_compact,50,1,5,50.856,50.568,50.425,51.724
cl100k_base,json_compact,50,10,5,50.646,50.561,50.486,50.87
cl100k_base,json_compact,50,100,5,50.712,50.728,50.654,50.747
cl100k_base,json_compact,50,1000,5,50.702,50.696,50.687,50.738
cl100k_base,json_pretty,3,1,5,69.355,69.355,69.355,69.355
cl100k_base,json_pretty,3,10,5,61.975,62.029,61.318,62.428
cl100k_base,json_pretty,3,100,5,60.284,60.288,60.218,60.357
cl100k_base,json_pretty,3,1000,5,59.98,59.97,59.946,60.02
cl100k_base,json_pretty,5,1,5,69.977,69.62,69.62,70.513
cl100k_base,json_pretty,5,10,5,64.631,64.603,63.985,65.107
cl100k_base,json_pretty,5,100,5,63.714,63.692,63.599,63.879
cl100k_base,json_pretty,5,1000,5,63.62,63.643,63.573,63.645
cl100k_base,json_pretty,8,1,5,65.921,65.421,65.421,67.308
cl100k_base,json_pretty,8,10,5,61.533,61.626,61.181,61.724
cl100k_base,json_pretty,8,100,5,60.738,60.747,60.642,60.81
cl100k_base,json_pretty,8,1000,5,60.675,60.67,60.654,60.698
cl100k_base,json_pretty,12,1,5,66.844,67.114,65.772,67.785
cl100k_base,json_pretty,12,10,5,63.477,63.501,62.993,64.02
cl100k_base,json_pretty,12,100,5,63.202,63.13,63.117,63.345
cl100k_base,json_pretty,12,1000,5,63.167,63.165,63.131,63.193
cl100k_base,json_pretty,20,1,5,65.768,65.678,65.126,66.525
cl100k_base,json_pretty,20,10,5,64.065,64.086,63.97,64.153
cl100k_base,json_pretty,20,100,5,63.757,63.741,63.698,63.824
cl100k_base,json_pretty,20,1000,5,63.753,63.748,63.728,63.785
cl100k_base,json_pretty,32,1,5,67.089,67.241,66.667,67.435
cl100k_base,json_pretty,32,10,5,66.11,66.114,65.907,66.24
cl100k_base,json_pretty,32,100,5,66.006,66.015,65.916,66.077
cl100k_base,json_pretty,32,1000,5,65.967,65.959,65.947,65.998
cl100k_base,json_pretty,50,1,5,66.616,66.409,66.281,67.315
cl100k_base,json_pretty,50,10,5,65.895,65.851,65.764,66.055
cl100k_base,json_pretty,50,100,5,65.879,65.89,65.837,65.902
cl100k_base,json_pretty,50,1000,5,65.865,65.858,65.851,65.89
cl100k_base,mini,3,1,5,0.0,0.0,0.0,0.0
cl100k_base,mini,3,10,5,0.0,0.0,0.0,0.0
cl100k_base,mini,3,100,5,0.0,0.0,0.0,0.0
cl100k_base,mini,3,1000,5,0.0,0.0,0.0,0.0
cl100k_base,mini,5,1,5,0.0,0.0,0.0,0.0
cl100k_base,mini,5,10,5,0.0,0.0,0.0,0.0
cl100k_base,mini,5,100,5,0.0,0.0,0.0,0.0
cl100k_base,mini,5,1000,5,0.0,0.0,0.0,0.0
cl100k_base,mini,8,1,5,0.0,0.0,0.0,0.0
cl100k_base,mini,8,10,5,0.0,0.0,0.0,0.0
cl100k_base,mini,8,100,5,0.0,0.0,0.0,0.0
cl100k_base,mini,8,1000,5,0.0,0.0,0.0,0.0
cl100k_base,mini,12,1,5,0.0,0.0,0.0,0.0
cl100k_base,mini,12,10,5,0.0,0.0,0.0,0.0
cl100k_base,mini,12,100,5,0.0,0.0,0.0,0.0
cl100k_base,mini,12,1000,5,0.0,0.0,0.0,0.0
cl100k_base,mini,20,1,5,0.0,0.0,0.0,0.0
cl100k_base,mini,20,10,5,0.0,0.0,0.0,0.0
cl100k_base,mini,20,100,5,0.0,0.0,0.0,0.0
cl100k_base,mini,20,1000,5,0.0,0.0,0.0,0.0
cl100k_base,mini,32,1,5,0.0,0.0,0.0,0.0
cl100k_base,mini,32,10,5,0.0,0.0,0.0,0.0
cl100k_base,mini,32,100,5,0.0,0.0,0.0,0.0
cl100k_base,mini,32,1000,5,0.0,0.0,0.0,0.0
cl100k_base,mini,50,1,5,0.0,0.0,0.0,0.0
cl100k_base,mini,50,10,5,0.0,0.0,0.0,0.0
cl100k_base,mini,50,100,5,0.0,0.0,0.0,0.0
cl100k_base,mini,50,1000,5,0.0,0.0,0.0,0.0
cl100k_base,toon,3,1,5,50.0,50.0,50.0,50.0
cl100k_base,toon,3,10,5,17.524,17.61,17.178,17.722
cl100k_base,toon,3,100,5,8.505,8.501,8.471,8.532
cl100k_base,toon,3,1000,5,7.427,7.423,7.418,7.438
cl100k_base,toon,5,1,5,51.037,51.02,50.0,52.083
cl100k_base,toon,5,10,5,13.122,13.527,11.737,14.286
cl100k_base,toon,5,100,5,3.342,3.205,2.561,4.063
cl100k_base,toon,5,1000,5,2.5,2.508,2.34,2.656
cl100k_base,toon,8,1,5,44.819,43.939,43.75,47.692
cl100k_base,toon,8,10,5,7.425,7.622,6.728,7.645
cl100k_base,toon,8,100,5,-1.487,-1.515,-1.83,-1.147
cl100k_base,toon,8,1000,5,-2.569,-2.563,-2.632,-2.482
cl100k_base,toon,12,1,5,47.673,47.872,46.316,48.421
cl100k_base,toon,12,10,5,7.907,7.917,7.563,8.23
cl100k_base,toon,12,100,5,-0.628,-0.555,-0.948,-0.367
cl100k_base,toon,12,1000,5,-1.734,-1.779,-1.818,-1.635
cl100k_base,toon,20,1,5,47.885,48.077,47.134,48.701
cl100k_base,toon,20,10,5,8.195,8.262,7.692,8.526
cl100k_base,toon,20,100,5,-0.043,-0.053,-0.214,0.12
cl100k_base,toon,20,1000,5,-0.968,-0.964,-0.989,-0.951
cl100k_base,toon,32,1,5,49.29,49.333,48.673,49.778
cl100k_base,toon,32,10,5,7.158,7.064,6.897,7.423
cl100k_base,toon,32,100,5,-1.852,-1.84,-1.911,-1.807
cl100k_base,toon,32,1000,5,-2.859,-2.849,-2.908,-2.812
cl100k_base,toon,50,1,5,48.204,48.214,47.761,48.78
cl100k_base,toon,50,10,5,4.791,4.775,4.432,5.048
cl100k_base,toon,50,100,5,-4.005,-3.981,-4.093,-3.96
cl100k_base,toon,50,1000,5,-5.069,-5.08,-5.105,-5.028
cl100k_base,toon_flat,3,1,5,50.0,50.0,50.0,50.0
cl100k_base,toon_flat,3,10,5,17.524,17.61,17.178,17.722
cl100k_base,toon_flat,3,100,5,8.505,8.501,8.471,8.532
cl100k_base,toon_flat,3,1000,5,7.427,7.423,7.418,7.438
cl100k_base,toon_flat,5,1,5,51.037,51.02,50.0,52.083
cl100k_base,toon_flat,5,10,5,13.122,13.527,11.737,14.286
cl100k_base,toon_flat,5,100,5,3.342,3.205,2.561,4.063
cl100k_base,toon_flat,5,1000,5,2.5,2.508,2.34,2.656
cl100k_base,toon_flat,8,1,5,44.819,43.939,43.75,47.692
cl100k_base,toon_flat,8,10,5,7.425,7.622,6.728,7.645
cl100k_base,toon_flat,8,100,5,-1.487,-1.515,-1.83,-1.147
cl100k_base,toon_flat,8,1000,5,-2.569,-2.563,-2.632,-2.482
cl100k_base,toon_flat,12,1,5,47.673,47.872,46.316,48.421
cl100k_base,toon_flat,12,10,5,7.907,7.917,7.563,8.23
cl100k_base,toon_flat,12,100,5,-0.628,-0.555,-0.948,-0.367
cl100k_base,toon_flat,12,1000,5,-1.734,-1.779,-1.818,-1.635
cl100k_base,toon_flat,20,1,5,47.885,48.077,47.134,48.701
cl100k_base,toon_flat,20,10,5,8.195,8.262,7.692,8.526
cl100k_base,toon_flat,20,100,5,-0.043,-0.053,-0.214,0.12
cl100k_base,toon_flat,20,1000,5,-0.968,-0.964,-0.989,-0.951
cl100k_base,toon_flat,32,1,5,49.29,49.333,48.673,49.778
cl100k_base,toon_flat,32,10,5,7.158,7.064,6.897,7.423
cl100k_base,toon_flat,32,100,5,-1.852,-1.84,-1.911,-1.807
cl100k_base,toon_flat,32,1000,5,-2.859,-2.849,-2.908,-2.812
cl100k_base,toon_flat,50,1,5,48.204,48.214,47.761,48.78
cl100k_base,toon_flat,50,10,5,4.791,4.775,4.432,5.048
cl100k_base,toon_flat,50,100,5,-4.005,-3.981,-4.093,-3.96
cl100k_base,toon_flat,50,1000,5,-5.069,-5.08,-5.105,-5.028
cl100k_base,xml,3,1,5,64.151,64.151,64.151,64.151
cl100k_base,xml,3,10,5,67.035,67.168,66.501,67.337
cl100k_base,xml,3,100,5,67.262,67.251,67.165,67.338
cl100k_base,xml,3,1000,5,67.187,67.176,67.159,67.225
cl100k_base,xml,5,1,5,67.76,67.568,67.123,68.493
cl100k_base,xml,5,10,5,69.756,69.802,69.028,70.216
cl100k_base,xml,5,100,5,69.951,69.924,69.792,70.135
cl100k_base,xml,5,1000,5,70.007,70.011,69.955,70.04
cl100k_base,xml,8,1,5,65.061,64.706,64.423,66.99
cl100k_base,xml,8,10,5,66.856,66.993,66.558,66.995
cl100k_base,xml,8,100,5,66.837,66.825,66.751,66.928
cl100k_base,xml,8,1000,5,66.845,66.841,66.822,66.875
cl100k_base,xml,12,1,5,68.695,68.79,67.722,69.427
cl100k_base,xml,12,10,5,69.557,69.58,69.199,69.917
cl100k_base,xml,12,100,5,69.757,69.719,69.686,69.876
cl100k_base,xml,12,1000,5,69.759,69.764,69.725,69.787
cl100k_base,xml,20,1,5,69.589,69.663,69.03,70.189
cl100k_base,xml,20,10,5,70.24,70.209,70.154,70.386
cl100k_base,xml,20,100,5,70.252,70.245,70.202,70.298
cl100k_base,xml,20,1000,5,70.265,70.264,70.245,70.285
cl100k_base,xml,32,1,5,71.655,71.675,71.287,71.96
cl100k_base,xml,32,10,5,72.29,72.323,72.15,72.336
cl100k_base,xml,32,100,5,72.335,72.337,72.269,72.39
cl100k_base,xml,32,1000,5,72.322,72.312,72.305,72.345
cl100k_base,xml,50,1,5,71.711,71.615,71.452,72.231
cl100k_base,xml,50,10,5,72.019,72.043,71.887,72.125
cl100k_base,xml,50,100,5,72.093,72.097,72.067,72.114
cl100k_base,xml,50,1000,5,72.088,72.084,72.075,72.105
cl100k_base,yaml,3,1,5,52.5,52.5,52.5,52.5
cl100k_base,yaml,3,10,5,47.825,47.809,47.059,48.413
cl100k_base,yaml,3,100,5,46.713,46.728,46.639,46.782
cl100k_base,yaml,3,1000,5,46.461,46.452,46.423,46.502
cl100k_base,yaml,5,1,5,54.087,53.846,52.941,54.902
cl100k_base,yaml,5,10,5,50.517,50.541,49.462,51.359
cl100k_base,yaml,5,100,5,49.972,49.958,49.719,50.239
cl100k_base,yaml,5,1000,5,49.926,49.952,49.856,49.994
cl100k_base,yaml,8,1,5,51.741,51.316,50.667,54.054
cl100k_base,yaml,8,10,5,49.902,49.834,49.427,50.411
cl100k_base,yaml,8,100,5,49.468,49.462,49.311,49.638
cl100k_base,yaml,8,1000,5,49.432,49.432,49.388,49.473
cl100k_base,yaml,12,1,5,56.13,56.637,54.867,56.757
cl100k_base,yaml,12,10,5,54.846,54.852,54.175,55.612
cl100k_base,yaml,12,100,5,54.813,54.75,54.682,54.976
cl100k_base,yaml,12,1000,5,54.771,54.786,54.71,54.807
cl100k_base,yaml,20,1,5,57.797,57.812,56.995,58.854
cl100k_base,yaml,20,10,5,57.541,57.528,57.424,57.642
cl100k_base,yaml,20,100,5,57.369,57.351,57.304,57.435
cl100k_base,yaml,20,1000,5,57.385,57.388,57.342,57.425
cl100k_base,yaml,32,1,5,59.661,59.717,59.011,60.211
cl100k_base,yaml,32,10,5,59.572,59.62,59.314,59.724
cl100k_base,yaml,32,100,5,59.592,59.598,59.469,59.689
cl100k_base,yaml,32,1000,5,59.555,59.537,59.532,59.596
cl100k_base,yaml,50,1,5,58.483,58.273,57.933,59.322
cl100k_base,yaml,50,10,5,58.273,58.254,58.055,58.468
cl100k_base,yaml,50,100,5,58.351,58.344,58.316,58.387
cl100k_base,yaml,50,1000,5,58.342,58.337,58.318,58.366
o200k_base,csv,3,1,5,-5.556,-5.556,-5.556,-5.556
o200k_base,csv,3,10,5,-0.765,-0.769,-0.775,-0.746
o200k_base,csv,3,100,5,-0.079,-0.079,-0.079,-0.078
o200k_base,csv,3,1000,5,-0.016,-0.016,-0.016,-0.016
o200k_base,csv,5,1,5,16.305,17.241,14.286,17.857
o200k_base,csv,5,10,5,-0.768,-0.562,-2.174,0.552
o200k_base,csv,5,100,5,-3.332,-3.484,-4.196,-2.548
o200k_base,csv,5,1000,5,-3.292,-3.278,-3.477,-3.122
o200k_base,csv,8,1,5,19.906,19.565,17.778,22.727
o200k_base,csv,8,10,5,-2.842,-3.072,-3.39,-2.02
o200k_base,csv,8,100,5,-7.343,-7.255,-7.706,-6.881
o200k_base,csv,8,1000,5,-7.792,-7.775,-7.854,-7.729
o200k_base,csv,12,1,5,33.242,33.784,31.081,34.667
o200k_base,csv,12,10,5,0.98,0.881,0.45,1.978
o200k_base,csv,12,100,5,-4.468,-4.494,-4.701,-4.117
o200k_base,csv,12,1000,5,-5.242,-5.245,-5.308,-5.14
o200k_base,csv,20,1,5,39.042,39.098,38.06,39.695
o200k_base,csv,20,10,5,2.93,3.077,2.199,3.222
o200k_base,csv,20,100,5,-3.638,-3.625,-3.891,-3.432
o200k_base,csv,20,1000,5,-4.358,-4.372,-4.4,-4.313
o200k_base,csv,32,1,5,42.8,42.714,42.289,43.216
o200k_base,csv,32,10,5,2.517,2.437,2.351,2.778
o200k_base,csv,32,100,5,-5.471,-5.489,-5.539,-5.4
o200k_base,csv,32,1000,5,-6.312,-6.315,-6.361,-6.263
o200k_base,csv,50,1,5,43.419,43.322,43.042,44.04
o200k_base,csv,50,10,5,1.063,1.064,0.887,1.352
o200k_base,csv,50,100,5,-7.227,-7.25,-7.318,-7.12
o200k_base,csv,50,1000,5,-8.26,-8.239,-8.307,-8.232
o200k_base,json_compact,3,1,5,44.118,44.118,44.118,44.118
o200k_base,json_compact,3,10,5,34.626,34.5,33.824,35.323
o200k_base,json_compact,3,100,5,32.522,32.54,32.411,32.569
o200k_base,json_compact,3,1000,5,32.16,32.155,32.124,32.201
o200k_base,json_compact,5,1,5,47.091,46.667,46.667,47.727
o200k_base,json_compact,5,10,5,41.377,41.346,40.694,41.883
o200k_base,json_compact,5,100,5,40.493,40.461,40.34,40.73
o200k_base,json_compact,5,1000,5,40.395,40.416,40.345,40.428
o200k_base,json_compact,8,1,5,43.628,43.077,43.077,45.161
o200k_base,json_compact,8,10,5,39.596,39.641,39.173,39.96
o200k_base,json_compact,8,100,5,38.894,38.931,38.761,38.976
o200k_base,json_compact,8,1000,5,38.834,38.83,38.809,38.863
o200k_base,json_compact,12,1,5,47.223,47.872,45.745,48.387
o200k_base,json_compact,12,10,5,44.37,44.403,43.68,45.214
o200k_base,json_compact,12,100,5,44.201,44.122,44.081,44.369
o200k_base,json_compact,12,1000,5,44.175,44.176,44.125,44.204
o200k_base,json_compact,20,1,5,47.95,47.742,47.134,49.032
o200k_base,json_compact,20,10,5,46.995,47.038,46.84,47.096
o200k_base,json_compact,20,100,5,46.707,46.679,46.631,46.81
o200k_base,json_compact,20,1000,5,46.722,46.719,46.685,46.769
o200k_base,json_compact,32,1,5,50.174,50.435,49.565,50.655
o200k_base,json_compact,32,10,5,49.628,49.628,49.327,49.861
o200k_base,json_compact,32,100,5,49.598,49.617,49.473,49.696
o200k_base,json_compact,32,1000,5,49.552,49.542,49.521,49.596
o200k_base,json_compact,50,1,5,49.596,49.419,49.133,50.44
o200k_base,json_compact,50,10,5,49.334,49.303,49.228,49.5
o200k_base,json_compact,50,100,5,49.329,49.338,49.288,49.353
o200k_base,json_compact,50,1000,5,49.31,49.301,49.289,49.353
o200k_base,json_pretty,3,1,5,69.355,69.355,69.355,69.355
o200k_base,json_pretty,3,10,5,61.975,62.029,61.318,62.428
o200k_base,json_pretty,3,100,5,60.284,60.288,60.218,60.357
o200k_base,json_pretty,3,1000,5,59.98,59.97,59.946,60.02
o200k_base,json_pretty,5,1,5,69.977,69.62,69.62,70.513
o200k_base,json_pretty,5,10,5,64.631,64.603,63.985,65.107
o200k_base,json_pretty,5,100,5,63.714,63.692,63.599,63.879
o200k_base,json_pretty,5,1000,5,63.62,63.643,63.573,63.645
o200k_base,json_pretty,8,1,5,65.921,65.421,65.421,67.308
o200k_base,json_pretty,8,10,5,61.426,61.499,61.034,61.675
o200k_base,json_pretty,8,100,5,60.639,60.65,60.524,60.725
o200k_base,json_pretty,8,1000,5,60.572,60.567,60.552,60.6
o200k_base,json_pretty,12,1,5,66.532,66.892,65.541,67.347
o200k_base,json_pretty,12,10,5,63.136,63.167,62.625,63.72
o200k_base,json_pretty,12,100,5,62.83,62.768,62.731,62.966
o200k_base,json_pretty,12,1000,5,62.793,62.793,62.754,62.818
o200k_base,json_pretty,20,1,5,65.3,65.236,64.681,66.094
o200k_base,json_pretty,20,10,5,63.516,63.544,63.412,63.597
o200k_base,json_pretty,20,100,5,63.189,63.169,63.129,63.258
o200k_base,json_pretty,20,1000,5,63.185,63.18,63.156,63.22
o200k_base,json_pretty,32,1,5,66.608,66.764,66.181,66.959
o200k_base,json_pretty,32,10,5,65.553,65.564,65.333,65.693
o200k_base,json_pretty,32,100,5,65.441,65.45,65.348,65.515
o200k_base,json_pretty,32,1000,5,65.4,65.391,65.379,65.431
o200k_base,json_pretty,50,1,5,65.922,65.815,65.558,66.601
o200k_base,json_pretty,50,10,5,65.261,65.254,65.187,65.38
o200k_base,json_pretty,50,100,5,65.202,65.211,65.172,65.22
o200k_base,json_pretty,50,1000,5,65.182,65.175,65.165,65.213
o200k_base,mini,3,1,5,0.0,0.0,0.0,0.0
o200k_base,mini,3,10,5,0.0,0.0,0.0,0.0
o200k_base,mini,3,100,5,0.0,0.0,0.0,0.0
o200k_base,mini,3,1000,5,0.0,0.0,0.0,0.0
o200k_base,mini,5,1,5,0.0,0.0,0.0,0.0
o200k_base,mini,5,10,5,0.0,0.0,0.0,0.0
o200k_base,mini,5,100,5,0.0,0.0,0.0,0.0
o200k_base,mini,5,1000,5,0.0,0.0,0.0,0.0
o200k_base,mini,8,1,5,0.0,0.0,0.0,0.0
o200k_base,mini,8,10,5,0.0,0.0,0.0,0.0
o200k_base,mini,8,100,5,0.0,0.0,0.0,0.0
o200k_base,mini,8,1000,5,0.0,0.0,0.0,0.0
o200k_base,mini,12,1,5,0.0,0.0,0.0,0.0
o200k_base,mini,12,10,5,0.0,0.0,0.0,0.0
o200k_base,mini,12,100,5,0.0,0.0,0.0,0.0
o200k_base,mini,12,1000,5,0.0,0.0,0.0,0.0
o200k_base,mini,20,1,5,0.0,0.0,0.0,0.0
o200k_base,mini,20,10,5,0.0,0.0,0.0,0.0
o200k_base,mini,20,100,5,0.0,0.0,0.0,0.0
o200k_base,mini,20,1000,5,0.0,0.0,0.0,0.0
o200k_base,mini,32,1,5,0.0,0.0,0.0,0.0
o200k_base,mini,32,10,5,0.0,0.0,0.0,0.0
o200k_base,mini,32,100,5,0.0,0.0,0.0,0.0
o200k_base,mini,32,1000,5,0.0,0.0,0.0,0.0
o200k_base,mini,50,1,5,0.0,0.0,0.0,0.0
o200k_base,mini,50,10,5,0.0,0.0,0.0,0.0
o200k_base,mini,50,100,5,0.0,0.0,0.0,0.0
o200k_base,mini,50,1000,5,0.0,0.0,0.0,0.0
o200k_base,toon,3,1,5,50.0,50.0,50.0,50.0
o200k_base,toon,3,10,5,17.524,17.61,17.178,17.722
o200k_base,toon,3,100,5,8.505,8.501,8.471,8.532
o200k_base,toon,3,1000,5,7.427,7.423,7.418,7.438
o200k_base,toon,5,1,5,51.037,51.02,50.0,52.083
o200k_base,toon,5,10,5,13.122,13.527,11.737,14.286
o200k_base,toon,5,100,5,3.342,3.205,2.561,4.063
o200k_base,toon,5,1000,5,2.5,2.508,2.34,2.656
o200k_base,toon,8,1,5,44.483,43.939,43.077,46.875
o200k_base,toon,8,10,5,6.341,6.211,5.864,7.055
o200k_base,toon,8,100,5,-2.963,-2.9,-3.3,-2.531
o200k_base,toon,8,1000,5,-3.974,-3.96,-4.033,-3.912
o200k_base,toon,12,1,5,47.447,47.872,45.745,48.421
o200k_base,toon,12,10,5,7.014,6.832,6.554,7.851
o200k_base,toon,12,100,5,-1.571,-1.589,-1.796,-1.25
o200k_base,toon,12,1000,5,-2.707,-2.71,-2.768,-2.607
o200k_base,toon,20,1,5,47.344,47.403,46.452,48.026
o200k_base,toon,20,10,5,7.565,7.692,6.897,7.853
o200k_base,toon,20,100,5,-0.6,-0.589,-0.833,-0.401
o200k_base,toon,20,1000,5,-1.507,-1.517,-1.547,-1.464
o200k_base,toon,32,1,5,48.469,48.416,47.982,48.869
o200k_base,toon,32,10,5,6.631,6.569,6.494,6.867
o200k_base,toon,32,100,5,-2.282,-2.29,-2.344,-2.216
o200k_base,toon,32,1000,5,-3.24,-3.245,-3.288,-3.191
o200k_base,toon,50,1,5,47.205,47.112,46.828,47.84
o200k_base,toon,50,10,5,3.848,3.851,3.676,4.114
o200k_base,toon,50,100,5,-5.072,-5.094,-5.161,-4.969
o200k_base,toon,50,1000,5,-6.178,-6.159,-6.225,-6.149
o200k_base,toon_flat,3,1,5,50.0,50.0,50.0,50.0
o200k_base,toon_flat,3,10,5,17.524,17.61,17.178,17.722
o200k_base,toon_flat,3,100,5,8.505,8.501,8.471,8.532
o200k_base,toon_flat,3,1000,5,7.427,7.423,7.418,7.438
o200k_base,toon_flat,5,1,5,51.037,51.02,50.0,52.083
o200k_base,toon_flat,5,10,5,13.122,13.527,11.737,14.286
o200k_base,toon_flat,5,100,5,3.342,3.205,2.561,4.063
o200k_base,toon_flat,5,1000,5,2.5,2.508,2.34,2.656
o200k_base,toon_flat,8,1,5,44.483,43.939,43.077,46.875
o200k_base,toon_flat,8,10,5,6.341,6.211,5.864,7.055
o200k_base,toon_flat,8,100,5,-2.963,-2.9,-3.3,-2.531
o200k_base,toon_flat,8,1000,5,-3.974,-3.96,-4.033,-3.912
o200k_base,toon_flat,12,1,5,47.447,47.872,45.745,48.421
o200k_base,toon_flat,12,10,5,7.014,6.832,6.554,7.851
o200k_base,toon_flat,12,100,5,-1.571,-1.589,-1.796,-1.25
o200k_base,toon_flat,12,1000,5,-2.707,-2.71,-2.768,-2.607
o200k_base,toon_flat,20,1,5,47.344,47.403,46.452,48.026
o200k_base,toon_flat,20,10,5,7.565,7.692,6.897,7.853
o200k_base,toon_flat,20,100,5,-0.6,-0.589,-0.833,-0.401
o200k_base,toon_flat,20,1000,5,-1.507,-1.517,-1.547,-1.464
o200k_base,toon_flat,32,1,5,48.469,48.416,47.982,48.869
o200k_base,toon_flat,32,10,5,6.631,6.569,6.494,6.867
o200k_base,toon_flat,32,100,5,-2.282,-2.29,-2.344,-2.216
o200k_base,toon_flat,32,1000,5,-3.24,-3.245,-3.288,-3.191
o200k_base,toon_flat,50,1,5,47.205,47.112,46.828,47.84
o200k_base,toon_flat,50,10,5,3.848,3.851,3.676,4.114
o200k_base,toon_flat,50,100,5,-5.072,-5.094,-5.161,-4.969
o200k_base,toon_flat,50,1000,5,-6.178,-6.159,-6.225,-6.149
o200k_base,xml,3,1,5,64.151,64.151,64.151,64.151
o200k_base,xml,3,10,5,67.035,67.168,66.501,67.337
o200k_base,xml,3,100,5,67.262,67.251,67.165,67.338
o200k_base,xml,3,1000,5,67.187,67.176,67.159,67.225
o200k_base,xml,5,1,5,67.76,67.568,67.123,68.493
o200k_base,xml,5,10,5,69.756,69.802,69.028,70.216
o200k_base,xml,5,100,5,69.951,69.924,69.792,70.135
o200k_base,xml,5,1000,5,70.007,70.011,69.955,70.04
o200k_base,xml,8,1,5,65.197,64.762,64.423,66.99
o200k_base,xml,8,10,5,66.863,67.029,66.522,67.067
o200k_base,xml,8,100,5,66.842,66.832,66.733,66.928
o200k_base,xml,8,1000,5,66.846,66.841,66.831,66.879
o200k_base,xml,12,1,5,68.213,68.387,67.308,68.831
o200k_base,xml,12,10,5,69.153,69.177,68.772,69.516
o200k_base,xml,12,100,5,69.334,69.291,69.277,69.447
o200k_base,xml,12,1000,5,69.337,69.342,69.304,69.366
o200k_base,xml,20,1,5,68.866,68.966,68.321,69.498
o200k_base,xml,20,10,5,69.52,69.492,69.442,69.657
o200k_base,xml,20,100,5,69.527,69.519,69.474,69.569
o200k_base,xml,20,1000,5,69.541,69.541,69.52,69.567
o200k_base,xml,32,1,5,70.95,70.992,70.558,71.247
o200k_base,xml,32,10,5,71.607,71.62,71.466,71.676
o200k_base,xml,32,100,5,71.633,71.635,71.565,71.686
o200k_base,xml,32,1000,5,71.621,71.612,71.604,71.643
o200k_base,xml,50,1,5,70.981,70.952,70.618,71.549
o200k_base,xml,50,10,5,71.345,71.338,71.299,71.399
o200k_base,xml,50,100,5,71.387,71.39,71.373,71.399
o200k_base,xml,50,1000,5,71.381,71.377,71.369,71.404
o200k_base,yaml,3,1,5,52.5,52.5,52.5,52.5
o200k_base,yaml,3,10,5,47.825,47.809,47.059,48.413
o200k_base,yaml,3,100,5,46.713,46.728,46.639,46.782
o200k_base,yaml,3,1000,5,46.461,46.452,46.423,46.502
o200k_base,yaml,5,1,5,52.988,52.941,52.0,54.0
o200k_base,yaml,5,10,5,48.712,48.883,47.632,49.438
o200k_base,yaml,5,100,5,48.099,48.031,47.735,48.517
o200k_base,yaml,5,1000,5,48.114,48.099,48.032,48.188
o200k_base,yaml,8,1,5,49.022,48.611,47.887,51.429
o200k_base,yaml,8,10,5,46.462,46.655,45.922,46.924
o200k_base,yaml,8,100,5,45.812,45.835,45.609,45.954
o200k_base,yaml,8,1000,5,45.726,45.708,45.704,45.786
o200k_base,yaml,12,1,5,53.483,54.206,51.887,54.286
o200k_base,yaml,12,10,5,51.871,51.904,51.14,52.666
o200k_base,yaml,12,100,5,51.788,51.729,51.666,51.95
o200k_base,yaml,12,1000,5,51.744,51.754,51.683,51.793
o200k_base,yaml,20,1,5,54.99,55.0,54.144,56.111
o200k_base,yaml,20,10,5,54.458,54.43,54.37,54.567
o200k_base,yaml,20,100,5,54.24,54.232,54.151,54.311
o200k_base,yaml,20,1000,5,54.256,54.249,54.216,54.306
o200k_base,yaml,32,1,5,57.313,57.463,56.554,57.836
o200k_base,yaml,32,10,5,57.2,57.261,56.906,57.357
o200k_base,yaml,32,100,5,57.176,57.194,57.05,57.269
o200k_base,yaml,32,1000,5,57.139,57.123,57.113,57.183
o200k_base,yaml,50,1,5,55.94,55.838,55.33,56.997
o200k_base,yaml,50,10,5,55.812,55.805,55.679,55.955
o200k_base,yaml,50,100,5,55.849,55.865,55.799,55.88
o200k_base,yaml,50,1000,5,55.826,55.819,55.799,55.874
r50k_base,csv,3,1,5,12.609,12.5,12.5,13.043
r50k_base,csv,3,10,5,1.951,1.961,1.923,1.961
r50k_base,csv,3,100,5,0.208,0.208,0.207,0.209
r50k_base,csv,3,1000,5,0.021,0.021,0.021,0.021
r50k_base,csv,5,1,5,27.804,27.778,27.027,29.412
r50k_base,csv,5,10,5,4.701,4.695,4.566,4.785
r50k_base,csv,5,100,5,0.501,0.501,0.499,0.505
r50k_base,csv,5,1000,5,0.05,0.05,0.05,0.051
r50k_base,csv,8,1,5,35.012,35.0,34.426,36.207
r50k_base,csv,8,10,5,5.939,5.932,5.866,6.034
r50k_base,csv,8,100,5,0.634,0.633,0.633,0.638
r50k_base,csv,8,1000,5,0.064,0.064,0.064,0.064
r50k_base,csv,12,1,5,44.607,44.792,44.33,44.792
r50k_base,csv,12,10,5,8.335,8.35,8.175,8.532
r50k_base,csv,12,100,5,0.911,0.912,0.908,0.915
r50k_base,csv,12,1000,5,0.092,0.092,0.092,0.092
r50k_base,csv,20,1,5,50.243,50.0,49.425,51.497
r50k_base,csv,20,10,5,9.791,9.795,9.685,9.862
r50k_base,csv,20,100,5,1.075,1.074,1.073,1.079
r50k_base,csv,20,1000,5,0.109,0.109,0.108,0.109
r50k_base,csv,32,1,5,54.357,54.44,54.023,54.651
r50k_base,csv,32,10,5,11.062,11.076,11.016,11.102
r50k_base,csv,32,100,5,1.234,1.233,1.232,1.237
r50k_base,csv,32,1000,5,0.125,0.125,0.125,0.125
r50k_base,csv,50,1,5,54.063,54.061,53.652,54.476
r50k_base,csv,50,10,5,10.822,10.812,10.796,10.851
r50k_base,csv,50,100,5,1.203,1.204,1.2,1.205
r50k_base,csv,50,1000,5,0.122,0.122,0.122,0.122
r50k_base,json_compact,3,1,5,47.744,47.5,47.5,48.718
r50k_base,json_compact,3,10,5,42.134,42.085,41.603,42.529
r50k_base,json_compact,3,100,5,41.295,41.282,41.227,41.364
r50k_base,json_compact,3,1000,5,40.97,40.969,40.929,41.022
r50k_base,json_compact,5,1,5,50.023,50.0,49.057,52.0
r50k_base,json_compact,5,10,5,46.888,46.859,46.134,47.354
r50k_base,json_compact,5,100,5,46.305,46.293,46.156,46.457
r50k_base,json_compact,5,1000,5,46.22,46.22,46.19,46.252
r50k_base,json_compact,8,1,5,48.694,48.684,48.052,50.0
r50k_base,json_compact,8,10,5,46.529,46.463,46.166,46.916
r50k_base,json_compact,8,100,5,46.066,46.047,45.989,46.203
r50k_base,json_compact,8,1000,5,46.049,46.046,46.024,46.079
r50k_base,json_compact,12,1,5,52.99,53.509,52.212,53.509
r50k_base,json_compact,12,10,5,52.031,52.081,51.31,52.959
r50k_base,json_compact,12,100,5,51.938,51.928,51.793,52.104
r50k_base,json_compact,12,1000,5,51.9,51.902,51.862,51.926
r50k_base,json_compact,20,1,5,55.164,54.737,54.167,56.684
r50k_base,json_compact,20,10,5,55.024,55.077,54.715,55.163
r50k_base,json_compact,20,100,5,54.771,54.733,54.724,54.861
r50k_base,json_compact,20,1000,5,54.77,54.765,54.741,54.805
r50k_base,json_compact,32,1,5,57.502,57.5,56.989,57.914
r50k_base,json_compact,32,10,5,57.252,57.267,57.051,57.46
r50k_base,json_compact,32,100,5,57.262,57.253,57.18,57.342
r50k_base,json_compact,32,1000,5,57.221,57.221,57.192,57.246
r50k_base,json_compact,50,1,5,56.154,56.068,55.663,56.691
r50k_base,json_compact,50,10,5,56.069,56.031,55.967,56.195
r50k_base,json_compact,50,100,5,56.081,56.098,56.018,56.123
r50k_base,json_compact,50,1000,5,56.101,56.095,56.08,56.133
r50k_base,json_pretty,3,1,5,78.107,77.895,77.895,78.723
r50k_base,json_pretty,3,10,5,74.638,74.79,74.286,74.79
r50k_base,json_pretty,3,100,5,74.24,74.261,74.128,74.305
r50k_base,json_pretty,3,1000,5,74.018,74.012,73.988,74.05
r50k_base,json_pretty,5,1,5,79.038,79.032,78.4,80.328
r50k_base,json_pretty,5,10,5,77.138,77.191,76.596,77.463
r50k_base,json_pretty,5,100,5,76.731,76.724,76.625,76.849
r50k_base,json_pretty,5,1000,5,76.675,76.667,76.649,76.702
r50k_base,json_pretty,8,1,5,77.196,77.193,76.744,78.107
r50k_base,json_pretty,8,10,5,75.494,75.461,75.257,75.796
r50k_base,json_pretty,8,100,5,75.132,75.108,75.081,75.244
r50k_base,json_pretty,8,1000,5,75.12,75.118,75.106,75.139
r50k_base,json_pretty,12,1,5,77.353,77.542,77.021,77.637
r50k_base,json_pretty,12,10,5,76.282,76.305,75.838,76.846
r50k_base,json_pretty,12,100,5,76.139,76.13,76.062,76.228
r50k_base,json_pretty,12,1000,5,76.101,76.099,76.081,76.116
r50k_base,json_pretty,20,1,5,77.123,76.944,76.471,78.108
r50k_base,json_pretty,20,10,5,76.487,76.512,76.286,76.614
r50k_base,json_pretty,20,100,5,76.273,76.253,76.243,76.339
r50k_base,json_pretty,20,1000,5,76.264,76.261,76.247,76.283
r50k_base,json_pretty,32,1,5,78.489,78.506,78.261,78.689
r50k_base,json_pretty,32,10,5,77.993,78.015,77.892,78.078
r50k_base,json_pretty,32,100,5,77.95,77.938,77.907,77.994
r50k_base,json_pretty,32,1000,5,77.923,77.925,77.908,77.936
r50k_base,json_pretty,50,1,5,77.986,77.981,77.67,78.293
r50k_base,json_pretty,50,10,5,77.717,77.697,77.671,77.795
r50k_base,json_pretty,50,100,5,77.693,77.703,77.653,77.724
r50k_base,json_pretty,50,1000,5,77.705,77.702,77.692,77.723
r50k_base,mini,3,1,5,0.0,0.0,0.0,0.0
r50k_base,mini,3,10,5,0.0,0.0,0.0,0.0
r50k_base,mini,3,100,5,0.0,0.0,0.0,0.0
r50k_base,mini,3,1000,5,0.0,0.0,0.0,0.0
r50k_base,mini,5,1,5,0.0,0.0,0.0,0.0
r50k_base,mini,5,10,5,0.0,0.0,0.0,0.0
r50k_base,mini,5,100,5,0.0,0.0,0.0,0.0
r50k_base,mini,5,1000,5,0.0,0.0,0.0,0.0
r50k_base,mini,8,1,5,0.0,0.0,0.0,0.0
r50k_base,mini,8,10,5,0.0,0.0,0.0,0.0
r50k_base,mini,8,100,5,0.0,0.0,0.0,0.0
r50k_base,mini,8,1000,5,0.0,0.0,0.0,0.0
r50k_base,mini,12,1,5,0.0,0.0,0.0,0.0
r50k_base,mini,12,10,5,0.0,0.0,0.0,0.0
r50k_base,mini,12,100,5,0.0,0.0,0.0,0.0
r50k_base,mini,12,1000,5,0.0,0.0,0.0,0.0
r50k_base,mini,20,1,5,0.0,0.0,0.0,0.0
r50k_base,mini,20,10,5,0.0,0.0,0.0,0.0
r50k_base,mini,20,100,5,0.0,0.0,0.0,0.0
r50k_base,mini,20,1000,5,0.0,0.0,0.0,0.0
r50k_base,mini,32,1,5,0.0,0.0,0.0,0.0
r50k_base,mini,32,10,5,0.0,0.0,0.0,0.0
r50k_base,mini,32,100,5,0.0,0.0,0.0,0.0
r50k_base,mini,32,1000,5,0.0,0.0,0.0,0.0
r50k_base,mini,50,1,5,0.0,0.0,0.0,0.0
r50k_base,mini,50,10,5,0.0,0.0,0.0,0.0
r50k_base,mini,50,100,5,0.0,0.0,0.0,0.0
r50k_base,mini,50,1000,5,0.0,0.0,0.0,0.0
r50k_base,toon,3,1,5,53.576,53.333,53.333,54.545
r50k_base,toon,3,10,5,17.955,18.033,17.742,18.033
r50k_base,toon,3,100,5,7.878,7.88,7.834,7.905
r50k_base,toon,3,1000,5,6.616,6.615,6.609,6.625
r50k_base,toon,5,1,5,54.406,54.386,53.448,56.364
r50k_base,toon,5,10,5,16.478,16.461,16.064,16.736
r50k_base,toon,5,100,5,6.147,6.147,6.115,6.185
r50k_base,toon,5,1000,5,4.941,4.939,4.935,4.947
r50k_base,toon,8,1,5,51.861,51.852,51.22,53.165
r50k_base,toon,8,10,5,13.296,13.281,13.144,13.492
r50k_base,toon,8,100,5,4.108,4.104,4.099,4.13
r50k_base,toon,8,1000,5,3.073,3.072,3.07,3.076
r50k_base,toon,12,1,5,54.515,54.701,54.237,54.701
r50k_base,toon,12,10,5,13.372,13.394,13.129,13.67
r50k_base,toon,12,100,5,3.369,3.37,3.356,3.382
r50k_base,toon,12,1000,5,2.223,2.223,2.221,2.225
r50k_base,toon,20,1,5,55.679,55.44,54.872,56.915
r50k_base,toon,20,10,5,12.77,12.775,12.636,12.86
r50k_base,toon,20,100,5,2.536,2.534,2.532,2.545
r50k_base,toon,20,1000,5,1.378,1.378,1.377,1.379
r50k_base,toon,32,1,5,57.775,57.857,57.447,58.065
r50k_base,toon,32,10,5,13.108,13.124,13.053,13.154
r50k_base,toon,32,100,5,2.261,2.26,2.256,2.266
r50k_base,toon,32,1000,5,1.018,1.018,1.017,1.018
r50k_base,toon,50,1,5,56.387,56.386,55.981,56.796
r50k_base,toon,50,10,5,12.161,12.15,12.132,12.193
r50k_base,toon,50,100,5,1.868,1.869,1.864,1.871
r50k_base,toon,50,1000,5,0.701,0.701,0.7,0.701
r50k_base,toon_flat,3,1,5,53.576,53.333,53.333,54.545
r50k_base,toon_flat,3,10,5,17.955,18.033,17.742,18.033
r50k_base,toon_flat,3,100,5,7.878,7.88,7.834,7.905
r50k_base,toon_flat,3,1000,5,6.616,6.615,6.609,6.625
r50k_base,toon_flat,5,1,5,54.406,54.386,53.448,56.364
r50k_base,toon_flat,5,10,5,16.478,16.461,16.064,16.736
r50k_base,toon_flat,5,100,5,6.147,6.147,6.115,6.185
r50k_base,toon_flat,5,1000,5,4.941,4.939,4.935,4.947
r50k_base,toon_flat,8,1,5,51.861,51.852,51.22,53.165
r50k_base,toon_flat,8,10,5,13.296,13.281,13.144,13.492
r50k_base,toon_flat,8,100,5,4.108,4.104,4.099,4.13
r50k_base,toon_flat,8,1000,5,3.073,3.072,3.07,3.076
r50k_base,toon_flat,12,1,5,54.515,54.701,54.237,54.701
r50k_base,toon_flat,12,10,5,13.372,13.394,13.129,13.67
r50k_base,toon_flat,12,100,5,3.369,3.37,3.356,3.382
r50k_base,toon_flat,12,1000,5,2.223,2.223,2.221,2.225
r50k_base,toon_flat,20,1,5,55.679,55.44,54.872,56.915
r50k_base,toon_flat,20,10,5,12.77,12.775,12.636,12.86
r50k_base,toon_flat,20,100,5,2.536,2.534,2.532,2.545
r50k_base,toon_flat,20,1000,5,1.378,1.378,1.377,1.379
r50k_base,toon_flat,32,1,5,57.775,57.857,57.447,58.065
r50k_base,toon_flat,32,10,5,13.108,13.124,13.053,13.154
r50k_base,toon_flat,32,100,5,2.261,2.26,2.256,2.266
r50k_base,toon_flat,32,1000,5,1.018,1.018,1.017,1.018
r50k_base,toon_flat,50,1,5,56.387,56.386,55.981,56.796
r50k_base,toon_flat,50,10,5,12.161,12.15,12.132,12.193
r50k_base,toon_flat,50,100,5,1.868,1.869,1.864,1.871
r50k_base,toon_flat,50,1000,5,0.701,0.701,0.7,0.701
r50k_base,xml,3,1,5,72.561,72.368,72.368,73.333
r50k_base,xml,3,10,5,75.311,75.41,75.041,75.41
r50k_base,xml,3,100,5,75.819,75.824,75.709,75.888
r50k_base,xml,3,1000,5,75.712,75.708,75.689,75.737
r50k_base,xml,5,1,5,75.246,75.238,74.528,76.699
r50k_base,xml,5,10,5,77.538,77.519,77.008,77.864
r50k_base,xml,5,100,5,77.684,77.684,77.588,77.798
r50k_base,xml,5,1000,5,77.69,77.683,77.669,77.715
r50k_base,xml,8,1,5,74.842,74.839,74.359,75.817
r50k_base,xml,8,10,5,76.287,76.265,76.048,76.593
r50k_base,xml,8,100,5,76.322,76.303,76.282,76.424
r50k_base,xml,8,1000,5,76.35,76.348,76.331,76.37
r50k_base,xml,12,1,5,77.121,77.253,76.923,77.253
r50k_base,xml,12,10,5,78.333,78.368,77.975,78.766
r50k_base,xml,12,100,5,78.439,78.445,78.373,78.51
r50k_base,xml,12,1000,5,78.432,78.431,78.415,78.445
r50k_base,xml,20,1,5,78.224,78.061,77.665,79.07
r50k_base,xml,20,10,5,78.939,78.947,78.738,79.073
r50k_base,xml,20,100,5,78.903,78.888,78.878,78.964
r50k_base,xml,20,1000,5,78.903,78.899,78.89,78.917
r50k_base,xml,32,1,5,80.081,80.135,79.866,80.27
r50k_base,xml,32,10,5,80.467,80.489,80.392,80.531
r50k_base,xml,32,100,5,80.509,80.501,80.477,80.545
r50k_base,xml,32,1000,5,80.495,80.497,80.485,80.505
r50k_base,xml,50,1,5,79.686,79.686,79.418,79.955
r50k_base,xml,50,10,5,79.975,79.959,79.932,80.023
r50k_base,xml,50,100,5,80.008,80.02,79.975,80.032
r50k_base,xml,50,1000,5,80.026,80.024,80.014,80.04
r50k_base,yaml,3,1,5,51.628,51.163,51.163,52.381
r50k_base,yaml,3,10,5,44.68,45.055,43.956,45.055
r50k_base,yaml,3,100,5,43.852,43.85,43.718,43.938
r50k_base,yaml,3,1000,5,43.489,43.473,43.43,43.563
r50k_base,yaml,5,1,5,53.748,53.571,51.786,56.364
r50k_base,yaml,5,10,5,50.466,50.498,49.639,51.106
r50k_base,yaml,5,100,5,49.688,49.734,49.366,49.886
r50k_base,yaml,5,1000,5,49.668,49.657,49.614,49.746
r50k_base,yaml,8,1,5,53.687,53.571,52.381,54.878
r50k_base,yaml,8,10,5,51.7,51.599,51.371,52.123
r50k_base,yaml,8,100,5,51.159,51.17,51.032,51.266
r50k_base,yaml,8,1000,5,51.119,51.127,51.095,51.137
r50k_base,yaml,12,1,5,57.2,57.937,55.738,57.937
r50k_base,yaml,12,10,5,56.366,56.296,55.607,57.433
r50k_base,yaml,12,100,5,56.269,56.22,56.15,56.421
r50k_base,yaml,12,1000,5,56.229,56.231,56.201,56.246
r50k_base,yaml,20,1,5,59.849,59.434,58.685,61.792
r50k_base,yaml,20,10,5,59.744,59.757,59.495,59.918
r50k_base,yaml,20,100,5,59.41,59.392,59.347,59.513
r50k_base,yaml,20,1000,5,59.421,59.419,59.401,59.452
r50k_base,yaml,32,1,5,62.365,62.3,62.025,62.739
r50k_base,yaml,32,10,5,62.165,62.166,62.008,62.308
r50k_base,yaml,32,100,5,62.144,62.119,62.094,62.208
r50k_base,yaml,32,1000,5,62.101,62.106,62.073,62.123
r50k_base,yaml,50,1,5,61.143,61.159,60.515,61.72
r50k_base,yaml,50,10,5,61.046,61.008,60.941,61.223
r50k_base,yaml,50,100,5,61.037,61.043,60.969,61.097
r50k_base,yaml,50,1000,5,61.044,61.038,61.021,61.076
