codigo,tipo,valido,tipo_datos,perfil,lenguaje,orden_t1,variante_json,variante_mini,T1_json_resultado,T1_json_segundos,T1_json_ayudas,T1_mini_resultado,T1_mini_segundos,T1_mini_ayudas,T2_resultado,T2_segundos,T2_ayudas,T3_resultado,T3_segundos,T3_ayudas,T4_resultado,T4_segundos,T4_ayudas,sus_q1,sus_q2,sus_q3,sus_q4,sus_q5,sus_q6,sus_q7,sus_q8,sus_q9,sus_q10,sus_version,motivo_exclusion
EST-01,estudio,true,fixture_de_prueba,fixture,python,json_mini,A,B,completa_sin_ayuda,1200,0,completa_sin_ayuda,720,0,completa_sin_ayuda,600,0,completa_sin_ayuda,300,0,completa_sin_ayuda,700,0,4,2,4,2,4,2,4,2,4,2,fixture,
EST-02,estudio,true,fixture_de_prueba,fixture,python,mini_json,B,A,completa_sin_ayuda,1800,0,completa_sin_ayuda,1110,0,completa_sin_ayuda,700,0,completa_sin_ayuda,420,0,completa_sin_ayuda,800,0,3,3,3,3,3,3,3,3,3,3,fixture,
EST-03,estudio,true,fixture_de_prueba,fixture,python,json_mini,B,A,tiempo_agotado,,0,completa_con_ayuda,1500,1,completa_con_ayuda,800,1,completa_sin_ayuda,400,0,completa_con_ayuda,850,1,5,1,5,1,5,1,5,1,5,1,fixture,
EST-04,estudio,true,fixture_de_prueba,fixture,python,mini_json,A,B,completa_sin_ayuda,1620,0,completa_sin_ayuda,1770,0,completa_sin_ayuda,500,0,completa_sin_ayuda,350,0,tiempo_agotado,,0,1,5,1,5,1,5,1,5,1,5,fixture,
EST-05,estudio,true,fixture_de_prueba,fixture,python,json_mini,A,B,tiempo_agotado,,0,tiempo_agotado,,0,tiempo_agotado,,0,completa_sin_ayuda,550,0,completa_sin_ayuda,600,0,5,1,4,2,5,1,4,2,5,2,fixture,
EST-06,estudio,true,fixture_de_prueba,fixture,python,mini_json,B,A,completa_sin_ayuda,840,0,completa_sin_ayuda,480,0,completa_sin_ayuda,400,0,completa_sin_ayuda,250,0,completa_sin_ayuda,500,0,4,3,4,2,3,2,4,1,5,3,fixture,
EST-07,estudio,true,fixture_de_prueba,fixture,python,json_mini,B,A,completa_sin_ayuda,1560,0,completa_sin_ayuda,1260,0,completa_con_ayuda,890,1,completa_sin_ayuda,500,0,completa_con_ayuda,880,1,2,4,3,3,2,4,3,3,2,4,fixture,
EST-08,estudio,true,fixture_de_prueba,fixture,python,mini_json,A,B,tiempo_agotado,,0,abandono,,0,no_completa,,0,abandono,,0,abandono,,0,4,2,4,,4,2,4,2,4,2,fixture,
EST-09,estudio,true,fixture_de_prueba,fixture,python,json_mini,A,B,completa_sin_ayuda,1320,0,completa_sin_ayuda,900,0,completa_sin_ayuda,450,0,,,,completa_sin_ayuda,650,0,4,2,4,2,4,2,4,2,4,2,fixture,
PIL-01,piloto,true,fixture_de_prueba,fixture,python,json_mini,A,B,completa_sin_ayuda,60,0,completa_sin_ayuda,60,0,completa_sin_ayuda,60,0,completa_sin_ayuda,60,0,completa_sin_ayuda,60,0,5,1,5,1,5,1,5,1,5,1,fixture,
PIL-02,piloto,true,fixture_de_prueba,fixture,python,mini_json,B,A,completa_sin_ayuda,60,0,completa_sin_ayuda,60,0,completa_sin_ayuda,60,0,completa_sin_ayuda,60,0,completa_sin_ayuda,60,0,5,1,5,1,5,1,5,1,5,1,fixture,
EST-10,estudio,false,fixture_de_prueba,fixture,python,mini_json,A,B,completa_sin_ayuda,60,0,completa_sin_ayuda,60,0,completa_sin_ayuda,60,0,completa_sin_ayuda,60,0,completa_sin_ayuda,60,0,5,1,5,1,5,1,5,1,5,1,fixture,fixture: experiencia previa directa con mini-format
