dominio,metrica,publicado,reproducido,coincide
a,tokens_json_pretty,2097,2097,True
a,tokens_json_compact,1314,1314,True
a,tokens_yaml,1607,1607,True
a,tokens_xml,1859,1859,True
a,tokens_csv,811,811,True
a,tokens_toon,1537,1537,True
a,tokens_toon_flat,928,928,True
a,tokens_mini,813,813,True
a,mini_vs_json_compact_pct,38.1,38.1,True
a,mini_vs_toon_pct,47.1,47.1,True
a,mini_vs_toon_flat_pct,12.4,12.4,True
a,mini_vs_csv_pct,-0.2,-0.2,True
card,tokens_json_pretty,1151,1151,True
card,tokens_json_compact,753,753,True
card,tokens_yaml,852,852,True
card,tokens_xml,1244,1244,True
card,tokens_csv,493,493,True
card,tokens_toon,859,859,True
card,tokens_toon_flat,543,543,True
card,tokens_mini,523,523,True
card,mini_vs_json_compact_pct,30.5,30.5,True
card,mini_vs_toon_pct,39.1,39.1,True
card,mini_vs_toon_flat_pct,3.7,3.7,True
card,mini_vs_csv_pct,-6.1,-6.1,True
cat,tokens_json_pretty,1021,1021,True
cat,tokens_json_compact,609,609,True
cat,tokens_yaml,764,764,True
cat,tokens_xml,1140,1140,True
cat,tokens_csv,367,367,True
cat,tokens_toon,737,737,True
cat,tokens_toon_flat,406,406,True
cat,tokens_mini,381,381,True
cat,mini_vs_json_compact_pct,37.4,37.4,True
cat,mini_vs_toon_pct,48.3,48.3,True
cat,mini_vs_toon_flat_pct,6.2,6.2,True
cat,mini_vs_csv_pct,-3.8,-3.8,True
cls,tokens_json_pretty,1101,1101,True
cls,tokens_json_compact,615,615,True
cls,tokens_yaml,855,855,True
cls,tokens_xml,1151,1151,True
cls,tokens_csv,419,419,True
cls,tokens_toon,736,736,True
cls,tokens_toon_flat,472,472,True
cls,tokens_mini,384,384,True
cls,mini_vs_json_compact_pct,37.6,37.6,True
cls,mini_vs_toon_pct,47.8,47.8,True
cls,mini_vs_toon_flat_pct,18.6,18.6,True
cls,mini_vs_csv_pct,8.4,8.4,True
code,tokens_json_pretty,1282,1282,True
code,tokens_json_compact,848,848,True
code,tokens_yaml,950,950,True
code,tokens_xml,1436,1436,True
code,tokens_csv,569,569,True
code,tokens_toon,952,952,True
code,tokens_toon_flat,613,613,True
code,tokens_mini,613,613,True
code,mini_vs_json_compact_pct,27.7,27.7,True
code,mini_vs_toon_pct,35.6,35.6,True
code,mini_vs_toon_flat_pct,0.0,0.0,True
code,mini_vs_csv_pct,-7.7,-7.7,True
log,tokens_json_pretty,1144,1144,True
log,tokens_json_compact,755,755,True
log,tokens_yaml,887,887,True
log,tokens_xml,1230,1230,True
log,tokens_csv,496,496,True
log,tokens_toon,906,906,True
log,tokens_toon_flat,568,568,True
log,tokens_mini,524,524,True
log,mini_vs_json_compact_pct,30.6,30.6,True
log,mini_vs_toon_pct,42.2,42.2,True
log,mini_vs_toon_flat_pct,7.7,7.7,True
log,mini_vs_csv_pct,-5.6,-5.6,True
map,tokens_json_pretty,635,635,True
map,tokens_json_compact,388,388,True
map,tokens_yaml,428,428,True
map,tokens_xml,712,712,True
map,tokens_csv,220,220,True
map,tokens_toon,258,258,True
map,tokens_toon_flat,258,258,True
map,tokens_mini,252,252,True
map,mini_vs_json_compact_pct,35.1,35.1,True
map,mini_vs_toon_pct,2.3,2.3,True
map,mini_vs_toon_flat_pct,2.3,2.3,True
map,mini_vs_csv_pct,-14.5,-14.5,True
ner,tokens_json_pretty,659,659,True
ner,tokens_json_compact,375,375,True
ner,tokens_yaml,481,481,True
ner,tokens_xml,742,742,True
ner,tokens_csv,204,204,True
ner,tokens_toon,253,253,True
ner,tokens_toon_flat,253,253,True
ner,tokens_mini,227,227,True
ner,mini_vs_json_compact_pct,39.5,39.5,True
ner,mini_vs_toon_pct,10.3,10.3,True
ner,mini_vs_toon_flat_pct,10.3,10.3,True
ner,mini_vs_csv_pct,-11.3,-11.3,True
q,tokens_json_pretty,2626,2626,True
q,tokens_json_compact,1737,1737,True
q,tokens_yaml,2065,2065,True
q,tokens_xml,2422,2422,True
q,tokens_csv,1165,1165,True
q,tokens_toon,1999,1999,True
q,tokens_toon_flat,1284,1284,True
q,tokens_mini,1162,1162,True
q,mini_vs_json_compact_pct,33.1,33.1,True
q,mini_vs_toon_pct,41.9,41.9,True
q,mini_vs_toon_flat_pct,9.5,9.5,True
q,mini_vs_csv_pct,0.3,0.3,True
r,tokens_json_pretty,957,957,True
r,tokens_json_compact,562,562,True
r,tokens_yaml,696,696,True
r,tokens_xml,1134,1134,True
r,tokens_csv,373,373,True
r,tokens_toon,647,647,True
r,tokens_toon_flat,426,426,True
r,tokens_mini,380,380,True
r,mini_vs_json_compact_pct,32.4,32.4,True
r,mini_vs_toon_pct,41.3,41.3,True
r,mini_vs_toon_flat_pct,10.8,10.8,True
r,mini_vs_csv_pct,-1.9,-1.9,True
s,tokens_json_pretty,815,815,True
s,tokens_json_compact,482,482,True
s,tokens_yaml,585,585,True
s,tokens_xml,926,926,True
s,tokens_csv,278,278,True
s,tokens_toon,574,574,True
s,tokens_toon_flat,325,325,True
s,tokens_mini,314,314,True
s,mini_vs_json_compact_pct,34.9,34.9,True
s,mini_vs_toon_pct,45.3,45.3,True
s,mini_vs_toon_flat_pct,3.4,3.4,True
s,mini_vs_csv_pct,-12.9,-12.9,True
sum,tokens_json_pretty,1207,1207,True
sum,tokens_json_compact,813,813,True
sum,tokens_yaml,947,947,True
sum,tokens_xml,1356,1356,True
sum,tokens_csv,559,559,True
sum,tokens_toon,933,933,True
sum,tokens_toon_flat,612,612,True
sum,tokens_mini,591,591,True
sum,mini_vs_json_compact_pct,27.3,27.3,True
sum,mini_vs_toon_pct,36.7,36.7,True
sum,mini_vs_toon_flat_pct,3.4,3.4,True
sum,mini_vs_csv_pct,-5.7,-5.7,True
tc,tokens_json_pretty,1205,1205,True
tc,tokens_json_compact,758,758,True
tc,tokens_yaml,898,898,True
tc,tokens_xml,1388,1388,True
tc,tokens_csv,472,472,True
tc,tokens_toon,878,878,True
tc,tokens_toon_flat,522,522,True
tc,tokens_mini,499,499,True
tc,mini_vs_json_compact_pct,34.2,34.2,True
tc,mini_vs_toon_pct,43.2,43.2,True
tc,mini_vs_toon_flat_pct,4.4,4.4,True
tc,mini_vs_csv_pct,-5.7,-5.7,True
us,tokens_json_pretty,1121,1121,True
us,tokens_json_compact,705,705,True
us,tokens_yaml,806,806,True
us,tokens_xml,1294,1294,True
us,tokens_csv,442,442,True
us,tokens_toon,799,799,True
us,tokens_toon_flat,487,487,True
us,tokens_mini,459,459,True
us,mini_vs_json_compact_pct,34.9,34.9,True
us,mini_vs_toon_pct,42.6,42.6,True
us,mini_vs_toon_flat_pct,5.7,5.7,True
us,mini_vs_csv_pct,-3.8,-3.8,True
