dominio,tokenizador,n,perfil,instruccion,lotes,json_compacto_salida,mini_salida,ahorro_salida_pct,json_compacto_total_sin_instruccion,mini_instruccion,mini_total,ahorro_total_pct,json_instruccion_esquema,json_total_con_esquema,ahorro_total_con_esquema_pct,costo_instruccion_extra,json_abreviado_salida,ahorro_salida_vs_json_abreviado_pct
comentarios,cl100k_base,1,especializado,compacta_con_ejemplo,5,87.2,79.2,9.1743,87.2,301.0,381.2,-337.156,306.0,394.2,3.2978,-5.0,87.2,9.1743
comentarios,cl100k_base,1,especializado,compacta_sin_ejemplo,5,87.2,79.2,9.1743,87.2,153.0,232.2,-166.2844,140.0,228.2,-1.7528,13.0,87.2,9.1743
comentarios,cl100k_base,1,especializado,spec_block_con_ejemplo,5,87.2,79.2,9.1743,87.2,521.0,601.2,-589.4495,306.0,394.2,-52.5114,215.0,87.2,9.1743
comentarios,cl100k_base,1,especializado,spec_block_sin_ejemplo,5,87.2,79.2,9.1743,87.2,373.0,452.2,-418.578,140.0,228.2,-98.1595,233.0,87.2,9.1743
comentarios,cl100k_base,1,general_dominio,con_ejemplo,5,87.2,94.2,-8.0275,87.2,805.0,899.2,-931.1927,306.0,394.2,-128.1076,499.0,,
comentarios,cl100k_base,1,general_dominio,sin_ejemplo,5,87.2,94.2,-8.0275,87.2,636.0,730.2,-737.3853,140.0,228.2,-219.9825,496.0,,
comentarios,cl100k_base,1,general_fromschema,con_ejemplo,5,87.2,78.2,10.3211,87.2,508.0,587.2,-573.3945,306.0,394.2,-48.9599,202.0,,
comentarios,cl100k_base,1,general_fromschema,sin_ejemplo,5,87.2,78.2,10.3211,87.2,361.0,439.2,-403.6697,140.0,228.2,-92.4628,221.0,,
comentarios,cl100k_base,5,especializado,compacta_con_ejemplo,5,403.6,354.4,12.1903,403.6,301.0,656.4,-62.6363,306.0,710.6,7.6274,-5.0,403.6,12.1903
comentarios,cl100k_base,5,especializado,compacta_sin_ejemplo,5,403.6,354.4,12.1903,403.6,153.0,507.4,-25.7185,140.0,544.6,6.8307,13.0,403.6,12.1903
comentarios,cl100k_base,5,especializado,spec_block_con_ejemplo,5,403.6,354.4,12.1903,403.6,521.0,876.4,-117.1457,306.0,710.6,-23.3324,215.0,403.6,12.1903
comentarios,cl100k_base,5,especializado,spec_block_sin_ejemplo,5,403.6,354.4,12.1903,403.6,373.0,727.4,-80.2279,140.0,544.6,-33.5659,233.0,403.6,12.1903
comentarios,cl100k_base,5,general_dominio,con_ejemplo,5,403.6,365.4,9.4648,403.6,805.0,1170.4,-189.9901,306.0,710.6,-64.7059,499.0,,
comentarios,cl100k_base,5,general_dominio,sin_ejemplo,5,403.6,365.4,9.4648,403.6,636.0,1001.4,-148.1169,140.0,544.6,-83.8781,496.0,,
comentarios,cl100k_base,5,general_fromschema,con_ejemplo,5,403.6,353.4,12.4381,403.6,508.0,862.4,-113.6769,306.0,710.6,-21.3622,202.0,,
comentarios,cl100k_base,5,general_fromschema,sin_ejemplo,5,403.6,353.4,12.4381,403.6,361.0,714.4,-77.0069,140.0,544.6,-31.1788,221.0,,
comentarios,cl100k_base,10,especializado,compacta_con_ejemplo,5,807.2,708.0,12.2894,807.2,301.0,1010.0,-25.1239,306.0,1114.2,9.352,-5.0,807.2,12.2894
comentarios,cl100k_base,10,especializado,compacta_sin_ejemplo,5,807.2,708.0,12.2894,807.2,153.0,861.0,-6.665,140.0,948.2,9.1964,13.0,807.2,12.2894
comentarios,cl100k_base,10,especializado,spec_block_con_ejemplo,5,807.2,708.0,12.2894,807.2,521.0,1230.0,-52.3786,306.0,1114.2,-10.3931,215.0,807.2,12.2894
comentarios,cl100k_base,10,especializado,spec_block_sin_ejemplo,5,807.2,708.0,12.2894,807.2,373.0,1081.0,-33.9197,140.0,948.2,-14.0055,233.0,807.2,12.2894
comentarios,cl100k_base,10,general_dominio,con_ejemplo,5,807.2,723.0,10.4311,807.2,805.0,1528.0,-89.2963,306.0,1114.2,-37.1388,499.0,,
comentarios,cl100k_base,10,general_dominio,sin_ejemplo,5,807.2,723.0,10.4311,807.2,636.0,1359.0,-68.3598,140.0,948.2,-43.3242,496.0,,
comentarios,cl100k_base,10,general_fromschema,con_ejemplo,5,807.2,707.0,12.4133,807.2,508.0,1216.0,-50.6442,306.0,1114.2,-9.1366,202.0,,
comentarios,cl100k_base,10,general_fromschema,sin_ejemplo,5,807.2,707.0,12.4133,807.2,361.0,1068.0,-32.3092,140.0,948.2,-12.6345,221.0,,
comentarios,cl100k_base,25,especializado,compacta_con_ejemplo,5,2049.4,1798.6,12.2377,2049.4,301.0,2100.6,-2.4983,306.0,2356.4,10.8555,-5.0,2049.4,12.2377
comentarios,cl100k_base,25,especializado,compacta_sin_ejemplo,5,2049.4,1798.6,12.2377,2049.4,153.0,1951.6,4.7721,140.0,2190.4,10.9021,13.0,2049.4,12.2377
comentarios,cl100k_base,25,especializado,spec_block_con_ejemplo,5,2049.4,1798.6,12.2377,2049.4,521.0,2320.6,-13.2331,306.0,2356.4,1.5193,215.0,2049.4,12.2377
comentarios,cl100k_base,25,especializado,spec_block_sin_ejemplo,5,2049.4,1798.6,12.2377,2049.4,373.0,2171.6,-5.9627,140.0,2190.4,0.8583,233.0,2049.4,12.2377
comentarios,cl100k_base,25,general_dominio,con_ejemplo,5,2049.4,1813.6,11.5058,2049.4,805.0,2618.6,-27.774,306.0,2356.4,-11.1271,499.0,,
comentarios,cl100k_base,25,general_dominio,sin_ejemplo,5,2049.4,1813.6,11.5058,2049.4,636.0,2449.6,-19.5277,140.0,2190.4,-11.8335,496.0,,
comentarios,cl100k_base,25,general_fromschema,con_ejemplo,5,2049.4,1797.6,12.2865,2049.4,508.0,2306.6,-12.55,306.0,2356.4,2.1134,202.0,,
comentarios,cl100k_base,25,general_fromschema,sin_ejemplo,5,2049.4,1797.6,12.2865,2049.4,361.0,2158.6,-5.3284,140.0,2190.4,1.4518,221.0,,
comentarios,cl100k_base,50,especializado,compacta_con_ejemplo,5,4139.6,3635.6,12.1751,4139.6,301.0,3937.6,4.8797,306.0,4446.6,11.4469,-5.0,4139.6,12.1751
comentarios,cl100k_base,50,especializado,compacta_sin_ejemplo,5,4139.6,3635.6,12.1751,4139.6,153.0,3788.6,8.4791,140.0,4280.6,11.4937,13.0,4139.6,12.1751
comentarios,cl100k_base,50,especializado,spec_block_con_ejemplo,5,4139.6,3635.6,12.1751,4139.6,521.0,4157.6,-0.4348,306.0,4446.6,6.4993,215.0,4139.6,12.1751
comentarios,cl100k_base,50,especializado,spec_block_sin_ejemplo,5,4139.6,3635.6,12.1751,4139.6,373.0,4008.6,3.1646,140.0,4280.6,6.3542,233.0,4139.6,12.1751
comentarios,cl100k_base,50,general_dominio,con_ejemplo,5,4139.6,3650.6,11.8127,4139.6,805.0,4455.6,-7.6336,306.0,4446.6,-0.2024,499.0,,
comentarios,cl100k_base,50,general_dominio,sin_ejemplo,5,4139.6,3650.6,11.8127,4139.6,636.0,4286.6,-3.5511,140.0,4280.6,-0.1402,496.0,,
comentarios,cl100k_base,50,general_fromschema,con_ejemplo,5,4139.6,3634.6,12.1992,4139.6,508.0,4143.6,-0.0966,306.0,4446.6,6.8142,202.0,,
comentarios,cl100k_base,50,general_fromschema,sin_ejemplo,5,4139.6,3634.6,12.1992,4139.6,361.0,3995.6,3.4786,140.0,4280.6,6.6579,221.0,,
comentarios,cl100k_base,100,especializado,compacta_con_ejemplo,3,8295.3333,7285.6667,12.1715,8295.3333,301.0,7587.6667,8.5309,306.0,8602.3333,11.7952,-5.0,8295.3333,12.1715
comentarios,cl100k_base,100,especializado,compacta_sin_ejemplo,3,8295.3333,7285.6667,12.1715,8295.3333,153.0,7438.6667,10.3271,140.0,8436.3333,11.8258,13.0,8295.3333,12.1715
comentarios,cl100k_base,100,especializado,spec_block_con_ejemplo,3,8295.3333,7285.6667,12.1715,8295.3333,521.0,7807.6667,5.8788,306.0,8602.3333,9.2378,215.0,8295.3333,12.1715
comentarios,cl100k_base,100,especializado,spec_block_sin_ejemplo,3,8295.3333,7285.6667,12.1715,8295.3333,373.0,7658.6667,7.675,140.0,8436.3333,9.2181,233.0,8295.3333,12.1715
comentarios,cl100k_base,100,general_dominio,con_ejemplo,3,8295.3333,7300.6667,11.9907,8295.3333,805.0,8105.6667,2.2864,306.0,8602.3333,5.7736,499.0,,
comentarios,cl100k_base,100,general_dominio,sin_ejemplo,3,8295.3333,7300.6667,11.9907,8295.3333,636.0,7936.6667,4.3237,140.0,8436.3333,5.9228,496.0,,
comentarios,cl100k_base,100,general_fromschema,con_ejemplo,3,8295.3333,7284.6667,12.1836,8295.3333,508.0,7793.6667,6.0476,306.0,8602.3333,9.4006,202.0,,
comentarios,cl100k_base,100,general_fromschema,sin_ejemplo,3,8295.3333,7284.6667,12.1836,8295.3333,361.0,7645.6667,7.8317,140.0,8436.3333,9.3722,221.0,,
comentarios,cl100k_base,250,especializado,compacta_con_ejemplo,1,20682.0,18154.0,12.2232,20682.0,301.0,18456.0,10.763,306.0,20989.0,12.0682,-5.0,20682.0,12.2232
comentarios,cl100k_base,250,especializado,compacta_sin_ejemplo,1,20682.0,18154.0,12.2232,20682.0,153.0,18307.0,11.4834,140.0,20823.0,12.0828,13.0,20682.0,12.2232
comentarios,cl100k_base,250,especializado,spec_block_con_ejemplo,1,20682.0,18154.0,12.2232,20682.0,521.0,18676.0,9.6993,306.0,20989.0,11.0201,215.0,20682.0,12.2232
comentarios,cl100k_base,250,especializado,spec_block_sin_ejemplo,1,20682.0,18154.0,12.2232,20682.0,373.0,18527.0,10.4197,140.0,20823.0,11.0263,233.0,20682.0,12.2232
comentarios,cl100k_base,250,general_dominio,con_ejemplo,1,20682.0,18169.0,12.1507,20682.0,805.0,18974.0,8.2584,306.0,20989.0,9.6003,499.0,,
comentarios,cl100k_base,250,general_dominio,sin_ejemplo,1,20682.0,18169.0,12.1507,20682.0,636.0,18805.0,9.0755,140.0,20823.0,9.6912,496.0,,
comentarios,cl100k_base,250,general_fromschema,con_ejemplo,1,20682.0,18153.0,12.228,20682.0,508.0,18662.0,9.7669,306.0,20989.0,11.0868,202.0,,
comentarios,cl100k_base,250,general_fromschema,sin_ejemplo,1,20682.0,18153.0,12.228,20682.0,361.0,18514.0,10.4825,140.0,20823.0,11.0887,221.0,,
comentarios,o200k_base,1,especializado,compacta_con_ejemplo,5,76.4,66.4,13.089,76.4,270.0,337.4,-341.623,290.0,367.4,8.1655,-20.0,76.4,13.089
comentarios,o200k_base,1,especializado,compacta_sin_ejemplo,5,76.4,66.4,13.089,76.4,143.0,209.4,-174.0838,143.0,219.4,4.5579,0.0,76.4,13.089
comentarios,o200k_base,1,especializado,spec_block_con_ejemplo,5,76.4,66.4,13.089,76.4,473.0,540.4,-607.3298,290.0,367.4,-47.0876,183.0,76.4,13.089
comentarios,o200k_base,1,especializado,spec_block_sin_ejemplo,5,76.4,66.4,13.089,76.4,346.0,412.4,-439.7906,143.0,219.4,-87.9672,203.0,76.4,13.089
comentarios,o200k_base,1,general_dominio,con_ejemplo,5,76.4,83.4,-9.1623,76.4,746.0,829.4,-985.6021,290.0,367.4,-125.7485,456.0,,
comentarios,o200k_base,1,general_dominio,sin_ejemplo,5,76.4,83.4,-9.1623,76.4,595.0,678.4,-787.9581,143.0,219.4,-209.2069,452.0,,
comentarios,o200k_base,1,general_fromschema,con_ejemplo,5,76.4,65.4,14.3979,76.4,461.0,527.4,-590.3141,290.0,367.4,-43.5493,171.0,,
comentarios,o200k_base,1,general_fromschema,sin_ejemplo,5,76.4,65.4,14.3979,76.4,335.0,400.4,-424.0838,143.0,219.4,-82.4977,192.0,,
comentarios,o200k_base,5,especializado,compacta_con_ejemplo,5,353.4,299.0,15.3933,353.4,270.0,570.0,-61.2903,290.0,644.4,11.5456,-20.0,353.4,15.3933
comentarios,o200k_base,5,especializado,compacta_sin_ejemplo,5,353.4,299.0,15.3933,353.4,143.0,442.0,-25.0707,143.0,496.4,10.9589,0.0,353.4,15.3933
comentarios,o200k_base,5,especializado,spec_block_con_ejemplo,5,353.4,299.0,15.3933,353.4,473.0,773.0,-118.7323,290.0,644.4,-19.9565,183.0,353.4,15.3933
comentarios,o200k_base,5,especializado,spec_block_sin_ejemplo,5,353.4,299.0,15.3933,353.4,346.0,645.0,-82.5127,143.0,496.4,-29.9355,203.0,353.4,15.3933
comentarios,o200k_base,5,general_dominio,con_ejemplo,5,353.4,313.0,11.4318,353.4,746.0,1059.0,-199.6604,290.0,644.4,-64.3389,456.0,,
comentarios,o200k_base,5,general_dominio,sin_ejemplo,5,353.4,313.0,11.4318,353.4,595.0,908.0,-156.9327,143.0,496.4,-82.917,452.0,,
comentarios,o200k_base,5,general_fromschema,con_ejemplo,5,353.4,298.0,15.6763,353.4,461.0,760.0,-115.0538,290.0,644.4,-17.9392,171.0,,
comentarios,o200k_base,5,general_fromschema,sin_ejemplo,5,353.4,298.0,15.6763,353.4,335.0,633.0,-79.1171,143.0,496.4,-27.5181,192.0,,
comentarios,o200k_base,10,especializado,compacta_con_ejemplo,5,702.6,593.2,15.5707,702.6,270.0,864.2,-23.0003,290.0,993.6,13.0233,-20.0,702.6,15.5707
comentarios,o200k_base,10,especializado,compacta_sin_ejemplo,5,702.6,593.2,15.5707,702.6,143.0,736.2,-4.7822,143.0,845.6,12.9376,0.0,702.6,15.5707
comentarios,o200k_base,10,especializado,spec_block_con_ejemplo,5,702.6,593.2,15.5707,702.6,473.0,1067.2,-51.893,290.0,993.6,-7.4074,183.0,702.6,15.5707
comentarios,o200k_base,10,especializado,spec_block_sin_ejemplo,5,702.6,593.2,15.5707,702.6,346.0,939.2,-33.6749,143.0,845.6,-11.0691,203.0,702.6,15.5707
comentarios,o200k_base,10,general_dominio,con_ejemplo,5,702.6,610.2,13.1512,702.6,746.0,1356.2,-93.0259,290.0,993.6,-36.4936,456.0,,
comentarios,o200k_base,10,general_dominio,sin_ejemplo,5,702.6,610.2,13.1512,702.6,595.0,1205.2,-71.5343,143.0,845.6,-42.526,452.0,,
comentarios,o200k_base,10,general_fromschema,con_ejemplo,5,702.6,592.2,15.7131,702.6,461.0,1054.2,-50.0427,290.0,993.6,-6.099,171.0,,
comentarios,o200k_base,10,general_fromschema,sin_ejemplo,5,702.6,592.2,15.7131,702.6,335.0,927.2,-31.967,143.0,845.6,-9.65,192.0,,
comentarios,o200k_base,25,especializado,compacta_con_ejemplo,5,1781.0,1506.0,15.4408,1781.0,270.0,1777.0,0.2246,290.0,2072.0,14.2375,-20.0,1781.0,15.4408
comentarios,o200k_base,25,especializado,compacta_sin_ejemplo,5,1781.0,1506.0,15.4408,1781.0,143.0,1649.0,7.4116,143.0,1924.0,14.2931,0.0,1781.0,15.4408
comentarios,o200k_base,25,especializado,spec_block_con_ejemplo,5,1781.0,1506.0,15.4408,1781.0,473.0,1980.0,-11.1735,290.0,2072.0,4.4402,183.0,1781.0,15.4408
comentarios,o200k_base,25,especializado,spec_block_sin_ejemplo,5,1781.0,1506.0,15.4408,1781.0,346.0,1852.0,-3.9865,143.0,1924.0,3.7422,203.0,1781.0,15.4408
comentarios,o200k_base,25,general_dominio,con_ejemplo,5,1781.0,1523.0,14.4862,1781.0,746.0,2269.0,-27.4003,290.0,2072.0,-9.5077,456.0,,
comentarios,o200k_base,25,general_dominio,sin_ejemplo,5,1781.0,1523.0,14.4862,1781.0,595.0,2118.0,-18.922,143.0,1924.0,-10.0832,452.0,,
comentarios,o200k_base,25,general_fromschema,con_ejemplo,5,1781.0,1505.0,15.4969,1781.0,461.0,1967.0,-10.4436,290.0,2072.0,5.0676,171.0,,
comentarios,o200k_base,25,general_fromschema,sin_ejemplo,5,1781.0,1505.0,15.4969,1781.0,335.0,1840.0,-3.3127,143.0,1924.0,4.3659,192.0,,
comentarios,o200k_base,50,especializado,compacta_con_ejemplo,5,3591.6,3041.0,15.3302,3591.6,270.0,3312.0,7.7848,290.0,3882.6,14.6963,-20.0,3591.6,15.3302
comentarios,o200k_base,50,especializado,compacta_sin_ejemplo,5,3591.6,3041.0,15.3302,3591.6,143.0,3184.0,11.3487,143.0,3734.6,14.7432,0.0,3591.6,15.3302
comentarios,o200k_base,50,especializado,spec_block_con_ejemplo,5,3591.6,3041.0,15.3302,3591.6,473.0,3515.0,2.1328,290.0,3882.6,9.4679,183.0,3591.6,15.3302
comentarios,o200k_base,50,especializado,spec_block_sin_ejemplo,5,3591.6,3041.0,15.3302,3591.6,346.0,3387.0,5.6966,143.0,3734.6,9.3076,203.0,3591.6,15.3302
comentarios,o200k_base,50,general_dominio,con_ejemplo,5,3591.6,3058.0,14.8569,3591.6,746.0,3804.0,-5.9138,290.0,3882.6,2.0244,456.0,,
comentarios,o200k_base,50,general_dominio,sin_ejemplo,5,3591.6,3058.0,14.8569,3591.6,595.0,3653.0,-1.7095,143.0,3734.6,2.185,452.0,,
comentarios,o200k_base,50,general_fromschema,con_ejemplo,5,3591.6,3040.0,15.3581,3591.6,461.0,3502.0,2.4947,290.0,3882.6,9.8027,171.0,,
comentarios,o200k_base,50,general_fromschema,sin_ejemplo,5,3591.6,3040.0,15.3581,3591.6,335.0,3375.0,6.0307,143.0,3734.6,9.6289,192.0,,
comentarios,o200k_base,100,especializado,compacta_con_ejemplo,3,7187.0,6085.3333,15.3286,7187.0,270.0,6356.3333,11.5579,290.0,7478.0,14.9996,-20.0,7187.0,15.3286
comentarios,o200k_base,100,especializado,compacta_sin_ejemplo,3,7187.0,6085.3333,15.3286,7187.0,143.0,6228.3333,13.3389,143.0,7330.0,15.0296,0.0,7187.0,15.3286
comentarios,o200k_base,100,especializado,spec_block_con_ejemplo,3,7187.0,6085.3333,15.3286,7187.0,473.0,6559.3333,8.7334,290.0,7478.0,12.2849,183.0,7187.0,15.3286
comentarios,o200k_base,100,especializado,spec_block_sin_ejemplo,3,7187.0,6085.3333,15.3286,7187.0,346.0,6431.3333,10.5144,143.0,7330.0,12.2601,203.0,7187.0,15.3286
comentarios,o200k_base,100,general_dominio,con_ejemplo,3,7187.0,6102.3333,15.0921,7187.0,746.0,6848.3333,4.7122,290.0,7478.0,8.4203,456.0,,
comentarios,o200k_base,100,general_dominio,sin_ejemplo,3,7187.0,6102.3333,15.0921,7187.0,595.0,6697.3333,6.8132,143.0,7330.0,8.6312,452.0,,
comentarios,o200k_base,100,general_fromschema,con_ejemplo,3,7187.0,6084.3333,15.3425,7187.0,461.0,6546.3333,8.9142,290.0,7478.0,12.4588,171.0,,
comentarios,o200k_base,100,general_fromschema,sin_ejemplo,3,7187.0,6084.3333,15.3425,7187.0,335.0,6419.3333,10.6813,143.0,7330.0,12.4238,192.0,,
comentarios,o200k_base,250,especializado,compacta_con_ejemplo,1,17938.0,15181.0,15.3696,17938.0,270.0,15452.0,13.8588,290.0,18229.0,15.234,-20.0,17938.0,15.3696
comentarios,o200k_base,250,especializado,compacta_sin_ejemplo,1,17938.0,15181.0,15.3696,17938.0,143.0,15324.0,14.5724,143.0,18081.0,15.2481,0.0,17938.0,15.3696
comentarios,o200k_base,250,especializado,spec_block_con_ejemplo,1,17938.0,15181.0,15.3696,17938.0,473.0,15655.0,12.7272,290.0,18229.0,14.1204,183.0,17938.0,15.3696
comentarios,o200k_base,250,especializado,spec_block_sin_ejemplo,1,17938.0,15181.0,15.3696,17938.0,346.0,15527.0,13.4407,143.0,18081.0,14.1253,203.0,17938.0,15.3696
comentarios,o200k_base,250,general_dominio,con_ejemplo,1,17938.0,15198.0,15.2748,17938.0,746.0,15944.0,11.1161,290.0,18229.0,12.535,456.0,,
comentarios,o200k_base,250,general_dominio,sin_ejemplo,1,17938.0,15198.0,15.2748,17938.0,595.0,15793.0,11.9579,143.0,18081.0,12.6542,452.0,,
comentarios,o200k_base,250,general_fromschema,con_ejemplo,1,17938.0,15180.0,15.3752,17938.0,461.0,15642.0,12.7996,290.0,18229.0,14.1917,171.0,,
comentarios,o200k_base,250,general_fromschema,sin_ejemplo,1,17938.0,15180.0,15.3752,17938.0,335.0,15515.0,13.5076,143.0,18081.0,14.1917,192.0,,
comentarios,r50k_base,1,especializado,compacta_con_ejemplo,5,102.2,93.2,8.8063,102.2,388.0,483.2,-372.7984,374.0,478.2,-1.0456,14.0,102.2,8.8063
comentarios,r50k_base,1,especializado,compacta_sin_ejemplo,5,102.2,93.2,8.8063,102.2,203.0,298.2,-191.7808,169.0,273.2,-9.1508,34.0,102.2,8.8063
comentarios,r50k_base,1,especializado,spec_block_con_ejemplo,5,102.2,93.2,8.8063,102.2,669.0,764.2,-647.7495,374.0,478.2,-59.8076,295.0,102.2,8.8063
comentarios,r50k_base,1,especializado,spec_block_sin_ejemplo,5,102.2,93.2,8.8063,102.2,484.0,579.2,-466.7319,169.0,273.2,-112.0059,315.0,102.2,8.8063
comentarios,r50k_base,1,general_dominio,con_ejemplo,5,102.2,112.2,-9.7847,102.2,1023.0,1136.2,-1011.7417,374.0,478.2,-137.5993,649.0,,
comentarios,r50k_base,1,general_dominio,sin_ejemplo,5,102.2,112.2,-9.7847,102.2,813.0,926.2,-806.2622,169.0,273.2,-239.019,644.0,,
comentarios,r50k_base,1,general_fromschema,con_ejemplo,5,102.2,92.2,9.7847,102.2,650.0,744.2,-628.18,374.0,478.2,-55.6253,276.0,,
comentarios,r50k_base,1,general_fromschema,sin_ejemplo,5,102.2,92.2,9.7847,102.2,466.0,560.2,-448.1409,169.0,273.2,-105.0512,297.0,,
comentarios,r50k_base,5,especializado,compacta_con_ejemplo,5,466.6,413.6,11.3588,466.6,388.0,803.6,-72.2246,374.0,842.6,4.6285,14.0,466.6,11.3588
comentarios,r50k_base,5,especializado,compacta_sin_ejemplo,5,466.6,413.6,11.3588,466.6,203.0,618.6,-32.5761,169.0,637.6,2.9799,34.0,466.6,11.3588
comentarios,r50k_base,5,especializado,spec_block_con_ejemplo,5,466.6,413.6,11.3588,466.6,669.0,1084.6,-132.4475,374.0,842.6,-28.7206,295.0,466.6,11.3588
comentarios,r50k_base,5,especializado,spec_block_sin_ejemplo,5,466.6,413.6,11.3588,466.6,484.0,899.6,-92.799,169.0,637.6,-41.0916,315.0,466.6,11.3588
comentarios,r50k_base,5,general_dominio,con_ejemplo,5,466.6,431.6,7.5011,466.6,1023.0,1455.6,-211.9589,374.0,842.6,-72.751,649.0,,
comentarios,r50k_base,5,general_dominio,sin_ejemplo,5,466.6,431.6,7.5011,466.6,813.0,1245.6,-166.9524,169.0,637.6,-95.3576,644.0,,
comentarios,r50k_base,5,general_fromschema,con_ejemplo,5,466.6,412.6,11.5731,466.6,650.0,1064.6,-128.1612,374.0,842.6,-26.347,276.0,,
comentarios,r50k_base,5,general_fromschema,sin_ejemplo,5,466.6,412.6,11.5731,466.6,466.0,880.6,-88.727,169.0,637.6,-38.1117,297.0,,
comentarios,r50k_base,10,especializado,compacta_con_ejemplo,5,937.0,829.0,11.5261,937.0,388.0,1219.0,-30.0961,374.0,1313.0,7.1592,14.0,937.0,11.5261
comentarios,r50k_base,10,especializado,compacta_sin_ejemplo,5,937.0,829.0,11.5261,937.0,203.0,1034.0,-10.3522,169.0,1108.0,6.6787,34.0,937.0,11.5261
comentarios,r50k_base,10,especializado,spec_block_con_ejemplo,5,937.0,829.0,11.5261,937.0,669.0,1500.0,-60.0854,374.0,1313.0,-14.2422,295.0,937.0,11.5261
comentarios,r50k_base,10,especializado,spec_block_sin_ejemplo,5,937.0,829.0,11.5261,937.0,484.0,1315.0,-40.3415,169.0,1108.0,-18.6823,315.0,937.0,11.5261
comentarios,r50k_base,10,general_dominio,con_ejemplo,5,937.0,848.0,9.4984,937.0,1023.0,1872.0,-99.7866,374.0,1313.0,-42.5743,649.0,,
comentarios,r50k_base,10,general_dominio,sin_ejemplo,5,937.0,848.0,9.4984,937.0,813.0,1662.0,-77.3746,169.0,1108.0,-50.0,644.0,,
comentarios,r50k_base,10,general_fromschema,con_ejemplo,5,937.0,828.0,11.6329,937.0,650.0,1480.0,-57.9509,374.0,1313.0,-12.719,276.0,,
comentarios,r50k_base,10,general_fromschema,sin_ejemplo,5,937.0,828.0,11.6329,937.0,466.0,1296.0,-38.3138,169.0,1108.0,-16.9675,297.0,,
comentarios,r50k_base,25,especializado,compacta_con_ejemplo,5,2383.8,2110.8,11.4523,2383.8,388.0,2500.8,-4.9081,374.0,2759.8,9.3847,14.0,2383.8,11.4523
comentarios,r50k_base,25,especializado,compacta_sin_ejemplo,5,2383.8,2110.8,11.4523,2383.8,203.0,2315.8,2.8526,169.0,2554.8,9.3549,34.0,2383.8,11.4523
comentarios,r50k_base,25,especializado,spec_block_con_ejemplo,5,2383.8,2110.8,11.4523,2383.8,669.0,2781.8,-16.696,374.0,2759.8,-0.7972,295.0,2383.8,11.4523
comentarios,r50k_base,25,especializado,spec_block_sin_ejemplo,5,2383.8,2110.8,11.4523,2383.8,484.0,2596.8,-8.9353,169.0,2554.8,-1.644,315.0,2383.8,11.4523
comentarios,r50k_base,25,general_dominio,con_ejemplo,5,2383.8,2129.8,10.6553,2383.8,1023.0,3153.8,-32.3014,374.0,2759.8,-14.2764,649.0,,
comentarios,r50k_base,25,general_dominio,sin_ejemplo,5,2383.8,2129.8,10.6553,2383.8,813.0,2943.8,-23.4919,169.0,2554.8,-15.2262,644.0,,
comentarios,r50k_base,25,general_fromschema,con_ejemplo,5,2383.8,2109.8,11.4943,2383.8,650.0,2761.8,-15.857,374.0,2759.8,-0.0725,276.0,,
comentarios,r50k_base,25,general_fromschema,sin_ejemplo,5,2383.8,2109.8,11.4943,2383.8,466.0,2577.8,-8.1383,169.0,2554.8,-0.9003,297.0,,
comentarios,r50k_base,50,especializado,compacta_con_ejemplo,5,4835.6,4287.6,11.3326,4835.6,388.0,4677.6,3.2674,374.0,5211.6,10.2464,14.0,4835.6,11.3326
comentarios,r50k_base,50,especializado,compacta_sin_ejemplo,5,4835.6,4287.6,11.3326,4835.6,203.0,4492.6,7.0932,169.0,5006.6,10.2664,34.0,4835.6,11.3326
comentarios,r50k_base,50,especializado,spec_block_con_ejemplo,5,4835.6,4287.6,11.3326,4835.6,669.0,4958.6,-2.5436,374.0,5211.6,4.8546,295.0,4835.6,11.3326
comentarios,r50k_base,50,especializado,spec_block_sin_ejemplo,5,4835.6,4287.6,11.3326,4835.6,484.0,4773.6,1.2822,169.0,5006.6,4.6539,315.0,4835.6,11.3326
comentarios,r50k_base,50,general_dominio,con_ejemplo,5,4835.6,4306.6,10.9397,4835.6,1023.0,5330.6,-10.2366,374.0,5211.6,-2.2834,649.0,,
comentarios,r50k_base,50,general_dominio,sin_ejemplo,5,4835.6,4306.6,10.9397,4835.6,813.0,5120.6,-5.8938,169.0,5006.6,-2.277,644.0,,
comentarios,r50k_base,50,general_fromschema,con_ejemplo,5,4835.6,4286.6,11.3533,4835.6,650.0,4938.6,-2.13,374.0,5211.6,5.2383,276.0,,
comentarios,r50k_base,50,general_fromschema,sin_ejemplo,5,4835.6,4286.6,11.3533,4835.6,466.0,4754.6,1.6751,169.0,5006.6,5.0334,297.0,,
comentarios,r50k_base,100,especializado,compacta_con_ejemplo,3,9707.3333,8609.3333,11.311,9707.3333,388.0,8999.3333,7.2935,374.0,10083.3333,10.7504,14.0,9707.3333,11.311
comentarios,r50k_base,100,especializado,compacta_sin_ejemplo,3,9707.3333,8609.3333,11.311,9707.3333,203.0,8814.3333,9.1992,169.0,9878.3333,10.771,34.0,9707.3333,11.311
comentarios,r50k_base,100,especializado,spec_block_con_ejemplo,3,9707.3333,8609.3333,11.311,9707.3333,669.0,9280.3333,4.3987,374.0,10083.3333,7.9636,295.0,9707.3333,11.311
comentarios,r50k_base,100,especializado,spec_block_sin_ejemplo,3,9707.3333,8609.3333,11.311,9707.3333,484.0,9095.3333,6.3045,169.0,9878.3333,7.9264,315.0,9707.3333,11.311
comentarios,r50k_base,100,general_dominio,con_ejemplo,3,9707.3333,8628.3333,11.1153,9707.3333,1023.0,9652.3333,0.5666,374.0,10083.3333,4.2744,649.0,,
comentarios,r50k_base,100,general_dominio,sin_ejemplo,3,9707.3333,8628.3333,11.1153,9707.3333,813.0,9442.3333,2.7299,169.0,9878.3333,4.4137,644.0,,
comentarios,r50k_base,100,general_fromschema,con_ejemplo,3,9707.3333,8608.3333,11.3213,9707.3333,650.0,9260.3333,4.6048,374.0,10083.3333,8.162,276.0,,
comentarios,r50k_base,100,general_fromschema,sin_ejemplo,3,9707.3333,8608.3333,11.3213,9707.3333,466.0,9076.3333,6.5002,169.0,9878.3333,8.1188,297.0,,
comentarios,r50k_base,250,especializado,compacta_con_ejemplo,1,24162.0,21414.0,11.3732,24162.0,388.0,21804.0,9.7591,374.0,24538.0,11.1419,14.0,24162.0,11.3732
comentarios,r50k_base,250,especializado,compacta_sin_ejemplo,1,24162.0,21414.0,11.3732,24162.0,203.0,21619.0,10.5248,169.0,24333.0,11.1536,34.0,24162.0,11.3732
comentarios,r50k_base,250,especializado,spec_block_con_ejemplo,1,24162.0,21414.0,11.3732,24162.0,669.0,22085.0,8.5961,374.0,24538.0,9.9967,295.0,24162.0,11.3732
comentarios,r50k_base,250,especializado,spec_block_sin_ejemplo,1,24162.0,21414.0,11.3732,24162.0,484.0,21900.0,9.3618,169.0,24333.0,9.9988,315.0,24162.0,11.3732
comentarios,r50k_base,250,general_dominio,con_ejemplo,1,24162.0,21433.0,11.2946,24162.0,1023.0,22457.0,7.0565,374.0,24538.0,8.4807,649.0,,
comentarios,r50k_base,250,general_dominio,sin_ejemplo,1,24162.0,21433.0,11.2946,24162.0,813.0,22247.0,7.9257,169.0,24333.0,8.5727,644.0,,
comentarios,r50k_base,250,general_fromschema,con_ejemplo,1,24162.0,21413.0,11.3774,24162.0,650.0,22065.0,8.6789,374.0,24538.0,10.0782,276.0,,
comentarios,r50k_base,250,general_fromschema,sin_ejemplo,1,24162.0,21413.0,11.3774,24162.0,466.0,21881.0,9.4404,169.0,24333.0,10.0769,297.0,,
eventos,cl100k_base,1,especializado,compacta_con_ejemplo,5,72.6,29.2,59.7796,72.6,377.0,407.2,-460.8815,475.0,547.6,25.6392,-98.0,54.0,45.9259
eventos,cl100k_base,1,especializado,compacta_sin_ejemplo,5,72.6,29.2,59.7796,72.6,331.0,360.2,-396.1433,332.0,405.6,11.1933,-1.0,54.0,45.9259
eventos,cl100k_base,1,especializado,spec_block_con_ejemplo,5,72.6,29.2,59.7796,72.6,702.0,732.2,-908.5399,475.0,547.6,-33.7107,227.0,54.0,45.9259
eventos,cl100k_base,1,especializado,spec_block_sin_ejemplo,5,72.6,29.2,59.7796,72.6,656.0,685.2,-843.8017,332.0,405.6,-68.9349,324.0,54.0,45.9259
eventos,cl100k_base,1,general_dominio,con_ejemplo,5,72.6,63.6,12.3967,72.6,851.0,914.6,-1159.7796,475.0,547.6,-67.0197,376.0,,
eventos,cl100k_base,1,general_dominio,sin_ejemplo,5,72.6,63.6,12.3967,72.6,737.0,800.6,-1002.7548,332.0,405.6,-97.3866,405.0,,
eventos,cl100k_base,1,general_fromschema,con_ejemplo,5,72.6,46.6,35.8127,72.6,621.0,668.6,-820.9366,475.0,547.6,-22.0964,146.0,,
eventos,cl100k_base,1,general_fromschema,sin_ejemplo,5,72.6,46.6,35.8127,72.6,530.0,576.6,-694.2149,332.0,405.6,-42.1598,198.0,,
eventos,cl100k_base,5,especializado,compacta_con_ejemplo,5,340.4,88.8,73.913,340.4,377.0,466.8,-37.1328,475.0,815.4,42.752,-98.0,214.6,58.6207
eventos,cl100k_base,5,especializado,compacta_sin_ejemplo,5,340.4,88.8,73.913,340.4,331.0,419.8,-23.3255,332.0,673.4,37.6596,-1.0,214.6,58.6207
eventos,cl100k_base,5,especializado,spec_block_con_ejemplo,5,340.4,88.8,73.913,340.4,702.0,791.8,-132.6087,475.0,815.4,2.8943,227.0,214.6,58.6207
eventos,cl100k_base,5,especializado,spec_block_sin_ejemplo,5,340.4,88.8,73.913,340.4,656.0,744.8,-118.8014,332.0,673.4,-10.6029,324.0,214.6,58.6207
eventos,cl100k_base,5,general_dominio,con_ejemplo,5,340.4,200.2,41.1868,340.4,851.0,1051.2,-208.8132,475.0,815.4,-28.9183,376.0,,
eventos,cl100k_base,5,general_dominio,sin_ejemplo,5,340.4,200.2,41.1868,340.4,737.0,937.2,-175.3231,332.0,673.4,-39.1743,405.0,,
eventos,cl100k_base,5,general_fromschema,con_ejemplo,5,340.4,209.4,38.4841,340.4,621.0,831.4,-144.2421,475.0,815.4,-1.9622,146.0,,
eventos,cl100k_base,5,general_fromschema,sin_ejemplo,5,340.4,209.4,38.4841,340.4,530.0,739.4,-117.215,332.0,673.4,-9.801,198.0,,
eventos,cl100k_base,10,especializado,compacta_con_ejemplo,5,676.0,163.8,75.7692,676.0,377.0,541.8,19.8521,475.0,1151.0,52.9279,-98.0,414.8,60.5111
eventos,cl100k_base,10,especializado,compacta_sin_ejemplo,5,676.0,163.8,75.7692,676.0,331.0,494.8,26.8047,332.0,1009.0,50.9613,-1.0,414.8,60.5111
eventos,cl100k_base,10,especializado,spec_block_con_ejemplo,5,676.0,163.8,75.7692,676.0,702.0,866.8,-28.2249,475.0,1151.0,24.6916,227.0,414.8,60.5111
eventos,cl100k_base,10,especializado,spec_block_sin_ejemplo,5,676.0,163.8,75.7692,676.0,656.0,819.8,-21.2722,332.0,1009.0,18.7512,324.0,414.8,60.5111
eventos,cl100k_base,10,general_dominio,con_ejemplo,5,676.0,373.0,44.8225,676.0,851.0,1224.0,-81.0651,475.0,1151.0,-6.3423,376.0,,
eventos,cl100k_base,10,general_dominio,sin_ejemplo,5,676.0,373.0,44.8225,676.0,737.0,1110.0,-64.2012,332.0,1009.0,-10.0099,405.0,,
eventos,cl100k_base,10,general_fromschema,con_ejemplo,5,676.0,412.8,38.9349,676.0,621.0,1034.8,-53.0769,475.0,1151.0,10.0956,146.0,,
eventos,cl100k_base,10,general_fromschema,sin_ejemplo,5,676.0,412.8,38.9349,676.0,530.0,942.8,-39.4675,332.0,1009.0,6.561,198.0,,
eventos,cl100k_base,25,especializado,compacta_con_ejemplo,5,1675.4,388.8,76.7936,1675.4,377.0,766.8,54.2318,475.0,2150.4,64.3415,-98.0,1015.8,61.7247
eventos,cl100k_base,25,especializado,compacta_sin_ejemplo,5,1675.4,388.8,76.7936,1675.4,331.0,719.8,57.0371,332.0,2008.4,64.1605,-1.0,1015.8,61.7247
eventos,cl100k_base,25,especializado,spec_block_con_ejemplo,5,1675.4,388.8,76.7936,1675.4,702.0,1091.8,34.8335,475.0,2150.4,49.2281,227.0,1015.8,61.7247
eventos,cl100k_base,25,especializado,spec_block_sin_ejemplo,5,1675.4,388.8,76.7936,1675.4,656.0,1044.8,37.6388,332.0,2008.4,47.9785,324.0,1015.8,61.7247
eventos,cl100k_base,25,general_dominio,con_ejemplo,5,1675.4,735.4,56.106,1675.4,851.0,1586.4,5.3122,475.0,2150.4,26.2277,376.0,,
eventos,cl100k_base,25,general_dominio,sin_ejemplo,5,1675.4,735.4,56.106,1675.4,737.0,1472.4,12.1165,332.0,2008.4,26.6879,405.0,,
eventos,cl100k_base,25,general_fromschema,con_ejemplo,5,1675.4,1015.6,39.3816,1675.4,621.0,1637.6,2.2562,475.0,2150.4,23.8467,146.0,,
eventos,cl100k_base,25,general_fromschema,sin_ejemplo,5,1675.4,1015.6,39.3816,1675.4,530.0,1545.6,7.7474,332.0,2008.4,23.0432,198.0,,
eventos,cl100k_base,50,especializado,compacta_con_ejemplo,5,3356.0,761.8,77.3004,3356.0,377.0,1139.8,66.0369,475.0,3831.0,70.248,-98.0,2018.6,62.261
eventos,cl100k_base,50,especializado,compacta_sin_ejemplo,5,3356.0,761.8,77.3004,3356.0,331.0,1092.8,67.4374,332.0,3689.0,70.3768,-1.0,2018.6,62.261
eventos,cl100k_base,50,especializado,spec_block_con_ejemplo,5,3356.0,761.8,77.3004,3356.0,702.0,1464.8,56.3528,475.0,3831.0,61.7646,227.0,2018.6,62.261
eventos,cl100k_base,50,especializado,spec_block_sin_ejemplo,5,3356.0,761.8,77.3004,3356.0,656.0,1417.8,57.7533,332.0,3689.0,61.5668,324.0,2018.6,62.261
eventos,cl100k_base,50,general_dominio,con_ejemplo,5,3356.0,1317.0,60.7569,3356.0,851.0,2168.0,35.3993,475.0,3831.0,43.409,376.0,,
eventos,cl100k_base,50,general_dominio,sin_ejemplo,5,3356.0,1317.0,60.7569,3356.0,737.0,2054.0,38.7962,332.0,3689.0,44.321,405.0,,
eventos,cl100k_base,50,general_fromschema,con_ejemplo,5,3356.0,2038.4,39.261,3356.0,621.0,2660.4,20.7271,475.0,3831.0,30.556,146.0,,
eventos,cl100k_base,50,general_fromschema,sin_ejemplo,5,3356.0,2038.4,39.261,3356.0,530.0,2568.4,23.4684,332.0,3689.0,30.3768,198.0,,
eventos,cl100k_base,100,especializado,compacta_con_ejemplo,5,6728.6,1516.4,77.4634,6728.6,377.0,1894.4,71.8456,475.0,7203.6,73.702,-98.0,4024.0,62.3161
eventos,cl100k_base,100,especializado,compacta_sin_ejemplo,5,6728.6,1516.4,77.4634,6728.6,331.0,1847.4,72.5441,332.0,7061.6,73.8388,-1.0,4024.0,62.3161
eventos,cl100k_base,100,especializado,spec_block_con_ejemplo,5,6728.6,1516.4,77.4634,6728.6,702.0,2219.4,67.0154,475.0,7203.6,69.1904,227.0,4024.0,62.3161
eventos,cl100k_base,100,especializado,spec_block_sin_ejemplo,5,6728.6,1516.4,77.4634,6728.6,656.0,2172.4,67.7139,332.0,7061.6,69.2364,324.0,4024.0,62.3161
eventos,cl100k_base,100,general_dominio,con_ejemplo,5,6728.6,2468.0,63.3208,6728.6,851.0,3319.0,50.6732,475.0,7203.6,53.9258,376.0,,
eventos,cl100k_base,100,general_dominio,sin_ejemplo,5,6728.6,2468.0,63.3208,6728.6,737.0,3205.0,52.3675,332.0,7061.6,54.6137,405.0,,
eventos,cl100k_base,100,general_fromschema,con_ejemplo,5,6728.6,4096.8,39.1136,6728.6,621.0,4718.8,29.8695,475.0,7203.6,34.4939,146.0,,
eventos,cl100k_base,100,general_fromschema,sin_ejemplo,5,6728.6,4096.8,39.1136,6728.6,530.0,4626.8,31.2368,332.0,7061.6,34.4794,198.0,,
eventos,cl100k_base,250,especializado,compacta_con_ejemplo,5,16806.2,3837.8,77.1644,16806.2,377.0,4215.8,74.9152,475.0,17281.2,75.6047,-98.0,10106.2,62.0253
eventos,cl100k_base,250,especializado,compacta_sin_ejemplo,5,16806.2,3837.8,77.1644,16806.2,331.0,4168.8,75.1949,332.0,17139.2,75.6768,-1.0,10106.2,62.0253
eventos,cl100k_base,250,especializado,spec_block_con_ejemplo,5,16806.2,3837.8,77.1644,16806.2,702.0,4540.8,72.9814,475.0,17281.2,73.724,227.0,10106.2,62.0253
eventos,cl100k_base,250,especializado,spec_block_sin_ejemplo,5,16806.2,3837.8,77.1644,16806.2,656.0,4493.8,73.2611,332.0,17139.2,73.7806,324.0,10106.2,62.0253
eventos,cl100k_base,250,general_dominio,con_ejemplo,5,16806.2,5918.0,64.7868,16806.2,851.0,6769.0,59.7232,475.0,17281.2,60.8303,376.0,,
eventos,cl100k_base,250,general_dominio,sin_ejemplo,5,16806.2,5918.0,64.7868,16806.2,737.0,6655.0,60.4015,332.0,17139.2,61.1709,405.0,,
eventos,cl100k_base,250,general_fromschema,con_ejemplo,5,16806.2,10233.6,39.1082,16806.2,621.0,10855.6,35.4072,475.0,17281.2,37.1826,146.0,,
eventos,cl100k_base,250,general_fromschema,sin_ejemplo,5,16806.2,10233.6,39.1082,16806.2,530.0,10763.6,35.9546,332.0,17139.2,37.1989,198.0,,
eventos,o200k_base,1,especializado,compacta_con_ejemplo,5,72.6,30.0,58.6777,72.6,363.0,394.0,-442.6997,464.0,536.6,26.5747,-101.0,55.0,45.4545
eventos,o200k_base,1,especializado,compacta_sin_ejemplo,5,72.6,30.0,58.6777,72.6,313.0,343.0,-372.4518,327.0,399.6,14.1642,-14.0,55.0,45.4545
eventos,o200k_base,1,especializado,spec_block_con_ejemplo,5,72.6,30.0,58.6777,72.6,674.0,705.0,-871.0744,464.0,536.6,-31.3828,210.0,55.0,45.4545
eventos,o200k_base,1,especializado,spec_block_sin_ejemplo,5,72.6,30.0,58.6777,72.6,624.0,654.0,-800.8264,327.0,399.6,-63.6637,297.0,55.0,45.4545
eventos,o200k_base,1,general_dominio,con_ejemplo,5,72.6,64.6,11.0193,72.6,804.0,868.6,-1096.4187,464.0,536.6,-61.871,340.0,,
eventos,o200k_base,1,general_dominio,sin_ejemplo,5,72.6,64.6,11.0193,72.6,693.0,757.6,-943.5262,327.0,399.6,-89.5896,366.0,,
eventos,o200k_base,1,general_fromschema,con_ejemplo,5,72.6,45.6,37.1901,72.6,582.0,628.6,-765.8402,464.0,536.6,-17.145,118.0,,
eventos,o200k_base,1,general_fromschema,sin_ejemplo,5,72.6,45.6,37.1901,72.6,497.0,542.6,-647.3829,327.0,399.6,-35.7858,170.0,,
eventos,o200k_base,5,especializado,compacta_con_ejemplo,5,334.6,94.6,71.7274,334.6,363.0,458.6,-37.0592,464.0,798.6,42.5745,-101.0,215.6,56.1224
eventos,o200k_base,5,especializado,compacta_sin_ejemplo,5,334.6,94.6,71.7274,334.6,313.0,407.6,-21.8171,327.0,661.6,38.3918,-14.0,215.6,56.1224
eventos,o200k_base,5,especializado,spec_block_con_ejemplo,5,334.6,94.6,71.7274,334.6,674.0,769.6,-130.006,464.0,798.6,3.6314,210.0,215.6,56.1224
eventos,o200k_base,5,especializado,spec_block_sin_ejemplo,5,334.6,94.6,71.7274,334.6,624.0,718.6,-114.7639,327.0,661.6,-8.6155,297.0,215.6,56.1224
eventos,o200k_base,5,general_dominio,con_ejemplo,5,334.6,197.0,41.1237,334.6,804.0,1001.0,-199.1632,464.0,798.6,-25.3444,340.0,,
eventos,o200k_base,5,general_dominio,sin_ejemplo,5,334.6,197.0,41.1237,334.6,693.0,890.0,-165.9892,327.0,661.6,-34.5224,366.0,,
eventos,o200k_base,5,general_fromschema,con_ejemplo,5,334.6,203.2,39.2708,334.6,582.0,786.2,-134.9671,464.0,798.6,1.5527,118.0,,
eventos,o200k_base,5,general_fromschema,sin_ejemplo,5,334.6,203.2,39.2708,334.6,497.0,700.2,-109.2648,327.0,661.6,-5.8343,170.0,,
eventos,o200k_base,10,especializado,compacta_con_ejemplo,5,664.0,174.8,73.6747,664.0,363.0,538.8,18.8554,464.0,1128.0,52.234,-101.0,415.8,57.9606
eventos,o200k_base,10,especializado,compacta_sin_ejemplo,5,664.0,174.8,73.6747,664.0,313.0,487.8,26.5361,327.0,991.0,50.777,-14.0,415.8,57.9606
eventos,o200k_base,10,especializado,spec_block_con_ejemplo,5,664.0,174.8,73.6747,664.0,674.0,849.8,-27.9819,464.0,1128.0,24.6631,210.0,415.8,57.9606
eventos,o200k_base,10,especializado,spec_block_sin_ejemplo,5,664.0,174.8,73.6747,664.0,624.0,798.8,-20.3012,327.0,991.0,19.3946,297.0,415.8,57.9606
eventos,o200k_base,10,general_dominio,con_ejemplo,5,664.0,367.0,44.7289,664.0,804.0,1171.0,-76.3554,464.0,1128.0,-3.8121,340.0,,
eventos,o200k_base,10,general_dominio,sin_ejemplo,5,664.0,367.0,44.7289,664.0,693.0,1060.0,-59.6386,327.0,991.0,-6.9627,366.0,,
eventos,o200k_base,10,general_fromschema,con_ejemplo,5,664.0,401.0,39.6084,664.0,582.0,984.0,-48.1928,464.0,1128.0,12.766,118.0,,
eventos,o200k_base,10,general_fromschema,sin_ejemplo,5,664.0,401.0,39.6084,664.0,497.0,898.0,-35.241,327.0,991.0,9.3845,170.0,,
eventos,o200k_base,25,especializado,compacta_con_ejemplo,5,1645.4,415.8,74.7295,1645.4,363.0,779.8,52.6073,464.0,2109.4,63.0321,-101.0,1016.8,59.107
eventos,o200k_base,25,especializado,compacta_sin_ejemplo,5,1645.4,415.8,74.7295,1645.4,313.0,728.8,55.7068,327.0,1972.4,63.0501,-14.0,1016.8,59.107
eventos,o200k_base,25,especializado,spec_block_con_ejemplo,5,1645.4,415.8,74.7295,1645.4,674.0,1090.8,33.7061,464.0,2109.4,48.2886,210.0,1016.8,59.107
eventos,o200k_base,25,especializado,spec_block_sin_ejemplo,5,1645.4,415.8,74.7295,1645.4,624.0,1039.8,36.8056,327.0,1972.4,47.2825,297.0,1016.8,59.107
eventos,o200k_base,25,general_dominio,con_ejemplo,5,1645.4,732.4,55.488,1645.4,804.0,1536.4,6.6245,464.0,2109.4,27.1641,340.0,,
eventos,o200k_base,25,general_dominio,sin_ejemplo,5,1645.4,732.4,55.488,1645.4,693.0,1425.4,13.3706,327.0,1972.4,27.7327,366.0,,
eventos,o200k_base,25,general_fromschema,con_ejemplo,5,1645.4,988.0,39.9538,1645.4,582.0,1571.0,4.5217,464.0,2109.4,25.5238,118.0,,
eventos,o200k_base,25,general_fromschema,sin_ejemplo,5,1645.4,988.0,39.9538,1645.4,497.0,1485.0,9.7484,327.0,1972.4,24.711,170.0,,
eventos,o200k_base,50,especializado,compacta_con_ejemplo,5,3290.4,818.6,75.1216,3290.4,363.0,1182.6,64.0591,464.0,3754.4,68.501,-101.0,2019.6,59.4672
eventos,o200k_base,50,especializado,compacta_sin_ejemplo,5,3290.4,818.6,75.1216,3290.4,313.0,1131.6,65.609,327.0,3617.4,68.7179,-14.0,2019.6,59.4672
eventos,o200k_base,50,especializado,spec_block_con_ejemplo,5,3290.4,818.6,75.1216,3290.4,674.0,1493.6,54.6073,464.0,3754.4,60.2173,210.0,2019.6,59.4672
eventos,o200k_base,50,especializado,spec_block_sin_ejemplo,5,3290.4,818.6,75.1216,3290.4,624.0,1442.6,56.1573,327.0,3617.4,60.1205,297.0,2019.6,59.4672
eventos,o200k_base,50,general_dominio,con_ejemplo,5,3290.4,1314.0,60.0656,3290.4,804.0,2118.0,35.6309,464.0,3754.4,43.5862,340.0,,
eventos,o200k_base,50,general_dominio,sin_ejemplo,5,3290.4,1314.0,60.0656,3290.4,693.0,2007.0,39.0044,327.0,3617.4,44.5182,366.0,,
eventos,o200k_base,50,general_fromschema,con_ejemplo,5,3290.4,1977.8,39.8918,3290.4,582.0,2560.8,22.1736,464.0,3754.4,31.792,118.0,,
eventos,o200k_base,50,general_fromschema,sin_ejemplo,5,3290.4,1977.8,39.8918,3290.4,497.0,2474.8,24.7873,327.0,3617.4,31.5862,170.0,,
eventos,o200k_base,100,especializado,compacta_con_ejemplo,5,6598.6,1624.0,75.3887,6598.6,363.0,1988.0,69.8724,464.0,7062.6,71.8517,-101.0,4025.0,59.6522
eventos,o200k_base,100,especializado,compacta_sin_ejemplo,5,6598.6,1624.0,75.3887,6598.6,313.0,1937.0,70.6453,327.0,6925.6,72.0313,-14.0,4025.0,59.6522
eventos,o200k_base,100,especializado,spec_block_con_ejemplo,5,6598.6,1624.0,75.3887,6598.6,674.0,2299.0,65.1593,464.0,7062.6,67.4482,210.0,4025.0,59.6522
eventos,o200k_base,100,especializado,spec_block_sin_ejemplo,5,6598.6,1624.0,75.3887,6598.6,624.0,2248.0,65.9322,327.0,6925.6,67.5407,297.0,4025.0,59.6522
eventos,o200k_base,100,general_dominio,con_ejemplo,5,6598.6,2465.0,62.6436,6598.6,804.0,3269.0,50.4592,464.0,7062.6,53.7139,340.0,,
eventos,o200k_base,100,general_dominio,sin_ejemplo,5,6598.6,2465.0,62.6436,6598.6,693.0,3158.0,52.1414,327.0,6925.6,54.4011,366.0,,
eventos,o200k_base,100,general_fromschema,con_ejemplo,5,6598.6,3977.2,39.7266,6598.6,582.0,4560.2,30.8914,464.0,7062.6,35.4317,118.0,,
eventos,o200k_base,100,general_fromschema,sin_ejemplo,5,6598.6,3977.2,39.7266,6598.6,497.0,4474.2,32.1947,327.0,6925.6,35.3962,170.0,,
eventos,o200k_base,250,especializado,compacta_con_ejemplo,5,16486.6,4106.2,75.0937,16486.6,363.0,4470.2,72.8859,464.0,16950.6,73.6281,-101.0,10107.2,59.3735
eventos,o200k_base,250,especializado,compacta_sin_ejemplo,5,16486.6,4106.2,75.0937,16486.6,313.0,4419.2,73.1952,327.0,16813.6,73.7165,-14.0,10107.2,59.3735
eventos,o200k_base,250,especializado,spec_block_con_ejemplo,5,16486.6,4106.2,75.0937,16486.6,674.0,4781.2,70.9995,464.0,16950.6,71.7933,210.0,10107.2,59.3735
eventos,o200k_base,250,especializado,spec_block_sin_ejemplo,5,16486.6,4106.2,75.0937,16486.6,624.0,4730.2,71.3088,327.0,16813.6,71.8668,297.0,10107.2,59.3735
eventos,o200k_base,250,general_dominio,con_ejemplo,5,16486.6,5915.0,64.1224,16486.6,804.0,6719.0,59.2457,464.0,16950.6,60.3613,340.0,,
eventos,o200k_base,250,general_dominio,sin_ejemplo,5,16486.6,5915.0,64.1224,16486.6,693.0,6608.0,59.919,327.0,16813.6,60.6985,366.0,,
eventos,o200k_base,250,general_fromschema,con_ejemplo,5,16486.6,9939.6,39.711,16486.6,582.0,10522.6,36.1748,464.0,16950.6,37.922,118.0,,
eventos,o200k_base,250,general_fromschema,sin_ejemplo,5,16486.6,9939.6,39.711,16486.6,497.0,10436.6,36.6965,327.0,16813.6,37.9276,170.0,,
eventos,r50k_base,1,especializado,compacta_con_ejemplo,5,86.4,30.0,65.2778,86.4,477.0,509.0,-489.1204,587.0,675.4,24.6373,-110.0,61.0,50.8197
eventos,r50k_base,1,especializado,compacta_sin_ejemplo,5,86.4,30.0,65.2778,86.4,420.0,452.0,-423.1481,406.0,494.4,8.5761,14.0,61.0,50.8197
eventos,r50k_base,1,especializado,spec_block_con_ejemplo,5,86.4,30.0,65.2778,86.4,888.0,920.0,-964.8148,587.0,675.4,-36.2156,301.0,61.0,50.8197
eventos,r50k_base,1,especializado,spec_block_sin_ejemplo,5,86.4,30.0,65.2778,86.4,831.0,863.0,-898.8426,406.0,494.4,-74.555,425.0,61.0,50.8197
eventos,r50k_base,1,general_dominio,con_ejemplo,5,86.4,71.4,17.3611,86.4,1076.0,1148.4,-1229.1667,587.0,675.4,-70.0326,489.0,,
eventos,r50k_base,1,general_dominio,sin_ejemplo,5,86.4,71.4,17.3611,86.4,939.0,1011.4,-1070.6019,406.0,494.4,-104.5712,533.0,,
eventos,r50k_base,1,general_fromschema,con_ejemplo,5,86.4,51.4,40.5093,86.4,791.0,844.4,-877.3148,587.0,675.4,-25.0222,204.0,,
eventos,r50k_base,1,general_fromschema,sin_ejemplo,5,86.4,51.4,40.5093,86.4,680.0,733.4,-748.8426,406.0,494.4,-48.3414,274.0,,
eventos,r50k_base,5,especializado,compacta_con_ejemplo,5,415.2,94.8,77.1676,415.2,477.0,573.8,-38.1985,587.0,1004.2,42.86,-110.0,249.8,62.0496
eventos,r50k_base,5,especializado,compacta_sin_ejemplo,5,415.2,94.8,77.1676,415.2,420.0,516.8,-24.4701,406.0,823.2,37.2206,14.0,249.8,62.0496
eventos,r50k_base,5,especializado,spec_block_con_ejemplo,5,415.2,94.8,77.1676,415.2,888.0,984.8,-137.1869,587.0,1004.2,1.9319,301.0,249.8,62.0496
eventos,r50k_base,5,especializado,spec_block_sin_ejemplo,5,415.2,94.8,77.1676,415.2,831.0,927.8,-123.4586,406.0,823.2,-12.7065,425.0,249.8,62.0496
eventos,r50k_base,5,general_dominio,con_ejemplo,5,415.2,235.8,43.2081,415.2,1076.0,1312.8,-216.185,587.0,1004.2,-30.7309,489.0,,
eventos,r50k_base,5,general_dominio,sin_ejemplo,5,415.2,235.8,43.2081,415.2,939.0,1175.8,-183.1888,406.0,823.2,-42.8328,533.0,,
eventos,r50k_base,5,general_fromschema,con_ejemplo,5,415.2,239.8,42.2447,415.2,791.0,1032.8,-148.7476,587.0,1004.2,-2.848,204.0,,
eventos,r50k_base,5,general_fromschema,sin_ejemplo,5,415.2,239.8,42.2447,415.2,680.0,921.8,-122.0135,406.0,823.2,-11.9776,274.0,,
eventos,r50k_base,10,especializado,compacta_con_ejemplo,5,826.4,175.6,78.7512,826.4,477.0,654.6,20.789,587.0,1415.4,53.7516,-110.0,485.6,63.8386
eventos,r50k_base,10,especializado,compacta_sin_ejemplo,5,826.4,175.6,78.7512,826.4,420.0,597.6,27.6864,406.0,1234.4,51.5878,14.0,485.6,63.8386
eventos,r50k_base,10,especializado,spec_block_con_ejemplo,5,826.4,175.6,78.7512,826.4,888.0,1065.6,-28.9448,587.0,1415.4,24.7139,301.0,485.6,63.8386
eventos,r50k_base,10,especializado,spec_block_sin_ejemplo,5,826.4,175.6,78.7512,826.4,831.0,1008.6,-22.0474,406.0,1234.4,18.2923,425.0,485.6,63.8386
eventos,r50k_base,10,general_dominio,con_ejemplo,5,826.4,435.4,47.3136,826.4,1076.0,1512.4,-83.0106,587.0,1415.4,-6.8532,489.0,,
eventos,r50k_base,10,general_dominio,sin_ejemplo,5,826.4,435.4,47.3136,826.4,939.0,1375.4,-66.4327,406.0,1234.4,-11.4226,533.0,,
eventos,r50k_base,10,general_fromschema,con_ejemplo,5,826.4,474.4,42.5944,826.4,791.0,1267.4,-53.364,587.0,1415.4,10.4564,204.0,,
eventos,r50k_base,10,general_fromschema,sin_ejemplo,5,826.4,474.4,42.5944,826.4,680.0,1156.4,-39.9322,406.0,1234.4,6.3189,274.0,,
eventos,r50k_base,25,especializado,compacta_con_ejemplo,5,2044.8,417.0,79.6068,2044.8,477.0,896.0,56.1815,587.0,2633.8,65.9807,-110.0,1192.0,65.0168
eventos,r50k_base,25,especializado,compacta_sin_ejemplo,5,2044.8,417.0,79.6068,2044.8,420.0,839.0,58.9691,406.0,2452.8,65.7942,14.0,1192.0,65.0168
eventos,r50k_base,25,especializado,spec_block_con_ejemplo,5,2044.8,417.0,79.6068,2044.8,888.0,1307.0,36.0818,587.0,2633.8,50.3759,301.0,1192.0,65.0168
eventos,r50k_base,25,especializado,spec_block_sin_ejemplo,5,2044.8,417.0,79.6068,2044.8,831.0,1250.0,38.8693,406.0,2452.8,49.0378,425.0,1192.0,65.0168
eventos,r50k_base,25,general_dominio,con_ejemplo,5,2044.8,800.8,60.8372,2044.8,1076.0,1877.8,8.1671,587.0,2633.8,28.7038,489.0,,
eventos,r50k_base,25,general_dominio,sin_ejemplo,5,2044.8,800.8,60.8372,2044.8,939.0,1740.8,14.867,406.0,2452.8,29.028,533.0,,
eventos,r50k_base,25,general_fromschema,con_ejemplo,5,2044.8,1163.4,43.1045,2044.8,791.0,1956.4,4.3232,587.0,2633.8,25.7195,204.0,,
eventos,r50k_base,25,general_fromschema,sin_ejemplo,5,2044.8,1163.4,43.1045,2044.8,680.0,1845.4,9.7516,406.0,2452.8,24.7635,274.0,,
eventos,r50k_base,50,especializado,compacta_con_ejemplo,5,4100.0,820.0,80.0,4100.0,477.0,1299.0,68.3171,587.0,4689.0,72.2969,-110.0,2370.0,65.4008
eventos,r50k_base,50,especializado,compacta_sin_ejemplo,5,4100.0,820.0,80.0,4100.0,420.0,1242.0,69.7073,406.0,4508.0,72.449,14.0,2370.0,65.4008
eventos,r50k_base,50,especializado,spec_block_con_ejemplo,5,4100.0,820.0,80.0,4100.0,888.0,1710.0,58.2927,587.0,4689.0,63.5317,301.0,2370.0,65.4008
eventos,r50k_base,50,especializado,spec_block_sin_ejemplo,5,4100.0,820.0,80.0,4100.0,831.0,1653.0,59.6829,406.0,4508.0,63.3319,425.0,2370.0,65.4008
eventos,r50k_base,50,general_dominio,con_ejemplo,5,4100.0,1410.2,65.6049,4100.0,1076.0,2487.2,39.3366,587.0,4689.0,46.9567,489.0,,
eventos,r50k_base,50,general_dominio,sin_ejemplo,5,4100.0,1410.2,65.6049,4100.0,939.0,2350.2,42.678,406.0,4508.0,47.866,533.0,,
eventos,r50k_base,50,general_fromschema,con_ejemplo,5,4100.0,2338.4,42.9659,4100.0,791.0,3131.4,23.6244,587.0,4689.0,33.2182,204.0,,
eventos,r50k_base,50,general_fromschema,sin_ejemplo,5,4100.0,2338.4,42.9659,4100.0,680.0,3020.4,26.3317,406.0,4508.0,32.9991,274.0,,
eventos,r50k_base,100,especializado,compacta_con_ejemplo,5,8238.6,1628.0,80.2394,8238.6,477.0,2107.0,74.4253,587.0,8827.6,76.1317,-110.0,4728.0,65.5668
eventos,r50k_base,100,especializado,compacta_sin_ejemplo,5,8238.6,1628.0,80.2394,8238.6,420.0,2050.0,75.1171,406.0,8646.6,76.2913,14.0,4728.0,65.5668
eventos,r50k_base,100,especializado,spec_block_con_ejemplo,5,8238.6,1628.0,80.2394,8238.6,888.0,2518.0,69.4366,587.0,8827.6,71.4758,301.0,4728.0,65.5668
eventos,r50k_base,100,especializado,spec_block_sin_ejemplo,5,8238.6,1628.0,80.2394,8238.6,831.0,2461.0,70.1284,406.0,8646.6,71.5379,425.0,4728.0,65.5668
eventos,r50k_base,100,general_dominio,con_ejemplo,5,8238.6,2610.6,68.3126,8238.6,1076.0,3687.6,55.24,587.0,8827.6,58.2265,489.0,,
eventos,r50k_base,100,general_dominio,sin_ejemplo,5,8238.6,2610.6,68.3126,8238.6,939.0,3550.6,56.9029,406.0,8646.6,58.9365,533.0,,
eventos,r50k_base,100,general_fromschema,con_ejemplo,5,8238.6,4718.2,42.7306,8238.6,791.0,5511.2,33.1051,587.0,8827.6,37.5685,204.0,,
eventos,r50k_base,100,general_fromschema,sin_ejemplo,5,8238.6,4718.2,42.7306,8238.6,680.0,5400.2,34.4525,406.0,8646.6,37.5454,274.0,,
eventos,r50k_base,250,especializado,compacta_con_ejemplo,5,20579.6,4144.0,79.8636,20579.6,477.0,4623.0,77.536,587.0,21168.6,78.161,-110.0,11894.0,65.1589
eventos,r50k_base,250,especializado,compacta_sin_ejemplo,5,20579.6,4144.0,79.8636,20579.6,420.0,4566.0,77.813,406.0,20987.6,78.2443,14.0,11894.0,65.1589
eventos,r50k_base,250,especializado,spec_block_con_ejemplo,5,20579.6,4144.0,79.8636,20579.6,888.0,5034.0,75.5389,587.0,21168.6,76.2195,301.0,11894.0,65.1589
eventos,r50k_base,250,especializado,spec_block_sin_ejemplo,5,20579.6,4144.0,79.8636,20579.6,831.0,4977.0,75.8159,406.0,20987.6,76.286,425.0,11894.0,65.1589
eventos,r50k_base,250,general_dominio,con_ejemplo,5,20579.6,6207.6,69.8361,20579.6,1076.0,7284.6,64.6028,587.0,21168.6,65.5877,489.0,,
eventos,r50k_base,250,general_dominio,sin_ejemplo,5,20579.6,6207.6,69.8361,20579.6,939.0,7147.6,65.2685,406.0,20987.6,65.9437,533.0,,
eventos,r50k_base,250,general_fromschema,con_ejemplo,5,20579.6,11783.6,42.7414,20579.6,791.0,12576.6,38.888,587.0,21168.6,40.5884,204.0,,
eventos,r50k_base,250,general_fromschema,sin_ejemplo,5,20579.6,11783.6,42.7414,20579.6,680.0,12465.6,39.4274,406.0,20987.6,40.6049,274.0,,
tickets,cl100k_base,1,especializado,compacta_con_ejemplo,5,46.6,32.6,30.0429,46.6,240.0,273.6,-487.1245,258.0,304.6,10.1773,-18.0,43.8,25.5708
tickets,cl100k_base,1,especializado,compacta_sin_ejemplo,5,46.6,32.6,30.0429,46.6,171.0,203.6,-336.9099,161.0,208.6,2.3969,10.0,43.8,25.5708
tickets,cl100k_base,1,especializado,spec_block_con_ejemplo,5,46.6,32.6,30.0429,46.6,494.0,527.6,-1032.1888,258.0,304.6,-73.2108,236.0,43.8,25.5708
tickets,cl100k_base,1,especializado,spec_block_sin_ejemplo,5,46.6,32.6,30.0429,46.6,425.0,457.6,-881.9742,161.0,208.6,-119.3672,264.0,43.8,25.5708
tickets,cl100k_base,1,general_dominio,con_ejemplo,5,46.6,54.6,-17.1674,46.6,743.0,797.6,-1611.588,258.0,304.6,-161.8516,485.0,,
tickets,cl100k_base,1,general_dominio,sin_ejemplo,5,46.6,54.6,-17.1674,46.6,645.0,699.6,-1401.2876,161.0,208.6,-235.3787,484.0,,
tickets,cl100k_base,1,general_fromschema,con_ejemplo,5,46.6,34.6,25.7511,46.6,446.0,481.6,-933.4764,258.0,304.6,-58.109,188.0,,
tickets,cl100k_base,1,general_fromschema,sin_ejemplo,5,46.6,34.6,25.7511,46.6,374.0,408.6,-776.824,161.0,208.6,-95.8773,213.0,,
tickets,cl100k_base,5,especializado,compacta_con_ejemplo,5,218.2,139.0,36.297,218.2,240.0,380.0,-74.1522,258.0,476.2,20.2016,-18.0,204.8,32.1289
tickets,cl100k_base,5,especializado,compacta_sin_ejemplo,5,218.2,139.0,36.297,218.2,171.0,310.0,-42.0715,161.0,380.2,18.464,10.0,204.8,32.1289
tickets,cl100k_base,5,especializado,spec_block_con_ejemplo,5,218.2,139.0,36.297,218.2,494.0,634.0,-190.5591,258.0,476.2,-33.1373,236.0,204.8,32.1289
tickets,cl100k_base,5,especializado,spec_block_sin_ejemplo,5,218.2,139.0,36.297,218.2,425.0,564.0,-158.4785,161.0,380.2,-48.343,264.0,204.8,32.1289
tickets,cl100k_base,5,general_dominio,con_ejemplo,5,218.2,174.2,20.165,218.2,743.0,917.2,-320.3483,258.0,476.2,-92.6081,485.0,,
tickets,cl100k_base,5,general_dominio,sin_ejemplo,5,218.2,174.2,20.165,218.2,645.0,819.2,-275.4354,161.0,380.2,-115.4655,484.0,,
tickets,cl100k_base,5,general_fromschema,con_ejemplo,5,218.2,154.2,29.3309,218.2,446.0,601.2,-175.527,258.0,476.2,-26.2495,188.0,,
tickets,cl100k_base,5,general_fromschema,sin_ejemplo,5,218.2,154.2,29.3309,218.2,374.0,528.2,-142.0715,161.0,380.2,-38.9269,213.0,,
tickets,cl100k_base,10,especializado,compacta_con_ejemplo,5,430.8,270.8,37.1402,430.8,240.0,511.8,-18.8022,258.0,688.8,25.6969,-18.0,403.0,32.804
tickets,cl100k_base,10,especializado,compacta_sin_ejemplo,5,430.8,270.8,37.1402,430.8,171.0,441.8,-2.5534,161.0,592.8,25.4723,10.0,403.0,32.804
tickets,cl100k_base,10,especializado,spec_block_con_ejemplo,5,430.8,270.8,37.1402,430.8,494.0,765.8,-77.7623,258.0,688.8,-11.1789,236.0,403.0,32.804
tickets,cl100k_base,10,especializado,spec_block_sin_ejemplo,5,430.8,270.8,37.1402,430.8,425.0,695.8,-61.5135,161.0,592.8,-17.3752,264.0,403.0,32.804
tickets,cl100k_base,10,general_dominio,con_ejemplo,5,430.8,321.8,25.3018,430.8,743.0,1064.8,-147.1681,258.0,688.8,-54.5877,485.0,,
tickets,cl100k_base,10,general_dominio,sin_ejemplo,5,430.8,321.8,25.3018,430.8,645.0,966.8,-124.4197,161.0,592.8,-63.0904,484.0,,
tickets,cl100k_base,10,general_fromschema,con_ejemplo,5,430.8,301.8,29.9443,430.8,446.0,748.8,-73.8162,258.0,688.8,-8.7108,188.0,,
tickets,cl100k_base,10,general_fromschema,sin_ejemplo,5,430.8,301.8,29.9443,430.8,374.0,675.8,-56.8709,161.0,592.8,-14.0013,213.0,,
tickets,cl100k_base,25,especializado,compacta_con_ejemplo,5,1078.2,677.2,37.1916,1078.2,240.0,918.2,14.8395,258.0,1336.2,31.2827,-18.0,1009.6,32.9239
tickets,cl100k_base,25,especializado,compacta_sin_ejemplo,5,1078.2,677.2,37.1916,1078.2,171.0,848.2,21.3318,161.0,1240.2,31.6078,10.0,1009.6,32.9239
tickets,cl100k_base,25,especializado,spec_block_con_ejemplo,5,1078.2,677.2,37.1916,1078.2,494.0,1172.2,-8.7182,258.0,1336.2,12.2736,236.0,1009.6,32.9239
tickets,cl100k_base,25,especializado,spec_block_sin_ejemplo,5,1078.2,677.2,37.1916,1078.2,425.0,1102.2,-2.2259,161.0,1240.2,11.1272,264.0,1009.6,32.9239
tickets,cl100k_base,25,general_dominio,con_ejemplo,5,1078.2,774.2,28.1951,1078.2,743.0,1517.2,-40.716,258.0,1336.2,-13.5459,485.0,,
tickets,cl100k_base,25,general_dominio,sin_ejemplo,5,1078.2,774.2,28.1951,1078.2,645.0,1419.2,-31.6268,161.0,1240.2,-14.4332,484.0,,
tickets,cl100k_base,25,general_fromschema,con_ejemplo,5,1078.2,754.2,30.0501,1078.2,446.0,1201.2,-11.4079,258.0,1336.2,10.1033,188.0,,
tickets,cl100k_base,25,general_fromschema,sin_ejemplo,5,1078.2,754.2,30.0501,1078.2,374.0,1128.2,-4.6374,161.0,1240.2,9.0308,213.0,,
tickets,cl100k_base,50,especializado,compacta_con_ejemplo,5,2143.4,1337.6,37.5945,2143.4,240.0,1578.6,26.3507,258.0,2401.4,34.2633,-18.0,2007.0,33.3533
tickets,cl100k_base,50,especializado,compacta_sin_ejemplo,5,2143.4,1337.6,37.5945,2143.4,171.0,1508.6,29.6165,161.0,2305.4,34.5623,10.0,2007.0,33.3533
tickets,cl100k_base,50,especializado,spec_block_con_ejemplo,5,2143.4,1337.6,37.5945,2143.4,494.0,1832.6,14.5003,258.0,2401.4,23.6862,236.0,2007.0,33.3533
tickets,cl100k_base,50,especializado,spec_block_sin_ejemplo,5,2143.4,1337.6,37.5945,2143.4,425.0,1762.6,17.7662,161.0,2305.4,23.5447,264.0,2007.0,33.3533
tickets,cl100k_base,50,general_dominio,con_ejemplo,5,2143.4,1514.4,29.3459,2143.4,743.0,2257.4,-5.3187,258.0,2401.4,5.9965,485.0,,
tickets,cl100k_base,50,general_dominio,sin_ejemplo,5,2143.4,1514.4,29.3459,2143.4,645.0,2159.4,-0.7465,161.0,2305.4,6.333,484.0,,
tickets,cl100k_base,50,general_fromschema,con_ejemplo,5,2143.4,1494.4,30.279,2143.4,446.0,1941.4,9.4243,258.0,2401.4,19.1555,188.0,,
tickets,cl100k_base,50,general_fromschema,sin_ejemplo,5,2143.4,1494.4,30.279,2143.4,374.0,1868.4,12.8301,161.0,2305.4,18.9555,213.0,,
tickets,cl100k_base,100,especializado,compacta_con_ejemplo,5,4258.4,2648.4,37.8076,4258.4,240.0,2889.4,32.1482,258.0,4516.4,36.0243,-18.0,3987.2,33.5774
tickets,cl100k_base,100,especializado,compacta_sin_ejemplo,5,4258.4,2648.4,37.8076,4258.4,171.0,2819.4,33.792,161.0,4420.4,36.2184,10.0,3987.2,33.5774
tickets,cl100k_base,100,especializado,spec_block_con_ejemplo,5,4258.4,2648.4,37.8076,4258.4,494.0,3143.4,26.1835,258.0,4516.4,30.4003,236.0,3987.2,33.5774
tickets,cl100k_base,100,especializado,spec_block_sin_ejemplo,5,4258.4,2648.4,37.8076,4258.4,425.0,3073.4,27.8274,161.0,4420.4,30.4724,264.0,3987.2,33.5774
tickets,cl100k_base,100,general_dominio,con_ejemplo,5,4258.4,2979.4,30.0348,4258.4,743.0,3722.4,12.5869,258.0,4516.4,17.5804,485.0,,
tickets,cl100k_base,100,general_dominio,sin_ejemplo,5,4258.4,2979.4,30.0348,4258.4,645.0,3624.4,14.8882,161.0,4420.4,18.0074,484.0,,
tickets,cl100k_base,100,general_fromschema,con_ejemplo,5,4258.4,2959.4,30.5044,4258.4,446.0,3406.4,20.0075,258.0,4516.4,24.5771,188.0,,
tickets,cl100k_base,100,general_fromschema,sin_ejemplo,5,4258.4,2959.4,30.5044,4258.4,374.0,3333.4,21.7218,161.0,4420.4,24.5905,213.0,,
tickets,cl100k_base,250,especializado,compacta_con_ejemplo,5,10633.0,6613.2,37.8049,10633.0,240.0,6854.2,35.5384,258.0,10891.0,37.0655,-18.0,9957.4,33.5851
tickets,cl100k_base,250,especializado,compacta_sin_ejemplo,5,10633.0,6613.2,37.8049,10633.0,171.0,6784.2,36.1967,161.0,10795.0,37.1542,10.0,9957.4,33.5851
tickets,cl100k_base,250,especializado,spec_block_con_ejemplo,5,10633.0,6613.2,37.8049,10633.0,494.0,7108.2,33.1496,258.0,10891.0,34.7333,236.0,9957.4,33.5851
tickets,cl100k_base,250,especializado,spec_block_sin_ejemplo,5,10633.0,6613.2,37.8049,10633.0,425.0,7038.2,33.808,161.0,10795.0,34.8013,264.0,9957.4,33.5851
tickets,cl100k_base,250,general_dominio,con_ejemplo,5,10633.0,7404.0,30.3677,10633.0,743.0,8147.0,23.38,258.0,10891.0,25.1951,485.0,,
tickets,cl100k_base,250,general_dominio,sin_ejemplo,5,10633.0,7404.0,30.3677,10633.0,645.0,8049.0,24.3017,161.0,10795.0,25.4377,484.0,,
tickets,cl100k_base,250,general_fromschema,con_ejemplo,5,10633.0,7384.0,30.5558,10633.0,446.0,7831.0,26.3519,258.0,10891.0,28.0966,188.0,,
tickets,cl100k_base,250,general_fromschema,sin_ejemplo,5,10633.0,7384.0,30.5558,10633.0,374.0,7758.0,27.0385,161.0,10795.0,28.1334,213.0,,
tickets,o200k_base,1,especializado,compacta_con_ejemplo,5,45.6,30.2,33.7719,45.6,220.0,251.2,-450.8772,252.0,297.6,15.5914,-32.0,42.8,29.4393
tickets,o200k_base,1,especializado,compacta_sin_ejemplo,5,45.6,30.2,33.7719,45.6,159.0,189.2,-314.9123,161.0,206.6,8.4221,-2.0,42.8,29.4393
tickets,o200k_base,1,especializado,spec_block_con_ejemplo,5,45.6,30.2,33.7719,45.6,457.0,488.2,-970.614,252.0,297.6,-64.0457,205.0,42.8,29.4393
tickets,o200k_base,1,especializado,spec_block_sin_ejemplo,5,45.6,30.2,33.7719,45.6,396.0,426.2,-834.6491,161.0,206.6,-106.2924,235.0,42.8,29.4393
tickets,o200k_base,1,general_dominio,con_ejemplo,5,45.6,54.0,-18.4211,45.6,693.0,747.0,-1538.1579,252.0,297.6,-151.0081,441.0,,
tickets,o200k_base,1,general_dominio,sin_ejemplo,5,45.6,54.0,-18.4211,45.6,600.0,654.0,-1334.2105,161.0,206.6,-216.5537,439.0,,
tickets,o200k_base,1,general_fromschema,con_ejemplo,5,45.6,32.0,29.8246,45.6,410.0,443.0,-871.4912,252.0,297.6,-48.8575,158.0,,
tickets,o200k_base,1,general_fromschema,sin_ejemplo,5,45.6,32.0,29.8246,45.6,346.0,378.0,-728.9474,161.0,206.6,-82.9622,185.0,,
tickets,o200k_base,5,especializado,compacta_con_ejemplo,5,210.8,130.0,38.3302,210.8,220.0,351.0,-66.5085,252.0,462.8,24.1573,-32.0,197.4,34.1439
tickets,o200k_base,5,especializado,compacta_sin_ejemplo,5,210.8,130.0,38.3302,210.8,159.0,289.0,-37.0968,161.0,371.8,22.27,-2.0,197.4,34.1439
tickets,o200k_base,5,especializado,spec_block_con_ejemplo,5,210.8,130.0,38.3302,210.8,457.0,588.0,-178.9374,252.0,462.8,-27.0527,205.0,197.4,34.1439
tickets,o200k_base,5,especializado,spec_block_sin_ejemplo,5,210.8,130.0,38.3302,210.8,396.0,526.0,-149.5256,161.0,371.8,-41.4739,235.0,197.4,34.1439
tickets,o200k_base,5,general_dominio,con_ejemplo,5,210.8,164.4,22.0114,210.8,693.0,857.4,-306.7362,252.0,462.8,-85.2636,441.0,,
tickets,o200k_base,5,general_dominio,sin_ejemplo,5,210.8,164.4,22.0114,210.8,600.0,764.4,-262.6186,161.0,371.8,-105.5944,439.0,,
tickets,o200k_base,5,general_fromschema,con_ejemplo,5,210.8,142.4,32.4478,210.8,410.0,553.4,-162.5237,252.0,462.8,-19.5765,158.0,,
tickets,o200k_base,5,general_fromschema,sin_ejemplo,5,210.8,142.4,32.4478,210.8,346.0,488.4,-131.6888,161.0,371.8,-31.3609,185.0,,
tickets,o200k_base,10,especializado,compacta_con_ejemplo,5,412.6,249.2,39.6025,412.6,220.0,470.2,-13.9603,252.0,664.6,29.2507,-32.0,384.8,35.2391
tickets,o200k_base,10,especializado,compacta_sin_ejemplo,5,412.6,249.2,39.6025,412.6,159.0,408.2,1.0664,161.0,573.6,28.8354,-2.0,384.8,35.2391
tickets,o200k_base,10,especializado,spec_block_con_ejemplo,5,412.6,249.2,39.6025,412.6,457.0,707.2,-71.4009,252.0,664.6,-6.4099,205.0,384.8,35.2391
tickets,o200k_base,10,especializado,spec_block_sin_ejemplo,5,412.6,249.2,39.6025,412.6,396.0,645.2,-56.3742,161.0,573.6,-12.4826,235.0,384.8,35.2391
tickets,o200k_base,10,general_dominio,con_ejemplo,5,412.6,298.0,27.7751,412.6,693.0,991.0,-140.1842,252.0,664.6,-49.1122,441.0,,
tickets,o200k_base,10,general_dominio,sin_ejemplo,5,412.6,298.0,27.7751,412.6,600.0,898.0,-117.6442,161.0,573.6,-56.5551,439.0,,
tickets,o200k_base,10,general_fromschema,con_ejemplo,5,412.6,276.0,33.1071,412.6,410.0,687.0,-66.5051,252.0,664.6,-3.3704,158.0,,
tickets,o200k_base,10,general_fromschema,sin_ejemplo,5,412.6,276.0,33.1071,412.6,346.0,622.0,-50.7513,161.0,573.6,-8.4379,185.0,,
tickets,o200k_base,25,especializado,compacta_con_ejemplo,5,1031.6,621.6,39.7441,1031.6,220.0,842.6,18.3211,252.0,1283.6,34.3565,-32.0,963.0,35.4517
tickets,o200k_base,25,especializado,compacta_sin_ejemplo,5,1031.6,621.6,39.7441,1031.6,159.0,780.6,24.3311,161.0,1192.6,34.5464,-2.0,963.0,35.4517
tickets,o200k_base,25,especializado,spec_block_con_ejemplo,5,1031.6,621.6,39.7441,1031.6,457.0,1079.6,-4.653,252.0,1283.6,15.8928,205.0,963.0,35.4517
tickets,o200k_base,25,especializado,spec_block_sin_ejemplo,5,1031.6,621.6,39.7441,1031.6,396.0,1017.6,1.3571,161.0,1192.6,14.6738,235.0,963.0,35.4517
tickets,o200k_base,25,general_dominio,con_ejemplo,5,1031.6,711.2,31.0585,1031.6,693.0,1404.2,-36.1187,252.0,1283.6,-9.3955,441.0,,
tickets,o200k_base,25,general_dominio,sin_ejemplo,5,1031.6,711.2,31.0585,1031.6,600.0,1311.2,-27.1035,161.0,1192.6,-9.9447,439.0,,
tickets,o200k_base,25,general_fromschema,con_ejemplo,5,1031.6,689.2,33.1912,1031.6,410.0,1100.2,-6.6499,252.0,1283.6,14.2879,158.0,,
tickets,o200k_base,25,general_fromschema,sin_ejemplo,5,1031.6,689.2,33.1912,1031.6,346.0,1035.2,-0.349,161.0,1192.6,13.1981,185.0,,
tickets,o200k_base,50,especializado,compacta_con_ejemplo,5,2045.2,1227.2,39.9961,2045.2,220.0,1448.2,29.1903,252.0,2297.2,36.958,-32.0,1908.8,35.7083
tickets,o200k_base,50,especializado,compacta_sin_ejemplo,5,2045.2,1227.2,39.9961,2045.2,159.0,1386.2,32.2218,161.0,2206.2,37.168,-2.0,1908.8,35.7083
tickets,o200k_base,50,especializado,spec_block_con_ejemplo,5,2045.2,1227.2,39.9961,2045.2,457.0,1685.2,17.6022,252.0,2297.2,26.6411,205.0,1908.8,35.7083
tickets,o200k_base,50,especializado,spec_block_sin_ejemplo,5,2045.2,1227.2,39.9961,2045.2,396.0,1623.2,20.6337,161.0,2206.2,26.4255,235.0,1908.8,35.7083
tickets,o200k_base,50,general_dominio,con_ejemplo,5,2045.2,1384.6,32.3,2045.2,693.0,2077.6,-1.5842,252.0,2297.2,9.5595,441.0,,
tickets,o200k_base,50,general_dominio,sin_ejemplo,5,2045.2,1384.6,32.3,2045.2,600.0,1984.6,2.963,161.0,2206.2,10.0444,439.0,,
tickets,o200k_base,50,general_fromschema,con_ejemplo,5,2045.2,1362.6,33.3757,2045.2,410.0,1773.6,13.2799,252.0,2297.2,22.793,158.0,,
tickets,o200k_base,50,general_fromschema,sin_ejemplo,5,2045.2,1362.6,33.3757,2045.2,346.0,1708.6,16.458,161.0,2206.2,22.5546,185.0,,
tickets,o200k_base,100,especializado,compacta_con_ejemplo,5,4068.8,2433.0,40.2035,4068.8,220.0,2654.0,34.7719,252.0,4320.8,38.5762,-32.0,3797.6,35.9332
tickets,o200k_base,100,especializado,compacta_sin_ejemplo,5,4068.8,2433.0,40.2035,4068.8,159.0,2592.0,36.2957,161.0,4229.8,38.7205,-2.0,3797.6,35.9332
tickets,o200k_base,100,especializado,spec_block_con_ejemplo,5,4068.8,2433.0,40.2035,4068.8,457.0,2891.0,28.9471,252.0,4320.8,33.0911,205.0,3797.6,35.9332
tickets,o200k_base,100,especializado,spec_block_sin_ejemplo,5,4068.8,2433.0,40.2035,4068.8,396.0,2829.0,30.4709,161.0,4229.8,33.1174,235.0,3797.6,35.9332
tickets,o200k_base,100,general_dominio,con_ejemplo,5,4068.8,2725.2,33.022,4068.8,693.0,3418.2,15.99,252.0,4320.8,20.8897,441.0,,
tickets,o200k_base,100,general_dominio,sin_ejemplo,5,4068.8,2725.2,33.022,4068.8,600.0,3325.2,18.2757,161.0,4229.8,21.3864,439.0,,
tickets,o200k_base,100,general_fromschema,con_ejemplo,5,4068.8,2703.2,33.5627,4068.8,410.0,3114.2,23.4615,252.0,4320.8,27.9254,158.0,,
tickets,o200k_base,100,general_fromschema,sin_ejemplo,5,4068.8,2703.2,33.5627,4068.8,346.0,3049.2,25.059,161.0,4229.8,27.9115,185.0,,
tickets,o200k_base,250,especializado,compacta_con_ejemplo,5,10149.2,6059.6,40.2948,10149.2,220.0,6280.6,38.1173,252.0,10401.2,39.6166,-32.0,9473.6,36.037
tickets,o200k_base,250,especializado,compacta_sin_ejemplo,5,10149.2,6059.6,40.2948,10149.2,159.0,6218.6,38.7282,161.0,10310.2,39.685,-2.0,9473.6,36.037
tickets,o200k_base,250,especializado,spec_block_con_ejemplo,5,10149.2,6059.6,40.2948,10149.2,457.0,6517.6,35.7821,252.0,10401.2,37.338,205.0,9473.6,36.037
tickets,o200k_base,250,especializado,spec_block_sin_ejemplo,5,10149.2,6059.6,40.2948,10149.2,396.0,6455.6,36.393,161.0,10310.2,37.3863,235.0,9473.6,36.037
tickets,o200k_base,250,general_dominio,con_ejemplo,5,10149.2,6756.2,33.4312,10149.2,693.0,7449.2,26.6031,252.0,10401.2,28.3813,441.0,,
tickets,o200k_base,250,general_dominio,sin_ejemplo,5,10149.2,6756.2,33.4312,10149.2,600.0,7356.2,27.5194,161.0,10310.2,28.6512,439.0,,
tickets,o200k_base,250,general_fromschema,con_ejemplo,5,10149.2,6734.2,33.648,10149.2,410.0,7145.2,29.5984,252.0,10401.2,31.3041,158.0,,
tickets,o200k_base,250,general_fromschema,sin_ejemplo,5,10149.2,6734.2,33.648,10149.2,346.0,7080.2,30.2388,161.0,10310.2,31.3282,185.0,,
tickets,r50k_base,1,especializado,compacta_con_ejemplo,5,60.4,40.4,33.1126,60.4,302.0,344.4,-470.1987,317.0,379.4,9.2251,-15.0,56.0,27.8571
tickets,r50k_base,1,especializado,compacta_sin_ejemplo,5,60.4,40.4,33.1126,60.4,217.0,259.4,-329.4702,193.0,255.4,-1.5662,24.0,56.0,27.8571
tickets,r50k_base,1,especializado,spec_block_con_ejemplo,5,60.4,40.4,33.1126,60.4,631.0,673.4,-1014.9007,317.0,379.4,-77.4908,314.0,56.0,27.8571
tickets,r50k_base,1,especializado,spec_block_sin_ejemplo,5,60.4,40.4,33.1126,60.4,546.0,588.4,-874.1722,193.0,255.4,-130.3837,353.0,56.0,27.8571
tickets,r50k_base,1,general_dominio,con_ejemplo,5,60.4,66.8,-10.596,60.4,945.0,1012.8,-1576.8212,317.0,379.4,-166.9478,628.0,,
tickets,r50k_base,1,general_dominio,sin_ejemplo,5,60.4,66.8,-10.596,60.4,826.0,893.8,-1379.8013,193.0,255.4,-249.9608,633.0,,
tickets,r50k_base,1,general_fromschema,con_ejemplo,5,60.4,43.8,27.4834,60.4,572.0,617.8,-922.8477,317.0,379.4,-62.8361,255.0,,
tickets,r50k_base,1,general_fromschema,sin_ejemplo,5,60.4,43.8,27.4834,60.4,482.0,527.8,-773.8411,193.0,255.4,-106.6562,289.0,,
tickets,r50k_base,5,especializado,compacta_con_ejemplo,5,273.2,173.4,36.53,273.2,302.0,477.4,-74.7438,317.0,592.2,19.3853,-15.0,255.8,32.2127
tickets,r50k_base,5,especializado,compacta_sin_ejemplo,5,273.2,173.4,36.53,273.2,217.0,392.4,-43.631,193.0,468.2,16.1897,24.0,255.8,32.2127
tickets,r50k_base,5,especializado,spec_block_con_ejemplo,5,273.2,173.4,36.53,273.2,631.0,806.4,-195.1684,317.0,592.2,-36.1702,314.0,255.8,32.2127
tickets,r50k_base,5,especializado,spec_block_sin_ejemplo,5,273.2,173.4,36.53,273.2,546.0,721.4,-164.0556,193.0,468.2,-54.0795,353.0,255.8,32.2127
tickets,r50k_base,5,general_dominio,con_ejemplo,5,273.2,212.8,22.1083,273.2,945.0,1158.8,-324.1581,317.0,592.2,-95.6771,628.0,,
tickets,r50k_base,5,general_dominio,sin_ejemplo,5,273.2,212.8,22.1083,273.2,826.0,1039.8,-280.6003,193.0,468.2,-122.0846,633.0,,
tickets,r50k_base,5,general_fromschema,con_ejemplo,5,273.2,189.8,30.5271,273.2,572.0,763.8,-179.5754,317.0,592.2,-28.9767,255.0,,
tickets,r50k_base,5,general_fromschema,sin_ejemplo,5,273.2,189.8,30.5271,273.2,482.0,673.8,-146.6325,193.0,468.2,-43.9129,289.0,,
tickets,r50k_base,10,especializado,compacta_con_ejemplo,5,547.6,344.0,37.1804,547.6,302.0,648.0,-18.3346,317.0,866.6,25.225,-15.0,509.6,32.4961
tickets,r50k_base,10,especializado,compacta_sin_ejemplo,5,547.6,344.0,37.1804,547.6,217.0,563.0,-2.8123,193.0,742.6,24.1853,24.0,509.6,32.4961
tickets,r50k_base,10,especializado,spec_block_con_ejemplo,5,547.6,344.0,37.1804,547.6,631.0,977.0,-78.4149,317.0,866.6,-12.7394,314.0,509.6,32.4961
tickets,r50k_base,10,especializado,spec_block_sin_ejemplo,5,547.6,344.0,37.1804,547.6,546.0,892.0,-62.8926,193.0,742.6,-20.1185,353.0,509.6,32.4961
tickets,r50k_base,10,general_dominio,con_ejemplo,5,547.6,404.0,26.2235,547.6,945.0,1350.0,-146.5303,317.0,866.6,-55.7812,628.0,,
tickets,r50k_base,10,general_dominio,sin_ejemplo,5,547.6,404.0,26.2235,547.6,826.0,1231.0,-124.7991,193.0,742.6,-65.7689,633.0,,
tickets,r50k_base,10,general_fromschema,con_ejemplo,5,547.6,381.0,30.4237,547.6,572.0,955.0,-74.3974,317.0,866.6,-10.2008,255.0,,
tickets,r50k_base,10,general_fromschema,sin_ejemplo,5,547.6,381.0,30.4237,547.6,482.0,865.0,-57.962,193.0,742.6,-16.4826,289.0,,
tickets,r50k_base,25,especializado,compacta_con_ejemplo,5,1365.6,855.2,37.3755,1365.6,302.0,1159.2,15.1142,317.0,1684.6,31.1884,-15.0,1271.6,32.7461
tickets,r50k_base,25,especializado,compacta_sin_ejemplo,5,1365.6,855.2,37.3755,1365.6,217.0,1074.2,21.3386,193.0,1560.6,31.1675,24.0,1271.6,32.7461
tickets,r50k_base,25,especializado,spec_block_con_ejemplo,5,1365.6,855.2,37.3755,1365.6,631.0,1488.2,-8.9777,317.0,1684.6,11.6586,314.0,1271.6,32.7461
tickets,r50k_base,25,especializado,spec_block_sin_ejemplo,5,1365.6,855.2,37.3755,1365.6,546.0,1403.2,-2.7534,193.0,1560.6,10.0859,353.0,1271.6,32.7461
tickets,r50k_base,25,general_dominio,con_ejemplo,5,1365.6,971.2,28.8811,1365.6,945.0,1917.2,-40.3925,317.0,1684.6,-13.8074,628.0,,
tickets,r50k_base,25,general_dominio,sin_ejemplo,5,1365.6,971.2,28.8811,1365.6,826.0,1798.2,-31.6784,193.0,1560.6,-15.2249,633.0,,
tickets,r50k_base,25,general_fromschema,con_ejemplo,5,1365.6,948.2,30.5653,1365.6,572.0,1522.2,-11.4675,317.0,1684.6,9.6403,255.0,,
tickets,r50k_base,25,general_fromschema,sin_ejemplo,5,1365.6,948.2,30.5653,1365.6,482.0,1432.2,-4.877,193.0,1560.6,8.2276,289.0,,
tickets,r50k_base,50,especializado,compacta_con_ejemplo,5,2696.4,1677.4,37.7911,2696.4,302.0,1981.4,26.5168,317.0,3015.4,34.2906,-15.0,2509.0,33.1447
tickets,r50k_base,50,especializado,compacta_sin_ejemplo,5,2696.4,1677.4,37.7911,2696.4,217.0,1896.4,29.6692,193.0,2891.4,34.4124,24.0,2509.0,33.1447
tickets,r50k_base,50,especializado,spec_block_con_ejemplo,5,2696.4,1677.4,37.7911,2696.4,631.0,2310.4,14.3154,317.0,3015.4,23.38,314.0,2509.0,33.1447
tickets,r50k_base,50,especializado,spec_block_sin_ejemplo,5,2696.4,1677.4,37.7911,2696.4,546.0,2225.4,17.4677,193.0,2891.4,23.0338,353.0,2509.0,33.1447
tickets,r50k_base,50,general_dominio,con_ejemplo,5,2696.4,1886.8,30.0252,2696.4,945.0,2832.8,-5.0586,317.0,3015.4,6.0556,628.0,,
tickets,r50k_base,50,general_dominio,sin_ejemplo,5,2696.4,1886.8,30.0252,2696.4,826.0,2713.8,-0.6453,193.0,2891.4,6.1424,633.0,,
tickets,r50k_base,50,general_fromschema,con_ejemplo,5,2696.4,1863.8,30.8782,2696.4,572.0,2437.8,9.5906,317.0,3015.4,19.155,255.0,,
tickets,r50k_base,50,general_fromschema,sin_ejemplo,5,2696.4,1863.8,30.8782,2696.4,482.0,2347.8,12.9283,193.0,2891.4,18.8006,289.0,,
tickets,r50k_base,100,especializado,compacta_con_ejemplo,5,5346.8,3309.0,38.1125,5346.8,302.0,3613.0,32.4269,317.0,5665.8,36.2314,-15.0,4973.6,33.4687
tickets,r50k_base,100,especializado,compacta_sin_ejemplo,5,5346.8,3309.0,38.1125,5346.8,217.0,3528.0,34.0166,193.0,5541.8,36.3384,24.0,4973.6,33.4687
tickets,r50k_base,100,especializado,spec_block_con_ejemplo,5,5346.8,3309.0,38.1125,5346.8,631.0,3942.0,26.2737,317.0,5665.8,30.4247,314.0,4973.6,33.4687
tickets,r50k_base,100,especializado,spec_block_sin_ejemplo,5,5346.8,3309.0,38.1125,5346.8,546.0,3857.0,27.8634,193.0,5541.8,30.4017,353.0,4973.6,33.4687
tickets,r50k_base,100,general_dominio,con_ejemplo,5,5346.8,3704.2,30.7212,5346.8,945.0,4650.2,13.0284,317.0,5665.8,17.9251,628.0,,
tickets,r50k_base,100,general_dominio,sin_ejemplo,5,5346.8,3704.2,30.7212,5346.8,826.0,4531.2,15.254,193.0,5541.8,18.236,633.0,,
tickets,r50k_base,100,general_fromschema,con_ejemplo,5,5346.8,3681.2,31.1513,5346.8,572.0,4255.2,20.4159,317.0,5665.8,24.8967,255.0,,
tickets,r50k_base,100,general_fromschema,sin_ejemplo,5,5346.8,3681.2,31.1513,5346.8,482.0,4165.2,22.0992,193.0,5541.8,24.8403,289.0,,
tickets,r50k_base,250,especializado,compacta_con_ejemplo,5,13311.0,8222.6,38.227,13311.0,302.0,8526.6,35.9432,317.0,13630.0,37.4424,-15.0,12386.6,33.617
tickets,r50k_base,250,especializado,compacta_sin_ejemplo,5,13311.0,8222.6,38.227,13311.0,217.0,8441.6,36.5818,193.0,13506.0,37.4974,24.0,12386.6,33.617
tickets,r50k_base,250,especializado,spec_block_con_ejemplo,5,13311.0,8222.6,38.227,13311.0,631.0,8855.6,33.4716,317.0,13630.0,35.0286,314.0,12386.6,33.617
tickets,r50k_base,250,especializado,spec_block_sin_ejemplo,5,13311.0,8222.6,38.227,13311.0,546.0,8770.6,34.1101,193.0,13506.0,35.0615,353.0,12386.6,33.617
tickets,r50k_base,250,general_dominio,con_ejemplo,5,13311.0,9169.0,31.1171,13311.0,945.0,10115.0,24.0102,317.0,13630.0,25.7887,628.0,,
tickets,r50k_base,250,general_dominio,sin_ejemplo,5,13311.0,9169.0,31.1171,13311.0,826.0,9996.0,24.9042,193.0,13506.0,25.9884,633.0,,
tickets,r50k_base,250,general_fromschema,con_ejemplo,5,13311.0,9146.0,31.2899,13311.0,572.0,9720.0,26.9777,317.0,13630.0,28.6867,255.0,,
tickets,r50k_base,250,general_fromschema,sin_ejemplo,5,13311.0,9146.0,31.2899,13311.0,482.0,9630.0,27.6538,193.0,13506.0,28.6984,289.0,,
