dominio,tokenizador,n,perfil,instruccion,lotes,salida,instruccion_tokens,total,total_min,total_max,caracteres_salida
comentarios,cl100k_base,1,especializado,compacta_con_ejemplo,5,79.2,301.0,381.2,376,392,243.4
comentarios,cl100k_base,1,especializado,compacta_sin_ejemplo,5,79.2,153.0,232.2,227,243,243.4
comentarios,cl100k_base,1,especializado,spec_block_con_ejemplo,5,79.2,521.0,601.2,596,612,243.4
comentarios,cl100k_base,1,especializado,spec_block_sin_ejemplo,5,79.2,373.0,452.2,447,463,243.4
comentarios,cl100k_base,1,general_dominio,con_ejemplo,5,94.2,805.0,899.2,894,910,269.4
comentarios,cl100k_base,1,general_dominio,sin_ejemplo,5,94.2,636.0,730.2,725,741,269.4
comentarios,cl100k_base,1,general_fromschema,con_ejemplo,5,78.2,508.0,587.2,582,598,242.4
comentarios,cl100k_base,1,general_fromschema,sin_ejemplo,5,78.2,361.0,439.2,434,450,242.4
comentarios,cl100k_base,1,json_abreviado,ninguna,5,87.2,0.0,87.2,82,98,294.4
comentarios,cl100k_base,1,json_compacto,ninguna,5,87.2,0.0,87.2,82,98,294.4
comentarios,cl100k_base,1,json_compacto,schema_con_ejemplo,5,87.2,306.0,394.2,389,405,294.4
comentarios,cl100k_base,1,json_compacto,schema_sin_ejemplo,5,87.2,140.0,228.2,223,239,294.4
comentarios,cl100k_base,1,json_legible,ninguna,5,111.2,0.0,111.2,106,122,352.4
comentarios,cl100k_base,5,especializado,compacta_con_ejemplo,5,354.4,301.0,656.4,623,682,1126.4
comentarios,cl100k_base,5,especializado,compacta_sin_ejemplo,5,354.4,153.0,507.4,474,533,1126.4
comentarios,cl100k_base,5,especializado,spec_block_con_ejemplo,5,354.4,521.0,876.4,843,902,1126.4
comentarios,cl100k_base,5,especializado,spec_block_sin_ejemplo,5,354.4,373.0,727.4,694,753,1126.4
comentarios,cl100k_base,5,general_dominio,con_ejemplo,5,365.4,805.0,1170.4,1137,1196,1150.4
comentarios,cl100k_base,5,general_dominio,sin_ejemplo,5,365.4,636.0,1001.4,968,1027,1150.4
comentarios,cl100k_base,5,general_fromschema,con_ejemplo,5,353.4,508.0,862.4,829,888,1125.4
comentarios,cl100k_base,5,general_fromschema,sin_ejemplo,5,353.4,361.0,714.4,681,740,1125.4
comentarios,cl100k_base,5,json_abreviado,ninguna,5,403.6,0.0,403.6,370,430,1353.4
comentarios,cl100k_base,5,json_compacto,ninguna,5,403.6,0.0,403.6,370,430,1353.4
comentarios,cl100k_base,5,json_compacto,schema_con_ejemplo,5,403.6,306.0,710.6,677,737,1353.4
comentarios,cl100k_base,5,json_compacto,schema_sin_ejemplo,5,403.6,140.0,544.6,511,571,1353.4
comentarios,cl100k_base,5,json_legible,ninguna,5,503.6,0.0,503.6,470,530,1611.4
comentarios,cl100k_base,10,especializado,compacta_con_ejemplo,5,708.0,301.0,1010.0,968,1036,2257.4
comentarios,cl100k_base,10,especializado,compacta_sin_ejemplo,5,708.0,153.0,861.0,819,887,2257.4
comentarios,cl100k_base,10,especializado,spec_block_con_ejemplo,5,708.0,521.0,1230.0,1188,1256,2257.4
comentarios,cl100k_base,10,especializado,spec_block_sin_ejemplo,5,708.0,373.0,1081.0,1039,1107,2257.4
comentarios,cl100k_base,10,general_dominio,con_ejemplo,5,723.0,805.0,1528.0,1486,1554,2283.4
comentarios,cl100k_base,10,general_dominio,sin_ejemplo,5,723.0,636.0,1359.0,1317,1385,2283.4
comentarios,cl100k_base,10,general_fromschema,con_ejemplo,5,707.0,508.0,1216.0,1174,1242,2256.4
comentarios,cl100k_base,10,general_fromschema,sin_ejemplo,5,707.0,361.0,1068.0,1026,1094,2256.4
comentarios,cl100k_base,10,json_abreviado,ninguna,5,807.2,0.0,807.2,766,832,2703.4
comentarios,cl100k_base,10,json_compacto,ninguna,5,807.2,0.0,807.2,766,832,2703.4
comentarios,cl100k_base,10,json_compacto,schema_con_ejemplo,5,807.2,306.0,1114.2,1073,1139,2703.4
comentarios,cl100k_base,10,json_compacto,schema_sin_ejemplo,5,807.2,140.0,948.2,907,973,2703.4
comentarios,cl100k_base,10,json_legible,ninguna,5,1002.2,0.0,1002.2,961,1027,3211.4
comentarios,cl100k_base,25,especializado,compacta_con_ejemplo,5,1798.6,301.0,2100.6,2050,2149,5815.2
comentarios,cl100k_base,25,especializado,compacta_sin_ejemplo,5,1798.6,153.0,1951.6,1901,2000,5815.2
comentarios,cl100k_base,25,especializado,spec_block_con_ejemplo,5,1798.6,521.0,2320.6,2270,2369,5815.2
comentarios,cl100k_base,25,especializado,spec_block_sin_ejemplo,5,1798.6,373.0,2171.6,2121,2220,5815.2
comentarios,cl100k_base,25,general_dominio,con_ejemplo,5,1813.6,805.0,2618.6,2568,2667,5841.2
comentarios,cl100k_base,25,general_dominio,sin_ejemplo,5,1813.6,636.0,2449.6,2399,2498,5841.2
comentarios,cl100k_base,25,general_fromschema,con_ejemplo,5,1797.6,508.0,2306.6,2256,2355,5814.2
comentarios,cl100k_base,25,general_fromschema,sin_ejemplo,5,1797.6,361.0,2158.6,2108,2207,5814.2
comentarios,cl100k_base,25,json_abreviado,ninguna,5,2049.4,0.0,2049.4,2002,2098,6921.2
comentarios,cl100k_base,25,json_compacto,ninguna,5,2049.4,0.0,2049.4,2002,2098,6921.2
comentarios,cl100k_base,25,json_compacto,schema_con_ejemplo,5,2049.4,306.0,2356.4,2309,2405,6921.2
comentarios,cl100k_base,25,json_compacto,schema_sin_ejemplo,5,2049.4,140.0,2190.4,2143,2239,6921.2
comentarios,cl100k_base,25,json_legible,ninguna,5,2529.4,0.0,2529.4,2482,2578,8179.2
comentarios,cl100k_base,50,especializado,compacta_con_ejemplo,5,3635.6,301.0,3937.6,3818,3998,11806.2
comentarios,cl100k_base,50,especializado,compacta_sin_ejemplo,5,3635.6,153.0,3788.6,3669,3849,11806.2
comentarios,cl100k_base,50,especializado,spec_block_con_ejemplo,5,3635.6,521.0,4157.6,4038,4218,11806.2
comentarios,cl100k_base,50,especializado,spec_block_sin_ejemplo,5,3635.6,373.0,4008.6,3889,4069,11806.2
comentarios,cl100k_base,50,general_dominio,con_ejemplo,5,3650.6,805.0,4455.6,4336,4516,11832.2
comentarios,cl100k_base,50,general_dominio,sin_ejemplo,5,3650.6,636.0,4286.6,4167,4347,11832.2
comentarios,cl100k_base,50,general_fromschema,con_ejemplo,5,3634.6,508.0,4143.6,4024,4204,11805.2
comentarios,cl100k_base,50,general_fromschema,sin_ejemplo,5,3634.6,361.0,3995.6,3876,4056,11805.2
comentarios,cl100k_base,50,json_abreviado,ninguna,5,4139.6,0.0,4139.6,4020,4205,14012.2
comentarios,cl100k_base,50,json_compacto,ninguna,5,4139.6,0.0,4139.6,4020,4205,14012.2
comentarios,cl100k_base,50,json_compacto,schema_con_ejemplo,5,4139.6,306.0,4446.6,4327,4512,14012.2
comentarios,cl100k_base,50,json_compacto,schema_sin_ejemplo,5,4139.6,140.0,4280.6,4161,4346,14012.2
comentarios,cl100k_base,50,json_legible,ninguna,5,5094.6,0.0,5094.6,4975,5160,16520.2
comentarios,cl100k_base,100,especializado,compacta_con_ejemplo,3,7285.6667,301.0,7587.6667,7430,7678,23704.3333
comentarios,cl100k_base,100,especializado,compacta_sin_ejemplo,3,7285.6667,153.0,7438.6667,7281,7529,23704.3333
comentarios,cl100k_base,100,especializado,spec_block_con_ejemplo,3,7285.6667,521.0,7807.6667,7650,7898,23704.3333
comentarios,cl100k_base,100,especializado,spec_block_sin_ejemplo,3,7285.6667,373.0,7658.6667,7501,7749,23704.3333
comentarios,cl100k_base,100,general_dominio,con_ejemplo,3,7300.6667,805.0,8105.6667,7948,8196,23730.3333
comentarios,cl100k_base,100,general_dominio,sin_ejemplo,3,7300.6667,636.0,7936.6667,7779,8027,23730.3333
comentarios,cl100k_base,100,general_fromschema,con_ejemplo,3,7284.6667,508.0,7793.6667,7636,7884,23703.3333
comentarios,cl100k_base,100,general_fromschema,sin_ejemplo,3,7284.6667,361.0,7645.6667,7488,7736,23703.3333
comentarios,cl100k_base,100,json_abreviado,ninguna,3,8295.3333,0.0,8295.3333,8137,8382,28109.3333
comentarios,cl100k_base,100,json_compacto,ninguna,3,8295.3333,0.0,8295.3333,8137,8382,28109.3333
comentarios,cl100k_base,100,json_compacto,schema_con_ejemplo,3,8295.3333,306.0,8602.3333,8444,8689,28109.3333
comentarios,cl100k_base,100,json_compacto,schema_sin_ejemplo,3,8295.3333,140.0,8436.3333,8278,8523,28109.3333
comentarios,cl100k_base,100,json_legible,ninguna,3,10200.3333,0.0,10200.3333,10042,10287,33117.3333
comentarios,cl100k_base,250,especializado,compacta_con_ejemplo,1,18154.0,301.0,18456.0,18456,18456,59000.0
comentarios,cl100k_base,250,especializado,compacta_sin_ejemplo,1,18154.0,153.0,18307.0,18307,18307,59000.0
comentarios,cl100k_base,250,especializado,spec_block_con_ejemplo,1,18154.0,521.0,18676.0,18676,18676,59000.0
comentarios,cl100k_base,250,especializado,spec_block_sin_ejemplo,1,18154.0,373.0,18527.0,18527,18527,59000.0
comentarios,cl100k_base,250,general_dominio,con_ejemplo,1,18169.0,805.0,18974.0,18974,18974,59026.0
comentarios,cl100k_base,250,general_dominio,sin_ejemplo,1,18169.0,636.0,18805.0,18805,18805,59026.0
comentarios,cl100k_base,250,general_fromschema,con_ejemplo,1,18153.0,508.0,18662.0,18662,18662,58999.0
comentarios,cl100k_base,250,general_fromschema,sin_ejemplo,1,18153.0,361.0,18514.0,18514,18514,58999.0
comentarios,cl100k_base,250,json_abreviado,ninguna,1,20682.0,0.0,20682.0,20682,20682,70005.0
comentarios,cl100k_base,250,json_compacto,ninguna,1,20682.0,0.0,20682.0,20682,20682,70005.0
comentarios,cl100k_base,250,json_compacto,schema_con_ejemplo,1,20682.0,306.0,20989.0,20989,20989,70005.0
comentarios,cl100k_base,250,json_compacto,schema_sin_ejemplo,1,20682.0,140.0,20823.0,20823,20823,70005.0
comentarios,cl100k_base,250,json_legible,ninguna,1,25437.0,0.0,25437.0,25437,25437,82513.0
comentarios,o200k_base,1,especializado,compacta_con_ejemplo,5,66.4,270.0,337.4,332,347,243.4
comentarios,o200k_base,1,especializado,compacta_sin_ejemplo,5,66.4,143.0,209.4,204,219,243.4
comentarios,o200k_base,1,especializado,spec_block_con_ejemplo,5,66.4,473.0,540.4,535,550,243.4
comentarios,o200k_base,1,especializado,spec_block_sin_ejemplo,5,66.4,346.0,412.4,407,422,243.4
comentarios,o200k_base,1,general_dominio,con_ejemplo,5,83.4,746.0,829.4,824,839,269.4
comentarios,o200k_base,1,general_dominio,sin_ejemplo,5,83.4,595.0,678.4,673,688,269.4
comentarios,o200k_base,1,general_fromschema,con_ejemplo,5,65.4,461.0,527.4,522,537,242.4
comentarios,o200k_base,1,general_fromschema,sin_ejemplo,5,65.4,335.0,400.4,395,410,242.4
comentarios,o200k_base,1,json_abreviado,ninguna,5,76.4,0.0,76.4,71,86,294.4
comentarios,o200k_base,1,json_compacto,ninguna,5,76.4,0.0,76.4,71,86,294.4
comentarios,o200k_base,1,json_compacto,schema_con_ejemplo,5,76.4,290.0,367.4,362,377,294.4
comentarios,o200k_base,1,json_compacto,schema_sin_ejemplo,5,76.4,143.0,219.4,214,229,294.4
comentarios,o200k_base,1,json_legible,ninguna,5,99.4,0.0,99.4,94,109,352.4
comentarios,o200k_base,5,especializado,compacta_con_ejemplo,5,299.0,270.0,570.0,547,586,1126.4
comentarios,o200k_base,5,especializado,compacta_sin_ejemplo,5,299.0,143.0,442.0,419,458,1126.4
comentarios,o200k_base,5,especializado,spec_block_con_ejemplo,5,299.0,473.0,773.0,750,789,1126.4
comentarios,o200k_base,5,especializado,spec_block_sin_ejemplo,5,299.0,346.0,645.0,622,661,1126.4
comentarios,o200k_base,5,general_dominio,con_ejemplo,5,313.0,746.0,1059.0,1036,1075,1150.4
comentarios,o200k_base,5,general_dominio,sin_ejemplo,5,313.0,595.0,908.0,885,924,1150.4
comentarios,o200k_base,5,general_fromschema,con_ejemplo,5,298.0,461.0,760.0,737,776,1125.4
comentarios,o200k_base,5,general_fromschema,sin_ejemplo,5,298.0,335.0,633.0,610,649,1125.4
comentarios,o200k_base,5,json_abreviado,ninguna,5,353.4,0.0,353.4,330,370,1353.4
comentarios,o200k_base,5,json_compacto,ninguna,5,353.4,0.0,353.4,330,370,1353.4
comentarios,o200k_base,5,json_compacto,schema_con_ejemplo,5,353.4,290.0,644.4,621,661,1353.4
comentarios,o200k_base,5,json_compacto,schema_sin_ejemplo,5,353.4,143.0,496.4,473,513,1353.4
comentarios,o200k_base,5,json_legible,ninguna,5,452.4,0.0,452.4,429,469,1611.4
comentarios,o200k_base,10,especializado,compacta_con_ejemplo,5,593.2,270.0,864.2,835,889,2257.4
comentarios,o200k_base,10,especializado,compacta_sin_ejemplo,5,593.2,143.0,736.2,707,761,2257.4
comentarios,o200k_base,10,especializado,spec_block_con_ejemplo,5,593.2,473.0,1067.2,1038,1092,2257.4
comentarios,o200k_base,10,especializado,spec_block_sin_ejemplo,5,593.2,346.0,939.2,910,964,2257.4
comentarios,o200k_base,10,general_dominio,con_ejemplo,5,610.2,746.0,1356.2,1327,1381,2283.4
comentarios,o200k_base,10,general_dominio,sin_ejemplo,5,610.2,595.0,1205.2,1176,1230,2283.4
comentarios,o200k_base,10,general_fromschema,con_ejemplo,5,592.2,461.0,1054.2,1025,1079,2256.4
comentarios,o200k_base,10,general_fromschema,sin_ejemplo,5,592.2,335.0,927.2,898,952,2256.4
comentarios,o200k_base,10,json_abreviado,ninguna,5,702.6,0.0,702.6,674,727,2703.4
comentarios,o200k_base,10,json_compacto,ninguna,5,702.6,0.0,702.6,674,727,2703.4
comentarios,o200k_base,10,json_compacto,schema_con_ejemplo,5,702.6,290.0,993.6,965,1018,2703.4
comentarios,o200k_base,10,json_compacto,schema_sin_ejemplo,5,702.6,143.0,845.6,817,870,2703.4
comentarios,o200k_base,10,json_legible,ninguna,5,896.6,0.0,896.6,868,921,3211.4
comentarios,o200k_base,25,especializado,compacta_con_ejemplo,5,1506.0,270.0,1777.0,1742,1828,5815.2
comentarios,o200k_base,25,especializado,compacta_sin_ejemplo,5,1506.0,143.0,1649.0,1614,1700,5815.2
comentarios,o200k_base,25,especializado,spec_block_con_ejemplo,5,1506.0,473.0,1980.0,1945,2031,5815.2
comentarios,o200k_base,25,especializado,spec_block_sin_ejemplo,5,1506.0,346.0,1852.0,1817,1903,5815.2
comentarios,o200k_base,25,general_dominio,con_ejemplo,5,1523.0,746.0,2269.0,2234,2320,5841.2
comentarios,o200k_base,25,general_dominio,sin_ejemplo,5,1523.0,595.0,2118.0,2083,2169,5841.2
comentarios,o200k_base,25,general_fromschema,con_ejemplo,5,1505.0,461.0,1967.0,1932,2018,5814.2
comentarios,o200k_base,25,general_fromschema,sin_ejemplo,5,1505.0,335.0,1840.0,1805,1891,5814.2
comentarios,o200k_base,25,json_abreviado,ninguna,5,1781.0,0.0,1781.0,1747,1831,6921.2
comentarios,o200k_base,25,json_compacto,ninguna,5,1781.0,0.0,1781.0,1747,1831,6921.2
comentarios,o200k_base,25,json_compacto,schema_con_ejemplo,5,1781.0,290.0,2072.0,2038,2122,6921.2
comentarios,o200k_base,25,json_compacto,schema_sin_ejemplo,5,1781.0,143.0,1924.0,1890,1974,6921.2
comentarios,o200k_base,25,json_legible,ninguna,5,2260.0,0.0,2260.0,2226,2310,8179.2
comentarios,o200k_base,50,especializado,compacta_con_ejemplo,5,3041.0,270.0,3312.0,3213,3370,11806.2
comentarios,o200k_base,50,especializado,compacta_sin_ejemplo,5,3041.0,143.0,3184.0,3085,3242,11806.2
comentarios,o200k_base,50,especializado,spec_block_con_ejemplo,5,3041.0,473.0,3515.0,3416,3573,11806.2
comentarios,o200k_base,50,especializado,spec_block_sin_ejemplo,5,3041.0,346.0,3387.0,3288,3445,11806.2
comentarios,o200k_base,50,general_dominio,con_ejemplo,5,3058.0,746.0,3804.0,3705,3862,11832.2
comentarios,o200k_base,50,general_dominio,sin_ejemplo,5,3058.0,595.0,3653.0,3554,3711,11832.2
comentarios,o200k_base,50,general_fromschema,con_ejemplo,5,3040.0,461.0,3502.0,3403,3560,11805.2
comentarios,o200k_base,50,general_fromschema,sin_ejemplo,5,3040.0,335.0,3375.0,3276,3433,11805.2
comentarios,o200k_base,50,json_abreviado,ninguna,5,3591.6,0.0,3591.6,3493,3651,14012.2
comentarios,o200k_base,50,json_compacto,ninguna,5,3591.6,0.0,3591.6,3493,3651,14012.2
comentarios,o200k_base,50,json_compacto,schema_con_ejemplo,5,3591.6,290.0,3882.6,3784,3942,14012.2
comentarios,o200k_base,50,json_compacto,schema_sin_ejemplo,5,3591.6,143.0,3734.6,3636,3794,14012.2
comentarios,o200k_base,50,json_legible,ninguna,5,4545.6,0.0,4545.6,4447,4605,16520.2
comentarios,o200k_base,100,especializado,compacta_con_ejemplo,3,6085.3333,270.0,6356.3333,6226,6436,23704.3333
comentarios,o200k_base,100,especializado,compacta_sin_ejemplo,3,6085.3333,143.0,6228.3333,6098,6308,23704.3333
comentarios,o200k_base,100,especializado,spec_block_con_ejemplo,3,6085.3333,473.0,6559.3333,6429,6639,23704.3333
comentarios,o200k_base,100,especializado,spec_block_sin_ejemplo,3,6085.3333,346.0,6431.3333,6301,6511,23704.3333
comentarios,o200k_base,100,general_dominio,con_ejemplo,3,6102.3333,746.0,6848.3333,6718,6928,23730.3333
comentarios,o200k_base,100,general_dominio,sin_ejemplo,3,6102.3333,595.0,6697.3333,6567,6777,23730.3333
comentarios,o200k_base,100,general_fromschema,con_ejemplo,3,6084.3333,461.0,6546.3333,6416,6626,23703.3333
comentarios,o200k_base,100,general_fromschema,sin_ejemplo,3,6084.3333,335.0,6419.3333,6289,6499,23703.3333
comentarios,o200k_base,100,json_abreviado,ninguna,3,7187.0,0.0,7187.0,7059,7267,28109.3333
comentarios,o200k_base,100,json_compacto,ninguna,3,7187.0,0.0,7187.0,7059,7267,28109.3333
comentarios,o200k_base,100,json_compacto,schema_con_ejemplo,3,7187.0,290.0,7478.0,7350,7558,28109.3333
comentarios,o200k_base,100,json_compacto,schema_sin_ejemplo,3,7187.0,143.0,7330.0,7202,7410,28109.3333
comentarios,o200k_base,100,json_legible,ninguna,3,9091.0,0.0,9091.0,8963,9171,33117.3333
comentarios,o200k_base,250,especializado,compacta_con_ejemplo,1,15181.0,270.0,15452.0,15452,15452,59000.0
comentarios,o200k_base,250,especializado,compacta_sin_ejemplo,1,15181.0,143.0,15324.0,15324,15324,59000.0
comentarios,o200k_base,250,especializado,spec_block_con_ejemplo,1,15181.0,473.0,15655.0,15655,15655,59000.0
comentarios,o200k_base,250,especializado,spec_block_sin_ejemplo,1,15181.0,346.0,15527.0,15527,15527,59000.0
comentarios,o200k_base,250,general_dominio,con_ejemplo,1,15198.0,746.0,15944.0,15944,15944,59026.0
comentarios,o200k_base,250,general_dominio,sin_ejemplo,1,15198.0,595.0,15793.0,15793,15793,59026.0
comentarios,o200k_base,250,general_fromschema,con_ejemplo,1,15180.0,461.0,15642.0,15642,15642,58999.0
comentarios,o200k_base,250,general_fromschema,sin_ejemplo,1,15180.0,335.0,15515.0,15515,15515,58999.0
comentarios,o200k_base,250,json_abreviado,ninguna,1,17938.0,0.0,17938.0,17938,17938,70005.0
comentarios,o200k_base,250,json_compacto,ninguna,1,17938.0,0.0,17938.0,17938,17938,70005.0
comentarios,o200k_base,250,json_compacto,schema_con_ejemplo,1,17938.0,290.0,18229.0,18229,18229,70005.0
comentarios,o200k_base,250,json_compacto,schema_sin_ejemplo,1,17938.0,143.0,18081.0,18081,18081,70005.0
comentarios,o200k_base,250,json_legible,ninguna,1,22692.0,0.0,22692.0,22692,22692,82513.0
comentarios,r50k_base,1,especializado,compacta_con_ejemplo,5,93.2,388.0,483.2,473,497,243.4
comentarios,r50k_base,1,especializado,compacta_sin_ejemplo,5,93.2,203.0,298.2,288,312,243.4
comentarios,r50k_base,1,especializado,spec_block_con_ejemplo,5,93.2,669.0,764.2,754,778,243.4
comentarios,r50k_base,1,especializado,spec_block_sin_ejemplo,5,93.2,484.0,579.2,569,593,243.4
comentarios,r50k_base,1,general_dominio,con_ejemplo,5,112.2,1023.0,1136.2,1126,1150,269.4
comentarios,r50k_base,1,general_dominio,sin_ejemplo,5,112.2,813.0,926.2,916,940,269.4
comentarios,r50k_base,1,general_fromschema,con_ejemplo,5,92.2,650.0,744.2,734,758,242.4
comentarios,r50k_base,1,general_fromschema,sin_ejemplo,5,92.2,466.0,560.2,550,574,242.4
comentarios,r50k_base,1,json_abreviado,ninguna,5,102.2,0.0,102.2,92,116,294.4
comentarios,r50k_base,1,json_compacto,ninguna,5,102.2,0.0,102.2,92,116,294.4
comentarios,r50k_base,1,json_compacto,schema_con_ejemplo,5,102.2,374.0,478.2,468,492,294.4
comentarios,r50k_base,1,json_compacto,schema_sin_ejemplo,5,102.2,169.0,273.2,263,287,294.4
comentarios,r50k_base,1,json_legible,ninguna,5,158.2,0.0,158.2,148,172,352.4
comentarios,r50k_base,5,especializado,compacta_con_ejemplo,5,413.6,388.0,803.6,766,832,1126.4
comentarios,r50k_base,5,especializado,compacta_sin_ejemplo,5,413.6,203.0,618.6,581,647,1126.4
comentarios,r50k_base,5,especializado,spec_block_con_ejemplo,5,413.6,669.0,1084.6,1047,1113,1126.4
comentarios,r50k_base,5,especializado,spec_block_sin_ejemplo,5,413.6,484.0,899.6,862,928,1126.4
comentarios,r50k_base,5,general_dominio,con_ejemplo,5,431.6,1023.0,1455.6,1418,1484,1150.4
comentarios,r50k_base,5,general_dominio,sin_ejemplo,5,431.6,813.0,1245.6,1208,1274,1150.4
comentarios,r50k_base,5,general_fromschema,con_ejemplo,5,412.6,650.0,1064.6,1027,1093,1125.4
comentarios,r50k_base,5,general_fromschema,sin_ejemplo,5,412.6,466.0,880.6,843,909,1125.4
comentarios,r50k_base,5,json_abreviado,ninguna,5,466.6,0.0,466.6,429,495,1353.4
comentarios,r50k_base,5,json_compacto,ninguna,5,466.6,0.0,466.6,429,495,1353.4
comentarios,r50k_base,5,json_compacto,schema_con_ejemplo,5,466.6,374.0,842.6,805,871,1353.4
comentarios,r50k_base,5,json_compacto,schema_sin_ejemplo,5,466.6,169.0,637.6,600,666,1353.4
comentarios,r50k_base,5,json_legible,ninguna,5,714.6,0.0,714.6,677,743,1611.4
comentarios,r50k_base,10,especializado,compacta_con_ejemplo,5,829.0,388.0,1219.0,1174,1249,2257.4
comentarios,r50k_base,10,especializado,compacta_sin_ejemplo,5,829.0,203.0,1034.0,989,1064,2257.4
comentarios,r50k_base,10,especializado,spec_block_con_ejemplo,5,829.0,669.0,1500.0,1455,1530,2257.4
comentarios,r50k_base,10,especializado,spec_block_sin_ejemplo,5,829.0,484.0,1315.0,1270,1345,2257.4
comentarios,r50k_base,10,general_dominio,con_ejemplo,5,848.0,1023.0,1872.0,1827,1902,2283.4
comentarios,r50k_base,10,general_dominio,sin_ejemplo,5,848.0,813.0,1662.0,1617,1692,2283.4
comentarios,r50k_base,10,general_fromschema,con_ejemplo,5,828.0,650.0,1480.0,1435,1510,2256.4
comentarios,r50k_base,10,general_fromschema,sin_ejemplo,5,828.0,466.0,1296.0,1251,1326,2256.4
comentarios,r50k_base,10,json_abreviado,ninguna,5,937.0,0.0,937.0,892,967,2703.4
comentarios,r50k_base,10,json_compacto,ninguna,5,937.0,0.0,937.0,892,967,2703.4
comentarios,r50k_base,10,json_compacto,schema_con_ejemplo,5,937.0,374.0,1313.0,1268,1343,2703.4
comentarios,r50k_base,10,json_compacto,schema_sin_ejemplo,5,937.0,169.0,1108.0,1063,1138,2703.4
comentarios,r50k_base,10,json_legible,ninguna,5,1425.0,0.0,1425.0,1380,1455,3211.4
comentarios,r50k_base,25,especializado,compacta_con_ejemplo,5,2110.8,388.0,2500.8,2434,2584,5815.2
comentarios,r50k_base,25,especializado,compacta_sin_ejemplo,5,2110.8,203.0,2315.8,2249,2399,5815.2
comentarios,r50k_base,25,especializado,spec_block_con_ejemplo,5,2110.8,669.0,2781.8,2715,2865,5815.2
comentarios,r50k_base,25,especializado,spec_block_sin_ejemplo,5,2110.8,484.0,2596.8,2530,2680,5815.2
comentarios,r50k_base,25,general_dominio,con_ejemplo,5,2129.8,1023.0,3153.8,3087,3237,5841.2
comentarios,r50k_base,25,general_dominio,sin_ejemplo,5,2129.8,813.0,2943.8,2877,3027,5841.2
comentarios,r50k_base,25,general_fromschema,con_ejemplo,5,2109.8,650.0,2761.8,2695,2845,5814.2
comentarios,r50k_base,25,general_fromschema,sin_ejemplo,5,2109.8,466.0,2577.8,2511,2661,5814.2
comentarios,r50k_base,25,json_abreviado,ninguna,5,2383.8,0.0,2383.8,2317,2467,6921.2
comentarios,r50k_base,25,json_compacto,ninguna,5,2383.8,0.0,2383.8,2317,2467,6921.2
comentarios,r50k_base,25,json_compacto,schema_con_ejemplo,5,2383.8,374.0,2759.8,2693,2843,6921.2
comentarios,r50k_base,25,json_compacto,schema_sin_ejemplo,5,2383.8,169.0,2554.8,2488,2638,6921.2
comentarios,r50k_base,25,json_legible,ninguna,5,3591.8,0.0,3591.8,3525,3675,8179.2
comentarios,r50k_base,50,especializado,compacta_con_ejemplo,5,4287.6,388.0,4677.6,4511,4765,11806.2
comentarios,r50k_base,50,especializado,compacta_sin_ejemplo,5,4287.6,203.0,4492.6,4326,4580,11806.2
comentarios,r50k_base,50,especializado,spec_block_con_ejemplo,5,4287.6,669.0,4958.6,4792,5046,11806.2
comentarios,r50k_base,50,especializado,spec_block_sin_ejemplo,5,4287.6,484.0,4773.6,4607,4861,11806.2
comentarios,r50k_base,50,general_dominio,con_ejemplo,5,4306.6,1023.0,5330.6,5164,5418,11832.2
comentarios,r50k_base,50,general_dominio,sin_ejemplo,5,4306.6,813.0,5120.6,4954,5208,11832.2
comentarios,r50k_base,50,general_fromschema,con_ejemplo,5,4286.6,650.0,4938.6,4772,5026,11805.2
comentarios,r50k_base,50,general_fromschema,sin_ejemplo,5,4286.6,466.0,4754.6,4588,4842,11805.2
comentarios,r50k_base,50,json_abreviado,ninguna,5,4835.6,0.0,4835.6,4669,4923,14012.2
comentarios,r50k_base,50,json_compacto,ninguna,5,4835.6,0.0,4835.6,4669,4923,14012.2
comentarios,r50k_base,50,json_compacto,schema_con_ejemplo,5,4835.6,374.0,5211.6,5045,5299,14012.2
comentarios,r50k_base,50,json_compacto,schema_sin_ejemplo,5,4835.6,169.0,5006.6,4840,5094,14012.2
comentarios,r50k_base,50,json_legible,ninguna,5,7245.0,0.0,7245.0,7077,7331,16520.2
comentarios,r50k_base,100,especializado,compacta_con_ejemplo,3,8609.3333,388.0,8999.3333,8732,9154,23704.3333
comentarios,r50k_base,100,especializado,compacta_sin_ejemplo,3,8609.3333,203.0,8814.3333,8547,8969,23704.3333
comentarios,r50k_base,100,especializado,spec_block_con_ejemplo,3,8609.3333,669.0,9280.3333,9013,9435,23704.3333
comentarios,r50k_base,100,especializado,spec_block_sin_ejemplo,3,8609.3333,484.0,9095.3333,8828,9250,23704.3333
comentarios,r50k_base,100,general_dominio,con_ejemplo,3,8628.3333,1023.0,9652.3333,9385,9807,23730.3333
comentarios,r50k_base,100,general_dominio,sin_ejemplo,3,8628.3333,813.0,9442.3333,9175,9597,23730.3333
comentarios,r50k_base,100,general_fromschema,con_ejemplo,3,8608.3333,650.0,9260.3333,8993,9415,23703.3333
comentarios,r50k_base,100,general_fromschema,sin_ejemplo,3,8608.3333,466.0,9076.3333,8809,9231,23703.3333
comentarios,r50k_base,100,json_abreviado,ninguna,3,9707.3333,0.0,9707.3333,9440,9862,28109.3333
comentarios,r50k_base,100,json_compacto,ninguna,3,9707.3333,0.0,9707.3333,9440,9862,28109.3333
comentarios,r50k_base,100,json_compacto,schema_con_ejemplo,3,9707.3333,374.0,10083.3333,9816,10238,28109.3333
comentarios,r50k_base,100,json_compacto,schema_sin_ejemplo,3,9707.3333,169.0,9878.3333,9611,10033,28109.3333
comentarios,r50k_base,100,json_legible,ninguna,3,14521.0,0.0,14521.0,14248,14687,33117.3333
comentarios,r50k_base,250,especializado,compacta_con_ejemplo,1,21414.0,388.0,21804.0,21804,21804,59000.0
comentarios,r50k_base,250,especializado,compacta_sin_ejemplo,1,21414.0,203.0,21619.0,21619,21619,59000.0
comentarios,r50k_base,250,especializado,spec_block_con_ejemplo,1,21414.0,669.0,22085.0,22085,22085,59000.0
comentarios,r50k_base,250,especializado,spec_block_sin_ejemplo,1,21414.0,484.0,21900.0,21900,21900,59000.0
comentarios,r50k_base,250,general_dominio,con_ejemplo,1,21433.0,1023.0,22457.0,22457,22457,59026.0
comentarios,r50k_base,250,general_dominio,sin_ejemplo,1,21433.0,813.0,22247.0,22247,22247,59026.0
comentarios,r50k_base,250,general_fromschema,con_ejemplo,1,21413.0,650.0,22065.0,22065,22065,58999.0
comentarios,r50k_base,250,general_fromschema,sin_ejemplo,1,21413.0,466.0,21881.0,21881,21881,58999.0
comentarios,r50k_base,250,json_abreviado,ninguna,1,24162.0,0.0,24162.0,24162,24162,70005.0
comentarios,r50k_base,250,json_compacto,ninguna,1,24162.0,0.0,24162.0,24162,24162,70005.0
comentarios,r50k_base,250,json_compacto,schema_con_ejemplo,1,24162.0,374.0,24538.0,24538,24538,70005.0
comentarios,r50k_base,250,json_compacto,schema_sin_ejemplo,1,24162.0,169.0,24333.0,24333,24333,70005.0
comentarios,r50k_base,250,json_legible,ninguna,1,36177.0,0.0,36177.0,36177,36177,82513.0
eventos,cl100k_base,1,especializado,compacta_con_ejemplo,5,29.2,377.0,407.2,406,408,42.4
eventos,cl100k_base,1,especializado,compacta_sin_ejemplo,5,29.2,331.0,360.2,359,361,42.4
eventos,cl100k_base,1,especializado,spec_block_con_ejemplo,5,29.2,702.0,732.2,731,733,42.4
eventos,cl100k_base,1,especializado,spec_block_sin_ejemplo,5,29.2,656.0,685.2,684,686,42.4
eventos,cl100k_base,1,general_dominio,con_ejemplo,5,63.6,851.0,914.6,913,916,124.2
eventos,cl100k_base,1,general_dominio,sin_ejemplo,5,63.6,737.0,800.6,799,802,124.2
eventos,cl100k_base,1,general_fromschema,con_ejemplo,5,46.6,621.0,668.6,667,670,97.2
eventos,cl100k_base,1,general_fromschema,sin_ejemplo,5,46.6,530.0,576.6,575,578,97.2
eventos,cl100k_base,1,json_abreviado,ninguna,5,54.0,0.0,54.0,54,54,146.4
eventos,cl100k_base,1,json_compacto,ninguna,5,72.6,0.0,72.6,71,74,212.2
eventos,cl100k_base,1,json_compacto,schema_con_ejemplo,5,72.6,475.0,547.6,546,549,212.2
eventos,cl100k_base,1,json_compacto,schema_sin_ejemplo,5,72.6,332.0,405.6,404,407,212.2
eventos,cl100k_base,1,json_legible,ninguna,5,107.6,0.0,107.6,106,109,302.2
eventos,cl100k_base,5,especializado,compacta_con_ejemplo,5,88.8,377.0,466.8,463,470,136.8
eventos,cl100k_base,5,especializado,compacta_sin_ejemplo,5,88.8,331.0,419.8,416,423,136.8
eventos,cl100k_base,5,especializado,spec_block_con_ejemplo,5,88.8,702.0,791.8,788,795,136.8
eventos,cl100k_base,5,especializado,spec_block_sin_ejemplo,5,88.8,656.0,744.8,741,748,136.8
eventos,cl100k_base,5,general_dominio,con_ejemplo,5,200.2,851.0,1051.2,1034,1057,444.6
eventos,cl100k_base,5,general_dominio,sin_ejemplo,5,200.2,737.0,937.2,920,943,444.6
eventos,cl100k_base,5,general_fromschema,con_ejemplo,5,209.4,621.0,831.4,825,835,462.0
eventos,cl100k_base,5,general_fromschema,sin_ejemplo,5,209.4,530.0,739.4,733,743,462.0
eventos,cl100k_base,5,json_abreviado,ninguna,5,214.6,0.0,214.6,214,215,616.8
eventos,cl100k_base,5,json_compacto,ninguna,5,340.4,0.0,340.4,334,343,1009.4
eventos,cl100k_base,5,json_compacto,schema_con_ejemplo,5,340.4,475.0,815.4,809,818,1009.4
eventos,cl100k_base,5,json_compacto,schema_sin_ejemplo,5,340.4,332.0,673.4,667,676,1009.4
eventos,cl100k_base,5,json_legible,ninguna,5,495.4,0.0,495.4,489,498,1427.4
eventos,cl100k_base,10,especializado,compacta_con_ejemplo,5,163.8,377.0,541.8,536,545,255.6
eventos,cl100k_base,10,especializado,compacta_sin_ejemplo,5,163.8,331.0,494.8,489,498,255.6
eventos,cl100k_base,10,especializado,spec_block_con_ejemplo,5,163.8,702.0,866.8,861,870,255.6
eventos,cl100k_base,10,especializado,spec_block_sin_ejemplo,5,163.8,656.0,819.8,814,823,255.6
eventos,cl100k_base,10,general_dominio,con_ejemplo,5,373.0,851.0,1224.0,1206,1235,797.6
eventos,cl100k_base,10,general_dominio,sin_ejemplo,5,373.0,737.0,1110.0,1092,1121,797.6
eventos,cl100k_base,10,general_fromschema,con_ejemplo,5,412.8,621.0,1034.8,1026,1039,919.8
eventos,cl100k_base,10,general_fromschema,sin_ejemplo,5,412.8,530.0,942.8,934,947,919.8
eventos,cl100k_base,10,json_abreviado,ninguna,5,414.8,0.0,414.8,414,416,1204.6
eventos,cl100k_base,10,json_compacto,ninguna,5,676.0,0.0,676.0,667,682,2007.8
eventos,cl100k_base,10,json_compacto,schema_con_ejemplo,5,676.0,475.0,1151.0,1142,1157,2007.8
eventos,cl100k_base,10,json_compacto,schema_sin_ejemplo,5,676.0,332.0,1009.0,1000,1015,2007.8
eventos,cl100k_base,10,json_legible,ninguna,5,981.0,0.0,981.0,972,987,2835.8
eventos,cl100k_base,25,especializado,compacta_con_ejemplo,5,388.8,377.0,766.8,761,773,617.4
eventos,cl100k_base,25,especializado,compacta_sin_ejemplo,5,388.8,331.0,719.8,714,726,617.4
eventos,cl100k_base,25,especializado,spec_block_con_ejemplo,5,388.8,702.0,1091.8,1086,1098,617.4
eventos,cl100k_base,25,especializado,spec_block_sin_ejemplo,5,388.8,656.0,1044.8,1039,1051,617.4
eventos,cl100k_base,25,general_dominio,con_ejemplo,5,735.4,851.0,1586.4,1583,1589,1248.4
eventos,cl100k_base,25,general_dominio,sin_ejemplo,5,735.4,737.0,1472.4,1469,1475,1248.4
eventos,cl100k_base,25,general_fromschema,con_ejemplo,5,1015.6,621.0,1637.6,1621,1656,2260.8
eventos,cl100k_base,25,general_fromschema,sin_ejemplo,5,1015.6,530.0,1545.6,1529,1564,2260.8
eventos,cl100k_base,25,json_abreviado,ninguna,5,1015.8,0.0,1015.8,1014,1018,2976.4
eventos,cl100k_base,25,json_compacto,ninguna,5,1675.4,0.0,1675.4,1667,1686,4973.2
eventos,cl100k_base,25,json_compacto,schema_con_ejemplo,5,1675.4,475.0,2150.4,2142,2161,4973.2
eventos,cl100k_base,25,json_compacto,schema_sin_ejemplo,5,1675.4,332.0,2008.4,2000,2019,4973.2
eventos,cl100k_base,25,json_legible,ninguna,5,2430.4,0.0,2430.4,2422,2441,7031.2
eventos,cl100k_base,50,especializado,compacta_con_ejemplo,5,761.8,377.0,1139.8,1127,1160,1234.0
eventos,cl100k_base,50,especializado,compacta_sin_ejemplo,5,761.8,331.0,1092.8,1080,1113,1234.0
eventos,cl100k_base,50,especializado,spec_block_con_ejemplo,5,761.8,702.0,1464.8,1452,1485,1234.0
eventos,cl100k_base,50,especializado,spec_block_sin_ejemplo,5,761.8,656.0,1417.8,1405,1438,1234.0
eventos,cl100k_base,50,general_dominio,con_ejemplo,5,1317.0,851.0,2168.0,2164,2169,2075.0
eventos,cl100k_base,50,general_dominio,sin_ejemplo,5,1317.0,737.0,2054.0,2050,2055,2075.0
eventos,cl100k_base,50,general_fromschema,con_ejemplo,5,2038.4,621.0,2660.4,2637,2688,4525.2
eventos,cl100k_base,50,general_fromschema,sin_ejemplo,5,2038.4,530.0,2568.4,2545,2596,4525.2
eventos,cl100k_base,50,json_abreviado,ninguna,5,2018.6,0.0,2018.6,2016,2021,5943.0
eventos,cl100k_base,50,json_compacto,ninguna,5,3356.0,0.0,3356.0,3343,3374,9942.8
eventos,cl100k_base,50,json_compacto,schema_con_ejemplo,5,3356.0,475.0,3831.0,3818,3849,9942.8
eventos,cl100k_base,50,json_compacto,schema_sin_ejemplo,5,3356.0,332.0,3689.0,3676,3707,9942.8
eventos,cl100k_base,50,json_legible,ninguna,5,4861.0,0.0,4861.0,4848,4879,14050.8
eventos,cl100k_base,100,especializado,compacta_con_ejemplo,5,1516.4,377.0,1894.4,1877,1920,2459.0
eventos,cl100k_base,100,especializado,compacta_sin_ejemplo,5,1516.4,331.0,1847.4,1830,1873,2459.0
eventos,cl100k_base,100,especializado,spec_block_con_ejemplo,5,1516.4,702.0,2219.4,2202,2245,2459.0
eventos,cl100k_base,100,especializado,spec_block_sin_ejemplo,5,1516.4,656.0,2172.4,2155,2198,2459.0
eventos,cl100k_base,100,general_dominio,con_ejemplo,5,2468.0,851.0,3319.0,3319,3319,3684.6
eventos,cl100k_base,100,general_dominio,sin_ejemplo,5,2468.0,737.0,3205.0,3205,3205,3684.6
eventos,cl100k_base,100,general_fromschema,con_ejemplo,5,4096.8,621.0,4718.8,4680,4747,9102.2
eventos,cl100k_base,100,general_fromschema,sin_ejemplo,5,4096.8,530.0,4626.8,4588,4655,9102.2
eventos,cl100k_base,100,json_abreviado,ninguna,5,4024.0,0.0,4024.0,4019,4028,11867.0
eventos,cl100k_base,100,json_compacto,ninguna,5,6728.6,0.0,6728.6,6698,6757,19927.6
eventos,cl100k_base,100,json_compacto,schema_con_ejemplo,5,6728.6,475.0,7203.6,7173,7232,19927.6
eventos,cl100k_base,100,json_compacto,schema_sin_ejemplo,5,6728.6,332.0,7061.6,7031,7090,19927.6
eventos,cl100k_base,100,json_legible,ninguna,5,9733.6,0.0,9733.6,9703,9762,28135.6
eventos,cl100k_base,250,especializado,compacta_con_ejemplo,5,3837.8,377.0,4215.8,4198,4248,6196.0
eventos,cl100k_base,250,especializado,compacta_sin_ejemplo,5,3837.8,331.0,4168.8,4151,4201,6196.0
eventos,cl100k_base,250,especializado,spec_block_con_ejemplo,5,3837.8,702.0,4540.8,4523,4573,6196.0
eventos,cl100k_base,250,especializado,spec_block_sin_ejemplo,5,3837.8,656.0,4493.8,4476,4526,6196.0
eventos,cl100k_base,250,general_dominio,con_ejemplo,5,5918.0,851.0,6769.0,6769,6769,8495.6
eventos,cl100k_base,250,general_dominio,sin_ejemplo,5,5918.0,737.0,6655.0,6655,6655,8495.6
eventos,cl100k_base,250,general_fromschema,con_ejemplo,5,10233.6,621.0,10855.6,10818,10905,22745.2
eventos,cl100k_base,250,general_fromschema,sin_ejemplo,5,10233.6,530.0,10763.6,10726,10813,22745.2
eventos,cl100k_base,250,json_abreviado,ninguna,5,10106.2,0.0,10106.2,10097,10120,29704.0
eventos,cl100k_base,250,json_compacto,ninguna,5,16806.2,0.0,16806.2,16776,16856,49796.2
eventos,cl100k_base,250,json_compacto,schema_con_ejemplo,5,16806.2,475.0,17281.2,17251,17331,49796.2
eventos,cl100k_base,250,json_compacto,schema_sin_ejemplo,5,16806.2,332.0,17139.2,17109,17189,49796.2
eventos,cl100k_base,250,json_legible,ninguna,5,24311.2,0.0,24311.2,24281,24361,70304.2
eventos,o200k_base,1,especializado,compacta_con_ejemplo,5,30.0,363.0,394.0,394,394,42.4
eventos,o200k_base,1,especializado,compacta_sin_ejemplo,5,30.0,313.0,343.0,343,343,42.4
eventos,o200k_base,1,especializado,spec_block_con_ejemplo,5,30.0,674.0,705.0,705,705,42.4
eventos,o200k_base,1,especializado,spec_block_sin_ejemplo,5,30.0,624.0,654.0,654,654,42.4
eventos,o200k_base,1,general_dominio,con_ejemplo,5,64.6,804.0,868.6,867,870,124.2
eventos,o200k_base,1,general_dominio,sin_ejemplo,5,64.6,693.0,757.6,756,759,124.2
eventos,o200k_base,1,general_fromschema,con_ejemplo,5,45.6,582.0,628.6,627,630,97.2
eventos,o200k_base,1,general_fromschema,sin_ejemplo,5,45.6,497.0,542.6,541,544,97.2
eventos,o200k_base,1,json_abreviado,ninguna,5,55.0,0.0,55.0,55,55,146.4
eventos,o200k_base,1,json_compacto,ninguna,5,72.6,0.0,72.6,71,74,212.2
eventos,o200k_base,1,json_compacto,schema_con_ejemplo,5,72.6,464.0,536.6,535,538,212.2
eventos,o200k_base,1,json_compacto,schema_sin_ejemplo,5,72.6,327.0,399.6,398,401,212.2
eventos,o200k_base,1,json_legible,ninguna,5,106.6,0.0,106.6,105,108,302.2
eventos,o200k_base,5,especializado,compacta_con_ejemplo,5,94.6,363.0,458.6,458,459,136.8
eventos,o200k_base,5,especializado,compacta_sin_ejemplo,5,94.6,313.0,407.6,407,408,136.8
eventos,o200k_base,5,especializado,spec_block_con_ejemplo,5,94.6,674.0,769.6,769,770,136.8
eventos,o200k_base,5,especializado,spec_block_sin_ejemplo,5,94.6,624.0,718.6,718,719,136.8
eventos,o200k_base,5,general_dominio,con_ejemplo,5,197.0,804.0,1001.0,982,1008,444.6
eventos,o200k_base,5,general_dominio,sin_ejemplo,5,197.0,693.0,890.0,871,897,444.6
eventos,o200k_base,5,general_fromschema,con_ejemplo,5,203.2,582.0,786.2,778,791,462.0
eventos,o200k_base,5,general_fromschema,sin_ejemplo,5,203.2,497.0,700.2,692,705,462.0
eventos,o200k_base,5,json_abreviado,ninguna,5,215.6,0.0,215.6,215,216,616.8
eventos,o200k_base,5,json_compacto,ninguna,5,334.6,0.0,334.6,326,339,1009.4
eventos,o200k_base,5,json_compacto,schema_con_ejemplo,5,334.6,464.0,798.6,790,803,1009.4
eventos,o200k_base,5,json_compacto,schema_sin_ejemplo,5,334.6,327.0,661.6,653,666,1009.4
eventos,o200k_base,5,json_legible,ninguna,5,488.6,0.0,488.6,480,493,1427.4
eventos,o200k_base,10,especializado,compacta_con_ejemplo,5,174.8,363.0,538.8,538,540,255.6
eventos,o200k_base,10,especializado,compacta_sin_ejemplo,5,174.8,313.0,487.8,487,489,255.6
eventos,o200k_base,10,especializado,spec_block_con_ejemplo,5,174.8,674.0,849.8,849,851,255.6
eventos,o200k_base,10,especializado,spec_block_sin_ejemplo,5,174.8,624.0,798.8,798,800,255.6
eventos,o200k_base,10,general_dominio,con_ejemplo,5,367.0,804.0,1171.0,1153,1181,797.6
eventos,o200k_base,10,general_dominio,sin_ejemplo,5,367.0,693.0,1060.0,1042,1070,797.6
eventos,o200k_base,10,general_fromschema,con_ejemplo,5,401.0,582.0,984.0,974,990,919.8
eventos,o200k_base,10,general_fromschema,sin_ejemplo,5,401.0,497.0,898.0,888,904,919.8
eventos,o200k_base,10,json_abreviado,ninguna,5,415.8,0.0,415.8,415,417,1204.6
eventos,o200k_base,10,json_compacto,ninguna,5,664.0,0.0,664.0,654,672,2007.8
eventos,o200k_base,10,json_compacto,schema_con_ejemplo,5,664.0,464.0,1128.0,1118,1136,2007.8
eventos,o200k_base,10,json_compacto,schema_sin_ejemplo,5,664.0,327.0,991.0,981,999,2007.8
eventos,o200k_base,10,json_legible,ninguna,5,968.0,0.0,968.0,958,976,2835.8
eventos,o200k_base,25,especializado,compacta_con_ejemplo,5,415.8,363.0,779.8,778,782,617.4
eventos,o200k_base,25,especializado,compacta_sin_ejemplo,5,415.8,313.0,728.8,727,731,617.4
eventos,o200k_base,25,especializado,spec_block_con_ejemplo,5,415.8,674.0,1090.8,1089,1093,617.4
eventos,o200k_base,25,especializado,spec_block_sin_ejemplo,5,415.8,624.0,1039.8,1038,1042,617.4
eventos,o200k_base,25,general_dominio,con_ejemplo,5,732.4,804.0,1536.4,1533,1539,1248.4
eventos,o200k_base,25,general_dominio,sin_ejemplo,5,732.4,693.0,1425.4,1422,1428,1248.4
eventos,o200k_base,25,general_fromschema,con_ejemplo,5,988.0,582.0,1571.0,1555,1592,2260.8
eventos,o200k_base,25,general_fromschema,sin_ejemplo,5,988.0,497.0,1485.0,1469,1506,2260.8
eventos,o200k_base,25,json_abreviado,ninguna,5,1016.8,0.0,1016.8,1015,1019,2976.4
eventos,o200k_base,25,json_compacto,ninguna,5,1645.4,0.0,1645.4,1636,1660,4973.2
eventos,o200k_base,25,json_compacto,schema_con_ejemplo,5,1645.4,464.0,2109.4,2100,2124,4973.2
eventos,o200k_base,25,json_compacto,schema_sin_ejemplo,5,1645.4,327.0,1972.4,1963,1987,4973.2
eventos,o200k_base,25,json_legible,ninguna,5,2399.4,0.0,2399.4,2390,2414,7031.2
eventos,o200k_base,50,especializado,compacta_con_ejemplo,5,818.6,363.0,1182.6,1180,1185,1234.0
eventos,o200k_base,50,especializado,compacta_sin_ejemplo,5,818.6,313.0,1131.6,1129,1134,1234.0
eventos,o200k_base,50,especializado,spec_block_con_ejemplo,5,818.6,674.0,1493.6,1491,1496,1234.0
eventos,o200k_base,50,especializado,spec_block_sin_ejemplo,5,818.6,624.0,1442.6,1440,1445,1234.0
eventos,o200k_base,50,general_dominio,con_ejemplo,5,1314.0,804.0,2118.0,2114,2119,2075.0
eventos,o200k_base,50,general_dominio,sin_ejemplo,5,1314.0,693.0,2007.0,2003,2008,2075.0
eventos,o200k_base,50,general_fromschema,con_ejemplo,5,1977.8,582.0,2560.8,2530,2596,4525.2
eventos,o200k_base,50,general_fromschema,sin_ejemplo,5,1977.8,497.0,2474.8,2444,2510,4525.2
eventos,o200k_base,50,json_abreviado,ninguna,5,2019.6,0.0,2019.6,2017,2022,5943.0
eventos,o200k_base,50,json_compacto,ninguna,5,3290.4,0.0,3290.4,3270,3318,9942.8
eventos,o200k_base,50,json_compacto,schema_con_ejemplo,5,3290.4,464.0,3754.4,3734,3782,9942.8
eventos,o200k_base,50,json_compacto,schema_sin_ejemplo,5,3290.4,327.0,3617.4,3597,3645,9942.8
eventos,o200k_base,50,json_legible,ninguna,5,4794.4,0.0,4794.4,4774,4822,14050.8
eventos,o200k_base,100,especializado,compacta_con_ejemplo,5,1624.0,363.0,1988.0,1983,1992,2459.0
eventos,o200k_base,100,especializado,compacta_sin_ejemplo,5,1624.0,313.0,1937.0,1932,1941,2459.0
eventos,o200k_base,100,especializado,spec_block_con_ejemplo,5,1624.0,674.0,2299.0,2294,2303,2459.0
eventos,o200k_base,100,especializado,spec_block_sin_ejemplo,5,1624.0,624.0,2248.0,2243,2252,2459.0
eventos,o200k_base,100,general_dominio,con_ejemplo,5,2465.0,804.0,3269.0,3269,3269,3684.6
eventos,o200k_base,100,general_dominio,sin_ejemplo,5,2465.0,693.0,3158.0,3158,3158,3684.6
eventos,o200k_base,100,general_fromschema,con_ejemplo,5,3977.2,582.0,4560.2,4533,4587,9102.2
eventos,o200k_base,100,general_fromschema,sin_ejemplo,5,3977.2,497.0,4474.2,4447,4501,9102.2
eventos,o200k_base,100,json_abreviado,ninguna,5,4025.0,0.0,4025.0,4020,4029,11867.0
eventos,o200k_base,100,json_compacto,ninguna,5,6598.6,0.0,6598.6,6577,6621,19927.6
eventos,o200k_base,100,json_compacto,schema_con_ejemplo,5,6598.6,464.0,7062.6,7041,7085,19927.6
eventos,o200k_base,100,json_compacto,schema_sin_ejemplo,5,6598.6,327.0,6925.6,6904,6948,19927.6
eventos,o200k_base,100,json_legible,ninguna,5,9602.6,0.0,9602.6,9581,9625,28135.6
eventos,o200k_base,250,especializado,compacta_con_ejemplo,5,4106.2,363.0,4470.2,4461,4484,6196.0
eventos,o200k_base,250,especializado,compacta_sin_ejemplo,5,4106.2,313.0,4419.2,4410,4433,6196.0
eventos,o200k_base,250,especializado,spec_block_con_ejemplo,5,4106.2,674.0,4781.2,4772,4795,6196.0
eventos,o200k_base,250,especializado,spec_block_sin_ejemplo,5,4106.2,624.0,4730.2,4721,4744,6196.0
eventos,o200k_base,250,general_dominio,con_ejemplo,5,5915.0,804.0,6719.0,6719,6719,8495.6
eventos,o200k_base,250,general_dominio,sin_ejemplo,5,5915.0,693.0,6608.0,6608,6608,8495.6
eventos,o200k_base,250,general_fromschema,con_ejemplo,5,9939.6,582.0,10522.6,10490,10566,22745.2
eventos,o200k_base,250,general_fromschema,sin_ejemplo,5,9939.6,497.0,10436.6,10404,10480,22745.2
eventos,o200k_base,250,json_abreviado,ninguna,5,10107.2,0.0,10107.2,10098,10121,29704.0
eventos,o200k_base,250,json_compacto,ninguna,5,16486.6,0.0,16486.6,16456,16526,49796.2
eventos,o200k_base,250,json_compacto,schema_con_ejemplo,5,16486.6,464.0,16950.6,16920,16990,49796.2
eventos,o200k_base,250,json_compacto,schema_sin_ejemplo,5,16486.6,327.0,16813.6,16783,16853,49796.2
eventos,o200k_base,250,json_legible,ninguna,5,23990.6,0.0,23990.6,23960,24030,70304.2
eventos,r50k_base,1,especializado,compacta_con_ejemplo,5,30.0,477.0,509.0,509,509,42.4
eventos,r50k_base,1,especializado,compacta_sin_ejemplo,5,30.0,420.0,452.0,452,452,42.4
eventos,r50k_base,1,especializado,spec_block_con_ejemplo,5,30.0,888.0,920.0,920,920,42.4
eventos,r50k_base,1,especializado,spec_block_sin_ejemplo,5,30.0,831.0,863.0,863,863,42.4
eventos,r50k_base,1,general_dominio,con_ejemplo,5,71.4,1076.0,1148.4,1145,1152,124.2
eventos,r50k_base,1,general_dominio,sin_ejemplo,5,71.4,939.0,1011.4,1008,1015,124.2
eventos,r50k_base,1,general_fromschema,con_ejemplo,5,51.4,791.0,844.4,841,848,97.2
eventos,r50k_base,1,general_fromschema,sin_ejemplo,5,51.4,680.0,733.4,730,737,97.2
eventos,r50k_base,1,json_abreviado,ninguna,5,61.0,0.0,61.0,61,61,146.4
eventos,r50k_base,1,json_compacto,ninguna,5,86.4,0.0,86.4,83,90,212.2
eventos,r50k_base,1,json_compacto,schema_con_ejemplo,5,86.4,587.0,675.4,672,679,212.2
eventos,r50k_base,1,json_compacto,schema_sin_ejemplo,5,86.4,406.0,494.4,491,498,212.2
eventos,r50k_base,1,json_legible,ninguna,5,173.4,0.0,173.4,170,177,302.2
eventos,r50k_base,5,especializado,compacta_con_ejemplo,5,94.8,477.0,573.8,573,574,136.8
eventos,r50k_base,5,especializado,compacta_sin_ejemplo,5,94.8,420.0,516.8,516,517,136.8
eventos,r50k_base,5,especializado,spec_block_con_ejemplo,5,94.8,888.0,984.8,984,985,136.8
eventos,r50k_base,5,especializado,spec_block_sin_ejemplo,5,94.8,831.0,927.8,927,928,136.8
eventos,r50k_base,5,general_dominio,con_ejemplo,5,235.8,1076.0,1312.8,1284,1322,444.6
eventos,r50k_base,5,general_dominio,sin_ejemplo,5,235.8,939.0,1175.8,1147,1185,444.6
eventos,r50k_base,5,general_fromschema,con_ejemplo,5,239.8,791.0,1032.8,1018,1039,462.0
eventos,r50k_base,5,general_fromschema,sin_ejemplo,5,239.8,680.0,921.8,907,928,462.0
eventos,r50k_base,5,json_abreviado,ninguna,5,249.8,0.0,249.8,249,250,616.8
eventos,r50k_base,5,json_compacto,ninguna,5,415.2,0.0,415.2,400,421,1009.4
eventos,r50k_base,5,json_compacto,schema_con_ejemplo,5,415.2,587.0,1004.2,989,1010,1009.4
eventos,r50k_base,5,json_compacto,schema_sin_ejemplo,5,415.2,406.0,823.2,808,829,1009.4
eventos,r50k_base,5,json_legible,ninguna,5,818.2,0.0,818.2,803,824,1427.4
eventos,r50k_base,10,especializado,compacta_con_ejemplo,5,175.6,477.0,654.6,653,656,255.6
eventos,r50k_base,10,especializado,compacta_sin_ejemplo,5,175.6,420.0,597.6,596,599,255.6
eventos,r50k_base,10,especializado,spec_block_con_ejemplo,5,175.6,888.0,1065.6,1064,1067,255.6
eventos,r50k_base,10,especializado,spec_block_sin_ejemplo,5,175.6,831.0,1008.6,1007,1010,255.6
eventos,r50k_base,10,general_dominio,con_ejemplo,5,435.4,1076.0,1512.4,1476,1534,797.6
eventos,r50k_base,10,general_dominio,sin_ejemplo,5,435.4,939.0,1375.4,1339,1397,797.6
eventos,r50k_base,10,general_fromschema,con_ejemplo,5,474.4,791.0,1267.4,1247,1284,919.8
eventos,r50k_base,10,general_fromschema,sin_ejemplo,5,474.4,680.0,1156.4,1136,1173,919.8
eventos,r50k_base,10,json_abreviado,ninguna,5,485.6,0.0,485.6,484,487,1204.6
eventos,r50k_base,10,json_compacto,ninguna,5,826.4,0.0,826.4,806,843,2007.8
eventos,r50k_base,10,json_compacto,schema_con_ejemplo,5,826.4,587.0,1415.4,1395,1432,2007.8
eventos,r50k_base,10,json_compacto,schema_sin_ejemplo,5,826.4,406.0,1234.4,1214,1251,2007.8
eventos,r50k_base,10,json_legible,ninguna,5,1624.4,0.0,1624.4,1604,1641,2835.8
eventos,r50k_base,25,especializado,compacta_con_ejemplo,5,417.0,477.0,896.0,894,900,617.4
eventos,r50k_base,25,especializado,compacta_sin_ejemplo,5,417.0,420.0,839.0,837,843,617.4
eventos,r50k_base,25,especializado,spec_block_con_ejemplo,5,417.0,888.0,1307.0,1305,1311,617.4
eventos,r50k_base,25,especializado,spec_block_sin_ejemplo,5,417.0,831.0,1250.0,1248,1254,617.4
eventos,r50k_base,25,general_dominio,con_ejemplo,5,800.8,1076.0,1877.8,1871,1883,1248.4
eventos,r50k_base,25,general_dominio,sin_ejemplo,5,800.8,939.0,1740.8,1734,1746,1248.4
eventos,r50k_base,25,general_fromschema,con_ejemplo,5,1163.4,791.0,1956.4,1932,1978,2260.8
eventos,r50k_base,25,general_fromschema,sin_ejemplo,5,1163.4,680.0,1845.4,1821,1867,2260.8
eventos,r50k_base,25,json_abreviado,ninguna,5,1192.0,0.0,1192.0,1190,1196,2976.4
eventos,r50k_base,25,json_compacto,ninguna,5,2044.8,0.0,2044.8,2028,2068,4973.2
eventos,r50k_base,25,json_compacto,schema_con_ejemplo,5,2044.8,587.0,2633.8,2617,2657,4973.2
eventos,r50k_base,25,json_compacto,schema_sin_ejemplo,5,2044.8,406.0,2452.8,2436,2476,4973.2
eventos,r50k_base,25,json_legible,ninguna,5,4027.8,0.0,4027.8,4011,4051,7031.2
eventos,r50k_base,50,especializado,compacta_con_ejemplo,5,820.0,477.0,1299.0,1296,1303,1234.0
eventos,r50k_base,50,especializado,compacta_sin_ejemplo,5,820.0,420.0,1242.0,1239,1246,1234.0
eventos,r50k_base,50,especializado,spec_block_con_ejemplo,5,820.0,888.0,1710.0,1707,1714,1234.0
eventos,r50k_base,50,especializado,spec_block_sin_ejemplo,5,820.0,831.0,1653.0,1650,1657,1234.0
eventos,r50k_base,50,general_dominio,con_ejemplo,5,1410.2,1076.0,2487.2,2483,2489,2075.0
eventos,r50k_base,50,general_dominio,sin_ejemplo,5,1410.2,939.0,2350.2,2346,2352,2075.0
eventos,r50k_base,50,general_fromschema,con_ejemplo,5,2338.4,791.0,3131.4,3079,3164,4525.2
eventos,r50k_base,50,general_fromschema,sin_ejemplo,5,2338.4,680.0,3020.4,2968,3053,4525.2
eventos,r50k_base,50,json_abreviado,ninguna,5,2370.0,0.0,2370.0,2367,2374,5943.0
eventos,r50k_base,50,json_compacto,ninguna,5,4100.0,0.0,4100.0,4058,4125,9942.8
eventos,r50k_base,50,json_compacto,schema_con_ejemplo,5,4100.0,587.0,4689.0,4647,4714,9942.8
eventos,r50k_base,50,json_compacto,schema_sin_ejemplo,5,4100.0,406.0,4508.0,4466,4533,9942.8
eventos,r50k_base,50,json_legible,ninguna,5,8058.0,0.0,8058.0,8016,8083,14050.8
eventos,r50k_base,100,especializado,compacta_con_ejemplo,5,1628.0,477.0,2107.0,2102,2113,2459.0
eventos,r50k_base,100,especializado,compacta_sin_ejemplo,5,1628.0,420.0,2050.0,2045,2056,2459.0
eventos,r50k_base,100,especializado,spec_block_con_ejemplo,5,1628.0,888.0,2518.0,2513,2524,2459.0
eventos,r50k_base,100,especializado,spec_block_sin_ejemplo,5,1628.0,831.0,2461.0,2456,2467,2459.0
eventos,r50k_base,100,general_dominio,con_ejemplo,5,2610.6,1076.0,3687.6,3686,3688,3684.6
eventos,r50k_base,100,general_dominio,sin_ejemplo,5,2610.6,939.0,3550.6,3549,3551,3684.6
eventos,r50k_base,100,general_fromschema,con_ejemplo,5,4718.2,791.0,5511.2,5462,5554,9102.2
eventos,r50k_base,100,general_fromschema,sin_ejemplo,5,4718.2,680.0,5400.2,5351,5443,9102.2
eventos,r50k_base,100,json_abreviado,ninguna,5,4728.0,0.0,4728.0,4723,4734,11867.0
eventos,r50k_base,100,json_compacto,ninguna,5,8238.6,0.0,8238.6,8195,8277,19927.6
eventos,r50k_base,100,json_compacto,schema_con_ejemplo,5,8238.6,587.0,8827.6,8784,8866,19927.6
eventos,r50k_base,100,json_compacto,schema_sin_ejemplo,5,8238.6,406.0,8646.6,8603,8685,19927.6
eventos,r50k_base,100,json_legible,ninguna,5,16146.6,0.0,16146.6,16103,16185,28135.6
eventos,r50k_base,250,especializado,compacta_con_ejemplo,5,4144.0,477.0,4623.0,4614,4637,6196.0
eventos,r50k_base,250,especializado,compacta_sin_ejemplo,5,4144.0,420.0,4566.0,4557,4580,6196.0
eventos,r50k_base,250,especializado,spec_block_con_ejemplo,5,4144.0,888.0,5034.0,5025,5048,6196.0
eventos,r50k_base,250,especializado,spec_block_sin_ejemplo,5,4144.0,831.0,4977.0,4968,4991,6196.0
eventos,r50k_base,250,general_dominio,con_ejemplo,5,6207.6,1076.0,7284.6,7282,7287,8495.6
eventos,r50k_base,250,general_dominio,sin_ejemplo,5,6207.6,939.0,7147.6,7145,7150,8495.6
eventos,r50k_base,250,general_fromschema,con_ejemplo,5,11783.6,791.0,12576.6,12510,12643,22745.2
eventos,r50k_base,250,general_fromschema,sin_ejemplo,5,11783.6,680.0,12465.6,12399,12532,22745.2
eventos,r50k_base,250,json_abreviado,ninguna,5,11894.0,0.0,11894.0,11885,11908,29704.0
eventos,r50k_base,250,json_compacto,ninguna,5,20579.6,0.0,20579.6,20517,20642,49796.2
eventos,r50k_base,250,json_compacto,schema_con_ejemplo,5,20579.6,587.0,21168.6,21106,21231,49796.2
eventos,r50k_base,250,json_compacto,schema_sin_ejemplo,5,20579.6,406.0,20987.6,20925,21050,49796.2
eventos,r50k_base,250,json_legible,ninguna,5,40337.6,0.0,40337.6,40275,40400,70304.2
tickets,cl100k_base,1,especializado,compacta_con_ejemplo,5,32.6,240.0,273.6,268,278,89.8
tickets,cl100k_base,1,especializado,compacta_sin_ejemplo,5,32.6,171.0,203.6,198,208,89.8
tickets,cl100k_base,1,especializado,spec_block_con_ejemplo,5,32.6,494.0,527.6,522,532,89.8
tickets,cl100k_base,1,especializado,spec_block_sin_ejemplo,5,32.6,425.0,457.6,452,462,89.8
tickets,cl100k_base,1,general_dominio,con_ejemplo,5,54.6,743.0,797.6,792,802,126.6
tickets,cl100k_base,1,general_dominio,sin_ejemplo,5,54.6,645.0,699.6,694,704,126.6
tickets,cl100k_base,1,general_fromschema,con_ejemplo,5,34.6,446.0,481.6,476,486,99.6
tickets,cl100k_base,1,general_fromschema,sin_ejemplo,5,34.6,374.0,408.6,403,413,99.6
tickets,cl100k_base,1,json_abreviado,ninguna,5,43.8,0.0,43.8,39,48,150.8
tickets,cl100k_base,1,json_compacto,ninguna,5,46.6,0.0,46.6,41,51,163.6
tickets,cl100k_base,1,json_compacto,schema_con_ejemplo,5,46.6,258.0,304.6,299,309,163.6
tickets,cl100k_base,1,json_compacto,schema_sin_ejemplo,5,46.6,161.0,208.6,203,213,163.6
tickets,cl100k_base,1,json_legible,ninguna,5,70.6,0.0,70.6,65,75,221.6
tickets,cl100k_base,5,especializado,compacta_con_ejemplo,5,139.0,240.0,380.0,369,388,419.4
tickets,cl100k_base,5,especializado,compacta_sin_ejemplo,5,139.0,171.0,310.0,299,318,419.4
tickets,cl100k_base,5,especializado,spec_block_con_ejemplo,5,139.0,494.0,634.0,623,642,419.4
tickets,cl100k_base,5,especializado,spec_block_sin_ejemplo,5,139.0,425.0,564.0,553,572,419.4
tickets,cl100k_base,5,general_dominio,con_ejemplo,5,174.2,743.0,917.2,907,925,496.2
tickets,cl100k_base,5,general_dominio,sin_ejemplo,5,174.2,645.0,819.2,809,827,496.2
tickets,cl100k_base,5,general_fromschema,con_ejemplo,5,154.2,446.0,601.2,591,609,469.2
tickets,cl100k_base,5,general_fromschema,sin_ejemplo,5,154.2,374.0,528.2,518,536,469.2
tickets,cl100k_base,5,json_abreviado,ninguna,5,204.8,0.0,204.8,193,213,700.4
tickets,cl100k_base,5,json_compacto,ninguna,5,218.2,0.0,218.2,208,226,761.2
tickets,cl100k_base,5,json_compacto,schema_con_ejemplo,5,218.2,258.0,476.2,466,484,761.2
tickets,cl100k_base,5,json_compacto,schema_sin_ejemplo,5,218.2,161.0,380.2,370,388,761.2
tickets,cl100k_base,5,json_legible,ninguna,5,318.2,0.0,318.2,308,326,1019.2
tickets,cl100k_base,10,especializado,compacta_con_ejemplo,5,270.8,240.0,511.8,493,526,828.8
tickets,cl100k_base,10,especializado,compacta_sin_ejemplo,5,270.8,171.0,441.8,423,456,828.8
tickets,cl100k_base,10,especializado,spec_block_con_ejemplo,5,270.8,494.0,765.8,747,780,828.8
tickets,cl100k_base,10,especializado,spec_block_sin_ejemplo,5,270.8,425.0,695.8,677,710,828.8
tickets,cl100k_base,10,general_dominio,con_ejemplo,5,321.8,743.0,1064.8,1046,1079,957.8
tickets,cl100k_base,10,general_dominio,sin_ejemplo,5,321.8,645.0,966.8,948,981,957.8
tickets,cl100k_base,10,general_fromschema,con_ejemplo,5,301.8,446.0,748.8,730,763,930.8
tickets,cl100k_base,10,general_fromschema,sin_ejemplo,5,301.8,374.0,675.8,657,690,930.8
tickets,cl100k_base,10,json_abreviado,ninguna,5,403.0,0.0,403.0,382,419,1383.8
tickets,cl100k_base,10,json_compacto,ninguna,5,430.8,0.0,430.8,412,445,1506.8
tickets,cl100k_base,10,json_compacto,schema_con_ejemplo,5,430.8,258.0,688.8,670,703,1506.8
tickets,cl100k_base,10,json_compacto,schema_sin_ejemplo,5,430.8,161.0,592.8,574,607,1506.8
tickets,cl100k_base,10,json_legible,ninguna,5,625.8,0.0,625.8,607,640,2014.8
tickets,cl100k_base,25,especializado,compacta_con_ejemplo,5,677.2,240.0,918.2,896,947,2091.8
tickets,cl100k_base,25,especializado,compacta_sin_ejemplo,5,677.2,171.0,848.2,826,877,2091.8
tickets,cl100k_base,25,especializado,spec_block_con_ejemplo,5,677.2,494.0,1172.2,1150,1201,2091.8
tickets,cl100k_base,25,especializado,spec_block_sin_ejemplo,5,677.2,425.0,1102.2,1080,1131,2091.8
tickets,cl100k_base,25,general_dominio,con_ejemplo,5,774.2,743.0,1517.2,1495,1545,2369.8
tickets,cl100k_base,25,general_dominio,sin_ejemplo,5,774.2,645.0,1419.2,1397,1447,2369.8
tickets,cl100k_base,25,general_fromschema,con_ejemplo,5,754.2,446.0,1201.2,1179,1229,2342.8
tickets,cl100k_base,25,general_fromschema,sin_ejemplo,5,754.2,374.0,1128.2,1106,1156,2342.8
tickets,cl100k_base,25,json_abreviado,ninguna,5,1009.6,0.0,1009.6,989,1036,3471.8
tickets,cl100k_base,25,json_compacto,ninguna,5,1078.2,0.0,1078.2,1056,1106,3773.8
tickets,cl100k_base,25,json_compacto,schema_con_ejemplo,5,1078.2,258.0,1336.2,1314,1364,3773.8
tickets,cl100k_base,25,json_compacto,schema_sin_ejemplo,5,1078.2,161.0,1240.2,1218,1268,3773.8
tickets,cl100k_base,25,json_legible,ninguna,5,1558.2,0.0,1558.2,1536,1586,5031.8
tickets,cl100k_base,50,especializado,compacta_con_ejemplo,5,1337.6,240.0,1578.6,1553,1613,4100.2
tickets,cl100k_base,50,especializado,compacta_sin_ejemplo,5,1337.6,171.0,1508.6,1483,1543,4100.2
tickets,cl100k_base,50,especializado,spec_block_con_ejemplo,5,1337.6,494.0,1832.6,1807,1867,4100.2
tickets,cl100k_base,50,especializado,spec_block_sin_ejemplo,5,1337.6,425.0,1762.6,1737,1797,4100.2
tickets,cl100k_base,50,general_dominio,con_ejemplo,5,1514.4,743.0,2257.4,2232,2289,4633.0
tickets,cl100k_base,50,general_dominio,sin_ejemplo,5,1514.4,645.0,2159.4,2134,2191,4633.0
tickets,cl100k_base,50,general_fromschema,con_ejemplo,5,1494.4,446.0,1941.4,1916,1973,4606.0
tickets,cl100k_base,50,general_fromschema,sin_ejemplo,5,1494.4,374.0,1868.4,1843,1900,4606.0
tickets,cl100k_base,50,json_abreviado,ninguna,5,2007.0,0.0,2007.0,1979,2038,6855.2
tickets,cl100k_base,50,json_compacto,ninguna,5,2143.4,0.0,2143.4,2118,2175,7462.0
tickets,cl100k_base,50,json_compacto,schema_con_ejemplo,5,2143.4,258.0,2401.4,2376,2433,7462.0
tickets,cl100k_base,50,json_compacto,schema_sin_ejemplo,5,2143.4,161.0,2305.4,2280,2337,7462.0
tickets,cl100k_base,50,json_legible,ninguna,5,3098.4,0.0,3098.4,3073,3130,9970.0
tickets,cl100k_base,100,especializado,compacta_con_ejemplo,5,2648.4,240.0,2889.4,2829,2917,8134.4
tickets,cl100k_base,100,especializado,compacta_sin_ejemplo,5,2648.4,171.0,2819.4,2759,2847,8134.4
tickets,cl100k_base,100,especializado,spec_block_con_ejemplo,5,2648.4,494.0,3143.4,3083,3171,8134.4
tickets,cl100k_base,100,especializado,spec_block_sin_ejemplo,5,2648.4,425.0,3073.4,3013,3101,8134.4
tickets,cl100k_base,100,general_dominio,con_ejemplo,5,2979.4,743.0,3722.4,3668,3746,9172.8
tickets,cl100k_base,100,general_dominio,sin_ejemplo,5,2979.4,645.0,3624.4,3570,3648,9172.8
tickets,cl100k_base,100,general_fromschema,con_ejemplo,5,2959.4,446.0,3406.4,3352,3430,9145.8
tickets,cl100k_base,100,general_fromschema,sin_ejemplo,5,2959.4,374.0,3333.4,3279,3357,9145.8
tickets,cl100k_base,100,json_abreviado,ninguna,5,3987.2,0.0,3987.2,3933,4009,13638.4
tickets,cl100k_base,100,json_compacto,ninguna,5,4258.4,0.0,4258.4,4204,4282,14850.8
tickets,cl100k_base,100,json_compacto,schema_con_ejemplo,5,4258.4,258.0,4516.4,4462,4540,14850.8
tickets,cl100k_base,100,json_compacto,schema_sin_ejemplo,5,4258.4,161.0,4420.4,4366,4444,14850.8
tickets,cl100k_base,100,json_legible,ninguna,5,6163.4,0.0,6163.4,6109,6187,19858.8
tickets,cl100k_base,250,especializado,compacta_con_ejemplo,5,6613.2,240.0,6854.2,6777,6889,20226.4
tickets,cl100k_base,250,especializado,compacta_sin_ejemplo,5,6613.2,171.0,6784.2,6707,6819,20226.4
tickets,cl100k_base,250,especializado,spec_block_con_ejemplo,5,6613.2,494.0,7108.2,7031,7143,20226.4
tickets,cl100k_base,250,especializado,spec_block_sin_ejemplo,5,6613.2,425.0,7038.2,6961,7073,20226.4
tickets,cl100k_base,250,general_dominio,con_ejemplo,5,7404.0,743.0,8147.0,8063,8180,22752.0
tickets,cl100k_base,250,general_dominio,sin_ejemplo,5,7404.0,645.0,8049.0,7965,8082,22752.0
tickets,cl100k_base,250,general_fromschema,con_ejemplo,5,7384.0,446.0,7831.0,7747,7864,22725.0
tickets,cl100k_base,250,general_fromschema,sin_ejemplo,5,7384.0,374.0,7758.0,7674,7791,22725.0
tickets,cl100k_base,250,json_abreviado,ninguna,5,9957.4,0.0,9957.4,9881,9979,33980.4
tickets,cl100k_base,250,json_compacto,ninguna,5,10633.0,0.0,10633.0,10549,10666,36980.0
tickets,cl100k_base,250,json_compacto,schema_con_ejemplo,5,10633.0,258.0,10891.0,10807,10924,36980.0
tickets,cl100k_base,250,json_compacto,schema_sin_ejemplo,5,10633.0,161.0,10795.0,10711,10828,36980.0
tickets,cl100k_base,250,json_legible,ninguna,5,15388.0,0.0,15388.0,15304,15421,49488.0
tickets,o200k_base,1,especializado,compacta_con_ejemplo,5,30.2,220.0,251.2,246,256,89.8
tickets,o200k_base,1,especializado,compacta_sin_ejemplo,5,30.2,159.0,189.2,184,194,89.8
tickets,o200k_base,1,especializado,spec_block_con_ejemplo,5,30.2,457.0,488.2,483,493,89.8
tickets,o200k_base,1,especializado,spec_block_sin_ejemplo,5,30.2,396.0,426.2,421,431,89.8
tickets,o200k_base,1,general_dominio,con_ejemplo,5,54.0,693.0,747.0,741,752,126.6
tickets,o200k_base,1,general_dominio,sin_ejemplo,5,54.0,600.0,654.0,648,659,126.6
tickets,o200k_base,1,general_fromschema,con_ejemplo,5,32.0,410.0,443.0,437,448,99.6
tickets,o200k_base,1,general_fromschema,sin_ejemplo,5,32.0,346.0,378.0,372,383,99.6
tickets,o200k_base,1,json_abreviado,ninguna,5,42.8,0.0,42.8,37,48,150.8
tickets,o200k_base,1,json_compacto,ninguna,5,45.6,0.0,45.6,39,51,163.6
tickets,o200k_base,1,json_compacto,schema_con_ejemplo,5,45.6,252.0,297.6,291,303,163.6
tickets,o200k_base,1,json_compacto,schema_sin_ejemplo,5,45.6,161.0,206.6,200,212,163.6
tickets,o200k_base,1,json_legible,ninguna,5,68.0,0.0,68.0,62,73,221.6
tickets,o200k_base,5,especializado,compacta_con_ejemplo,5,130.0,220.0,351.0,342,357,419.4
tickets,o200k_base,5,especializado,compacta_sin_ejemplo,5,130.0,159.0,289.0,280,295,419.4
tickets,o200k_base,5,especializado,spec_block_con_ejemplo,5,130.0,457.0,588.0,579,594,419.4
tickets,o200k_base,5,especializado,spec_block_sin_ejemplo,5,130.0,396.0,526.0,517,532,419.4
tickets,o200k_base,5,general_dominio,con_ejemplo,5,164.4,693.0,857.4,850,863,496.2
tickets,o200k_base,5,general_dominio,sin_ejemplo,5,164.4,600.0,764.4,757,770,496.2
tickets,o200k_base,5,general_fromschema,con_ejemplo,5,142.4,410.0,553.4,546,559,469.2
tickets,o200k_base,5,general_fromschema,sin_ejemplo,5,142.4,346.0,488.4,481,494,469.2
tickets,o200k_base,5,json_abreviado,ninguna,5,197.4,0.0,197.4,187,204,700.4
tickets,o200k_base,5,json_compacto,ninguna,5,210.8,0.0,210.8,202,217,761.2
tickets,o200k_base,5,json_compacto,schema_con_ejemplo,5,210.8,252.0,462.8,454,469,761.2
tickets,o200k_base,5,json_compacto,schema_sin_ejemplo,5,210.8,161.0,371.8,363,378,761.2
tickets,o200k_base,5,json_legible,ninguna,5,306.4,0.0,306.4,299,312,1019.2
tickets,o200k_base,10,especializado,compacta_con_ejemplo,5,249.2,220.0,470.2,451,484,828.8
tickets,o200k_base,10,especializado,compacta_sin_ejemplo,5,249.2,159.0,408.2,389,422,828.8
tickets,o200k_base,10,especializado,spec_block_con_ejemplo,5,249.2,457.0,707.2,688,721,828.8
tickets,o200k_base,10,especializado,spec_block_sin_ejemplo,5,249.2,396.0,645.2,626,659,828.8
tickets,o200k_base,10,general_dominio,con_ejemplo,5,298.0,693.0,991.0,974,1003,957.8
tickets,o200k_base,10,general_dominio,sin_ejemplo,5,298.0,600.0,898.0,881,910,957.8
tickets,o200k_base,10,general_fromschema,con_ejemplo,5,276.0,410.0,687.0,670,699,930.8
tickets,o200k_base,10,general_fromschema,sin_ejemplo,5,276.0,346.0,622.0,605,634,930.8
tickets,o200k_base,10,json_abreviado,ninguna,5,384.8,0.0,384.8,363,401,1383.8
tickets,o200k_base,10,json_compacto,ninguna,5,412.6,0.0,412.6,393,427,1506.8
tickets,o200k_base,10,json_compacto,schema_con_ejemplo,5,412.6,252.0,664.6,645,679,1506.8
tickets,o200k_base,10,json_compacto,schema_sin_ejemplo,5,412.6,161.0,573.6,554,588,1506.8
tickets,o200k_base,10,json_legible,ninguna,5,600.0,0.0,600.0,583,612,2014.8
tickets,o200k_base,25,especializado,compacta_con_ejemplo,5,621.6,220.0,842.6,820,861,2091.8
tickets,o200k_base,25,especializado,compacta_sin_ejemplo,5,621.6,159.0,780.6,758,799,2091.8
tickets,o200k_base,25,especializado,spec_block_con_ejemplo,5,621.6,457.0,1079.6,1057,1098,2091.8
tickets,o200k_base,25,especializado,spec_block_sin_ejemplo,5,621.6,396.0,1017.6,995,1036,2091.8
tickets,o200k_base,25,general_dominio,con_ejemplo,5,711.2,693.0,1404.2,1385,1424,2369.8
tickets,o200k_base,25,general_dominio,sin_ejemplo,5,711.2,600.0,1311.2,1292,1331,2369.8
tickets,o200k_base,25,general_fromschema,con_ejemplo,5,689.2,410.0,1100.2,1081,1120,2342.8
tickets,o200k_base,25,general_fromschema,sin_ejemplo,5,689.2,346.0,1035.2,1016,1055,2342.8
tickets,o200k_base,25,json_abreviado,ninguna,5,963.0,0.0,963.0,937,985,3471.8
tickets,o200k_base,25,json_compacto,ninguna,5,1031.6,0.0,1031.6,1009,1055,3773.8
tickets,o200k_base,25,json_compacto,schema_con_ejemplo,5,1031.6,252.0,1283.6,1261,1307,3773.8
tickets,o200k_base,25,json_compacto,schema_sin_ejemplo,5,1031.6,161.0,1192.6,1170,1216,3773.8
tickets,o200k_base,25,json_legible,ninguna,5,1493.2,0.0,1493.2,1474,1513,5031.8
tickets,o200k_base,50,especializado,compacta_con_ejemplo,5,1227.2,220.0,1448.2,1416,1471,4100.2
tickets,o200k_base,50,especializado,compacta_sin_ejemplo,5,1227.2,159.0,1386.2,1354,1409,4100.2
tickets,o200k_base,50,especializado,spec_block_con_ejemplo,5,1227.2,457.0,1685.2,1653,1708,4100.2
tickets,o200k_base,50,especializado,spec_block_sin_ejemplo,5,1227.2,396.0,1623.2,1591,1646,4100.2
tickets,o200k_base,50,general_dominio,con_ejemplo,5,1384.6,693.0,2077.6,2048,2101,4633.0
tickets,o200k_base,50,general_dominio,sin_ejemplo,5,1384.6,600.0,1984.6,1955,2008,4633.0
tickets,o200k_base,50,general_fromschema,con_ejemplo,5,1362.6,410.0,1773.6,1744,1797,4606.0
tickets,o200k_base,50,general_fromschema,sin_ejemplo,5,1362.6,346.0,1708.6,1679,1732,4606.0
tickets,o200k_base,50,json_abreviado,ninguna,5,1908.8,0.0,1908.8,1872,1938,6855.2
tickets,o200k_base,50,json_compacto,ninguna,5,2045.2,0.0,2045.2,2011,2075,7462.0
tickets,o200k_base,50,json_compacto,schema_con_ejemplo,5,2045.2,252.0,2297.2,2263,2327,7462.0
tickets,o200k_base,50,json_compacto,schema_sin_ejemplo,5,2045.2,161.0,2206.2,2172,2236,7462.0
tickets,o200k_base,50,json_legible,ninguna,5,2966.6,0.0,2966.6,2937,2990,9970.0
tickets,o200k_base,100,especializado,compacta_con_ejemplo,5,2433.0,220.0,2654.0,2603,2675,8134.4
tickets,o200k_base,100,especializado,compacta_sin_ejemplo,5,2433.0,159.0,2592.0,2541,2613,8134.4
tickets,o200k_base,100,especializado,spec_block_con_ejemplo,5,2433.0,457.0,2891.0,2840,2912,8134.4
tickets,o200k_base,100,especializado,spec_block_sin_ejemplo,5,2433.0,396.0,2829.0,2778,2850,8134.4
tickets,o200k_base,100,general_dominio,con_ejemplo,5,2725.2,693.0,3418.2,3367,3444,9172.8
tickets,o200k_base,100,general_dominio,sin_ejemplo,5,2725.2,600.0,3325.2,3274,3351,9172.8
tickets,o200k_base,100,general_fromschema,con_ejemplo,5,2703.2,410.0,3114.2,3063,3140,9145.8
tickets,o200k_base,100,general_fromschema,sin_ejemplo,5,2703.2,346.0,3049.2,2998,3075,9145.8
tickets,o200k_base,100,json_abreviado,ninguna,5,3797.6,0.0,3797.6,3739,3822,13638.4
tickets,o200k_base,100,json_compacto,ninguna,5,4068.8,0.0,4068.8,4010,4098,14850.8
tickets,o200k_base,100,json_compacto,schema_con_ejemplo,5,4068.8,252.0,4320.8,4262,4350,14850.8
tickets,o200k_base,100,json_compacto,schema_sin_ejemplo,5,4068.8,161.0,4229.8,4171,4259,14850.8
tickets,o200k_base,100,json_legible,ninguna,5,5907.2,0.0,5907.2,5856,5933,19858.8
tickets,o200k_base,250,especializado,compacta_con_ejemplo,5,6059.6,220.0,6280.6,6235,6310,20226.4
tickets,o200k_base,250,especializado,compacta_sin_ejemplo,5,6059.6,159.0,6218.6,6173,6248,20226.4
tickets,o200k_base,250,especializado,spec_block_con_ejemplo,5,6059.6,457.0,6517.6,6472,6547,20226.4
tickets,o200k_base,250,especializado,spec_block_sin_ejemplo,5,6059.6,396.0,6455.6,6410,6485,20226.4
tickets,o200k_base,250,general_dominio,con_ejemplo,5,6756.2,693.0,7449.2,7396,7490,22752.0
tickets,o200k_base,250,general_dominio,sin_ejemplo,5,6756.2,600.0,7356.2,7303,7397,22752.0
tickets,o200k_base,250,general_fromschema,con_ejemplo,5,6734.2,410.0,7145.2,7092,7186,22725.0
tickets,o200k_base,250,general_fromschema,sin_ejemplo,5,6734.2,346.0,7080.2,7027,7121,22725.0
tickets,o200k_base,250,json_abreviado,ninguna,5,9473.6,0.0,9473.6,9421,9514,33980.4
tickets,o200k_base,250,json_compacto,ninguna,5,10149.2,0.0,10149.2,10089,10201,36980.0
tickets,o200k_base,250,json_compacto,schema_con_ejemplo,5,10149.2,252.0,10401.2,10341,10453,36980.0
tickets,o200k_base,250,json_compacto,schema_sin_ejemplo,5,10149.2,161.0,10310.2,10250,10362,36980.0
tickets,o200k_base,250,json_legible,ninguna,5,14738.2,0.0,14738.2,14685,14779,49488.0
tickets,r50k_base,1,especializado,compacta_con_ejemplo,5,40.4,302.0,344.4,338,349,89.8
tickets,r50k_base,1,especializado,compacta_sin_ejemplo,5,40.4,217.0,259.4,253,264,89.8
tickets,r50k_base,1,especializado,spec_block_con_ejemplo,5,40.4,631.0,673.4,667,678,89.8
tickets,r50k_base,1,especializado,spec_block_sin_ejemplo,5,40.4,546.0,588.4,582,593,89.8
tickets,r50k_base,1,general_dominio,con_ejemplo,5,66.8,945.0,1012.8,1007,1017,126.6
tickets,r50k_base,1,general_dominio,sin_ejemplo,5,66.8,826.0,893.8,888,898,126.6
tickets,r50k_base,1,general_fromschema,con_ejemplo,5,43.8,572.0,617.8,612,622,99.6
tickets,r50k_base,1,general_fromschema,sin_ejemplo,5,43.8,482.0,527.8,522,532,99.6
tickets,r50k_base,1,json_abreviado,ninguna,5,56.0,0.0,56.0,49,61,150.8
tickets,r50k_base,1,json_compacto,ninguna,5,60.4,0.0,60.4,54,65,163.6
tickets,r50k_base,1,json_compacto,schema_con_ejemplo,5,60.4,317.0,379.4,373,384,163.6
tickets,r50k_base,1,json_compacto,schema_sin_ejemplo,5,60.4,193.0,255.4,249,260,163.6
tickets,r50k_base,1,json_legible,ninguna,5,115.8,0.0,115.8,110,120,221.6
tickets,r50k_base,5,especializado,compacta_con_ejemplo,5,173.4,302.0,477.4,470,489,419.4
tickets,r50k_base,5,especializado,compacta_sin_ejemplo,5,173.4,217.0,392.4,385,404,419.4
tickets,r50k_base,5,especializado,spec_block_con_ejemplo,5,173.4,631.0,806.4,799,818,419.4
tickets,r50k_base,5,especializado,spec_block_sin_ejemplo,5,173.4,546.0,721.4,714,733,419.4
tickets,r50k_base,5,general_dominio,con_ejemplo,5,212.8,945.0,1158.8,1152,1169,496.2
tickets,r50k_base,5,general_dominio,sin_ejemplo,5,212.8,826.0,1039.8,1033,1050,496.2
tickets,r50k_base,5,general_fromschema,con_ejemplo,5,189.8,572.0,763.8,757,774,469.2
tickets,r50k_base,5,general_fromschema,sin_ejemplo,5,189.8,482.0,673.8,667,684,469.2
tickets,r50k_base,5,json_abreviado,ninguna,5,255.8,0.0,255.8,247,268,700.4
tickets,r50k_base,5,json_compacto,ninguna,5,273.2,0.0,273.2,266,284,761.2
tickets,r50k_base,5,json_compacto,schema_con_ejemplo,5,273.2,317.0,592.2,585,603,761.2
tickets,r50k_base,5,json_compacto,schema_sin_ejemplo,5,273.2,193.0,468.2,461,479,761.2
tickets,r50k_base,5,json_legible,ninguna,5,517.8,0.0,517.8,511,528,1019.2
tickets,r50k_base,10,especializado,compacta_con_ejemplo,5,344.0,302.0,648.0,615,665,828.8
tickets,r50k_base,10,especializado,compacta_sin_ejemplo,5,344.0,217.0,563.0,530,580,828.8
tickets,r50k_base,10,especializado,spec_block_con_ejemplo,5,344.0,631.0,977.0,944,994,828.8
tickets,r50k_base,10,especializado,spec_block_sin_ejemplo,5,344.0,546.0,892.0,859,909,828.8
tickets,r50k_base,10,general_dominio,con_ejemplo,5,404.0,945.0,1350.0,1322,1362,957.8
tickets,r50k_base,10,general_dominio,sin_ejemplo,5,404.0,826.0,1231.0,1203,1243,957.8
tickets,r50k_base,10,general_fromschema,con_ejemplo,5,381.0,572.0,955.0,927,967,930.8
tickets,r50k_base,10,general_fromschema,sin_ejemplo,5,381.0,482.0,865.0,837,877,930.8
tickets,r50k_base,10,json_abreviado,ninguna,5,509.6,0.0,509.6,474,529,1383.8
tickets,r50k_base,10,json_compacto,ninguna,5,547.6,0.0,547.6,517,562,1506.8
tickets,r50k_base,10,json_compacto,schema_con_ejemplo,5,547.6,317.0,866.6,836,881,1506.8
tickets,r50k_base,10,json_compacto,schema_sin_ejemplo,5,547.6,193.0,742.6,712,757,1506.8
tickets,r50k_base,10,json_legible,ninguna,5,1029.0,0.0,1029.0,1001,1041,2014.8
tickets,r50k_base,25,especializado,compacta_con_ejemplo,5,855.2,302.0,1159.2,1129,1184,2091.8
tickets,r50k_base,25,especializado,compacta_sin_ejemplo,5,855.2,217.0,1074.2,1044,1099,2091.8
tickets,r50k_base,25,especializado,spec_block_con_ejemplo,5,855.2,631.0,1488.2,1458,1513,2091.8
tickets,r50k_base,25,especializado,spec_block_sin_ejemplo,5,855.2,546.0,1403.2,1373,1428,2091.8
tickets,r50k_base,25,general_dominio,con_ejemplo,5,971.2,945.0,1917.2,1898,1941,2369.8
tickets,r50k_base,25,general_dominio,sin_ejemplo,5,971.2,826.0,1798.2,1779,1822,2369.8
tickets,r50k_base,25,general_fromschema,con_ejemplo,5,948.2,572.0,1522.2,1503,1546,2342.8
tickets,r50k_base,25,general_fromschema,sin_ejemplo,5,948.2,482.0,1432.2,1413,1456,2342.8
tickets,r50k_base,25,json_abreviado,ninguna,5,1271.6,0.0,1271.6,1238,1300,3471.8
tickets,r50k_base,25,json_compacto,ninguna,5,1365.6,0.0,1365.6,1343,1393,3773.8
tickets,r50k_base,25,json_compacto,schema_con_ejemplo,5,1365.6,317.0,1684.6,1662,1712,3773.8
tickets,r50k_base,25,json_compacto,schema_sin_ejemplo,5,1365.6,193.0,1560.6,1538,1588,3773.8
tickets,r50k_base,25,json_legible,ninguna,5,2556.2,0.0,2556.2,2537,2580,5031.8
tickets,r50k_base,50,especializado,compacta_con_ejemplo,5,1677.4,302.0,1981.4,1932,2019,4100.2
tickets,r50k_base,50,especializado,compacta_sin_ejemplo,5,1677.4,217.0,1896.4,1847,1934,4100.2
tickets,r50k_base,50,especializado,spec_block_con_ejemplo,5,1677.4,631.0,2310.4,2261,2348,4100.2
tickets,r50k_base,50,especializado,spec_block_sin_ejemplo,5,1677.4,546.0,2225.4,2176,2263,4100.2
tickets,r50k_base,50,general_dominio,con_ejemplo,5,1886.8,945.0,2832.8,2800,2865,4633.0
tickets,r50k_base,50,general_dominio,sin_ejemplo,5,1886.8,826.0,2713.8,2681,2746,4633.0
tickets,r50k_base,50,general_fromschema,con_ejemplo,5,1863.8,572.0,2437.8,2405,2470,4606.0
tickets,r50k_base,50,general_fromschema,sin_ejemplo,5,1863.8,482.0,2347.8,2315,2380,4606.0
tickets,r50k_base,50,json_abreviado,ninguna,5,2509.0,0.0,2509.0,2455,2553,6855.2
tickets,r50k_base,50,json_compacto,ninguna,5,2696.4,0.0,2696.4,2659,2735,7462.0
tickets,r50k_base,50,json_compacto,schema_con_ejemplo,5,2696.4,317.0,3015.4,2978,3054,7462.0
tickets,r50k_base,50,json_compacto,schema_sin_ejemplo,5,2696.4,193.0,2891.4,2854,2930,7462.0
tickets,r50k_base,50,json_legible,ninguna,5,5071.8,0.0,5071.8,5039,5104,9970.0
tickets,r50k_base,100,especializado,compacta_con_ejemplo,5,3309.0,302.0,3613.0,3574,3637,8134.4
tickets,r50k_base,100,especializado,compacta_sin_ejemplo,5,3309.0,217.0,3528.0,3489,3552,8134.4
tickets,r50k_base,100,especializado,spec_block_con_ejemplo,5,3309.0,631.0,3942.0,3903,3966,8134.4
tickets,r50k_base,100,especializado,spec_block_sin_ejemplo,5,3309.0,546.0,3857.0,3818,3881,8134.4
tickets,r50k_base,100,general_dominio,con_ejemplo,5,3704.2,945.0,4650.2,4608,4686,9172.8
tickets,r50k_base,100,general_dominio,sin_ejemplo,5,3704.2,826.0,4531.2,4489,4567,9172.8
tickets,r50k_base,100,general_fromschema,con_ejemplo,5,3681.2,572.0,4255.2,4213,4291,9145.8
tickets,r50k_base,100,general_fromschema,sin_ejemplo,5,3681.2,482.0,4165.2,4123,4201,9145.8
tickets,r50k_base,100,json_abreviado,ninguna,5,4973.6,0.0,4973.6,4927,5001,13638.4
tickets,r50k_base,100,json_compacto,ninguna,5,5346.8,0.0,5346.8,5297,5383,14850.8
tickets,r50k_base,100,json_compacto,schema_con_ejemplo,5,5346.8,317.0,5665.8,5616,5702,14850.8
tickets,r50k_base,100,json_compacto,schema_sin_ejemplo,5,5346.8,193.0,5541.8,5492,5578,14850.8
tickets,r50k_base,100,json_legible,ninguna,5,10089.2,0.0,10089.2,10047,10125,19858.8
tickets,r50k_base,250,especializado,compacta_con_ejemplo,5,8222.6,302.0,8526.6,8478,8570,20226.4
tickets,r50k_base,250,especializado,compacta_sin_ejemplo,5,8222.6,217.0,8441.6,8393,8485,20226.4
tickets,r50k_base,250,especializado,spec_block_con_ejemplo,5,8222.6,631.0,8855.6,8807,8899,20226.4
tickets,r50k_base,250,especializado,spec_block_sin_ejemplo,5,8222.6,546.0,8770.6,8722,8814,20226.4
tickets,r50k_base,250,general_dominio,con_ejemplo,5,9169.0,945.0,10115.0,10047,10160,22752.0
tickets,r50k_base,250,general_dominio,sin_ejemplo,5,9169.0,826.0,9996.0,9928,10041,22752.0
tickets,r50k_base,250,general_fromschema,con_ejemplo,5,9146.0,572.0,9720.0,9652,9765,22725.0
tickets,r50k_base,250,general_fromschema,sin_ejemplo,5,9146.0,482.0,9630.0,9562,9675,22725.0
tickets,r50k_base,250,json_abreviado,ninguna,5,12386.6,0.0,12386.6,12331,12429,33980.4
tickets,r50k_base,250,json_compacto,ninguna,5,13311.0,0.0,13311.0,13236,13355,36980.0
tickets,r50k_base,250,json_compacto,schema_con_ejemplo,5,13311.0,317.0,13630.0,13555,13674,36980.0
tickets,r50k_base,250,json_compacto,schema_sin_ejemplo,5,13311.0,193.0,13506.0,13431,13550,36980.0
tickets,r50k_base,250,json_legible,ninguna,5,25154.0,0.0,25154.0,25086,25199,49488.0
