variante,n,dominio,tokenizador,formato,replicacion_de_base,contenido_hojas,documento,estructura_compartida,total_documento_mas_estructura,prompt_reutilizable_es,total_documento_mas_prompt_es,prompt_reutilizable_en,total_documento_mas_prompt_en
ciclo,12,a,o200k_base,json_compact,False,626,1314,0,1314,521,1834,519,1832
ciclo,12,a,o200k_base,mini,False,626,813,589,1402,506,1319,457,1270
ciclo,12,a,cl100k_base,json_compact,False,713,1365,0,1365,502,1867,499,1864
ciclo,12,a,cl100k_base,mini,False,713,901,580,1481,536,1437,457,1358
ciclo,12,a,r50k_base,json_compact,False,856,1542,0,1542,547,2090,533,2076
ciclo,12,a,r50k_base,mini,False,856,1057,603,1661,651,1709,495,1553
ciclo,12,card,o200k_base,json_compact,False,414,753,0,753,273,1025,271,1023
ciclo,12,card,o200k_base,mini,False,414,523,314,837,422,945,379,902
ciclo,12,card,cl100k_base,json_compact,False,468,790,0,790,263,1053,260,1050
ciclo,12,card,cl100k_base,mini,False,468,577,308,885,446,1023,377,954
ciclo,12,card,r50k_base,json_compact,False,567,913,0,913,290,1204,276,1190
ciclo,12,card,r50k_base,mini,False,567,683,321,1005,542,1226,404,1088
ciclo,12,cat,o200k_base,json_compact,False,261,609,0,609,239,847,237,845
ciclo,12,cat,o200k_base,mini,False,261,381,275,656,394,775,351,732
ciclo,12,cat,cl100k_base,json_compact,False,273,607,0,607,234,841,231,838
ciclo,12,cat,cl100k_base,mini,False,273,391,272,663,419,810,350,741
ciclo,12,cat,r50k_base,json_compact,False,292,638,0,638,260,899,246,885
ciclo,12,cat,r50k_base,mini,False,292,414,285,700,517,932,379,794
ciclo,12,cls,o200k_base,json_compact,False,290,615,0,615,244,858,242,856
ciclo,12,cls,o200k_base,mini,False,290,384,286,670,384,768,338,722
ciclo,12,cls,cl100k_base,json_compact,False,290,602,0,602,238,840,235,837
ciclo,12,cls,cl100k_base,mini,False,290,390,280,670,409,799,336,726
ciclo,12,cls,r50k_base,json_compact,False,308,633,0,633,271,905,257,891
ciclo,12,cls,r50k_base,mini,False,308,430,304,735,520,951,374,805
ciclo,12,code,o200k_base,json_compact,False,498,848,0,848,282,1129,280,1127
ciclo,12,code,o200k_base,mini,False,498,613,310,923,424,1037,382,995
ciclo,12,code,cl100k_base,json_compact,False,496,821,0,821,272,1093,269,1090
ciclo,12,code,cl100k_base,mini,False,496,614,305,919,448,1062,380,994
ciclo,12,code,r50k_base,json_compact,False,551,890,0,890,301,1192,287,1178
ciclo,12,code,r50k_base,mini,False,551,698,320,1019,546,1245,406,1105
ciclo,12,log,o200k_base,json_compact,False,417,755,0,755,253,1007,251,1005
ciclo,12,log,o200k_base,mini,False,417,524,286,810,414,938,370,894
ciclo,12,log,cl100k_base,json_compact,False,417,741,0,741,245,986,242,983
ciclo,12,log,cl100k_base,mini,False,417,524,282,806,438,962,368,892
ciclo,12,log,r50k_base,json_compact,False,452,788,0,788,271,1060,257,1046
ciclo,12,log,r50k_base,mini,False,452,565,296,862,537,1103,397,963
ciclo,12,map,o200k_base,json_compact,False,175,388,0,388,225,612,223,610
ciclo,12,map,o200k_base,mini,False,175,252,265,517,381,633,338,590
ciclo,12,map,cl100k_base,json_compact,False,185,396,0,396,220,616,217,613
ciclo,12,map,cl100k_base,mini,False,185,262,260,522,405,667,336,598
ciclo,12,map,r50k_base,json_compact,False,206,418,0,418,252,671,238,657
ciclo,12,map,r50k_base,mini,False,206,283,276,560,506,790,371,655
ciclo,12,ner,o200k_base,json_compact,False,139,375,0,375,228,602,226,600
ciclo,12,ner,o200k_base,mini,False,139,227,264,491,379,606,337,564
ciclo,12,ner,cl100k_base,json_compact,False,141,375,0,375,222,597,219,594
ciclo,12,ner,cl100k_base,mini,False,141,229,258,487,401,630,333,562
ciclo,12,ner,r50k_base,json_compact,False,154,390,0,390,254,645,240,631
ciclo,12,ner,r50k_base,mini,False,154,244,276,521,504,749,371,616
ciclo,12,q,o200k_base,json_compact,False,964,1737,0,1737,537,2273,535,2271
ciclo,12,q,o200k_base,mini,False,964,1162,615,1777,554,1716,500,1662
ciclo,12,q,cl100k_base,json_compact,False,1109,1834,0,1834,515,2349,512,2346
ciclo,12,q,cl100k_base,mini,False,1109,1307,604,1911,587,1894,499,1806
ciclo,12,q,r50k_base,json_compact,False,1349,2143,0,2143,565,2709,551,2695
ciclo,12,q,r50k_base,mini,False,1349,1586,634,2221,713,2300,536,2123
ciclo,12,r,o200k_base,json_compact,False,263,562,0,562,230,791,228,789
ciclo,12,r,o200k_base,mini,False,263,380,277,657,374,754,332,712
ciclo,12,r,cl100k_base,json_compact,False,263,560,0,560,227,787,224,784
ciclo,12,r,cl100k_base,mini,False,263,384,274,658,400,784,332,716
ciclo,12,r,r50k_base,json_compact,False,296,582,0,582,249,832,235,818
ciclo,12,r,r50k_base,mini,False,296,426,285,712,495,922,362,789
ciclo,12,s,o200k_base,json_compact,False,235,482,0,482,214,695,212,693
ciclo,12,s,o200k_base,mini,False,235,314,257,571,367,681,325,639
ciclo,12,s,cl100k_base,json_compact,False,237,471,0,471,207,678,204,675
ciclo,12,s,cl100k_base,mini,False,237,316,251,567,391,707,323,639
ciclo,12,s,r50k_base,json_compact,False,245,491,0,491,238,730,224,716
ciclo,12,s,r50k_base,mini,False,245,346,268,615,489,836,356,703
ciclo,12,sum,o200k_base,json_compact,False,486,813,0,813,260,1072,258,1070
ciclo,12,sum,o200k_base,mini,False,486,591,296,887,404,995,362,953
ciclo,12,sum,cl100k_base,json_compact,False,543,857,0,857,251,1108,248,1105
ciclo,12,sum,cl100k_base,mini,False,543,646,288,934,427,1073,359,1005
ciclo,12,sum,r50k_base,json_compact,False,630,982,0,982,285,1268,271,1254
ciclo,12,sum,r50k_base,mini,False,630,752,307,1060,528,1281,392,1145
ciclo,12,tc,o200k_base,json_compact,False,362,758,0,758,276,1033,274,1031
ciclo,12,tc,o200k_base,mini,False,362,499,304,803,422,921,380,879
ciclo,12,tc,cl100k_base,json_compact,False,363,745,0,745,266,1011,263,1008
ciclo,12,tc,cl100k_base,mini,False,363,502,298,800,444,946,376,878
ciclo,12,tc,r50k_base,json_compact,False,395,790,0,790,297,1088,283,1074
ciclo,12,tc,r50k_base,mini,False,395,538,314,853,545,1084,408,947
ciclo,12,us,o200k_base,json_compact,False,336,705,0,705,264,968,262,966
ciclo,12,us,o200k_base,mini,False,336,459,291,750,404,863,362,821
ciclo,12,us,cl100k_base,json_compact,False,335,690,0,690,255,945,252,942
ciclo,12,us,cl100k_base,mini,False,335,459,285,744,428,887,360,819
ciclo,12,us,r50k_base,json_compact,False,346,689,0,689,277,967,263,953
ciclo,12,us,r50k_base,mini,False,346,472,296,769,523,996,387,860
muestreo,100,a,o200k_base,json_compact,True,5033,10345,0,10345,521,10865,519,10863
muestreo,100,a,o200k_base,mini,True,5033,6334,589,6923,506,6840,457,6791
muestreo,100,a,cl100k_base,json_compact,True,5738,10773,0,10773,502,11275,499,11272
muestreo,100,a,cl100k_base,mini,True,5738,7053,580,7633,536,7589,457,7510
muestreo,100,a,r50k_base,json_compact,True,6922,12167,0,12167,547,12715,533,12701
muestreo,100,a,r50k_base,mini,True,6922,8341,603,8945,651,8993,495,8837
muestreo,100,card,o200k_base,json_compact,True,3383,6063,0,6063,273,6335,271,6333
muestreo,100,card,o200k_base,mini,True,3383,4168,314,4482,422,4590,379,4547
muestreo,100,card,cl100k_base,json_compact,True,3816,6367,0,6367,263,6630,260,6627
muestreo,100,card,cl100k_base,mini,True,3816,4601,308,4909,446,5047,377,4978
muestreo,100,card,r50k_base,json_compact,True,4638,7389,0,7389,290,7680,276,7666
muestreo,100,card,r50k_base,mini,True,4638,5481,321,5803,542,6024,404,5886
muestreo,100,cat,o200k_base,json_compact,True,2118,4894,0,4894,239,5132,237,5130
muestreo,100,cat,o200k_base,mini,True,2118,3015,275,3290,394,3409,351,3366
muestreo,100,cat,cl100k_base,json_compact,True,2218,4892,0,4892,234,5126,231,5123
muestreo,100,cat,cl100k_base,mini,True,2218,3106,272,3378,419,3525,350,3456
muestreo,100,cat,r50k_base,json_compact,True,2391,5165,0,5165,260,5426,246,5412
muestreo,100,cat,r50k_base,mini,True,2391,3304,285,3590,517,3822,379,3684
muestreo,100,cls,o200k_base,json_compact,True,2335,4906,0,4906,244,5149,242,5147
muestreo,100,cls,o200k_base,mini,True,2335,2992,286,3278,384,3376,338,3330
muestreo,100,cls,cl100k_base,json_compact,True,2335,4805,0,4805,238,5043,235,5040
muestreo,100,cls,cl100k_base,mini,True,2335,3043,280,3323,409,3452,336,3379
muestreo,100,cls,r50k_base,json_compact,True,2471,5042,0,5042,271,5314,257,5300
muestreo,100,cls,r50k_base,mini,True,2471,3356,304,3661,520,3877,374,3731
muestreo,100,code,o200k_base,json_compact,True,4095,6881,0,6881,282,7162,280,7160
muestreo,100,code,o200k_base,mini,True,4095,4959,310,5269,424,5383,382,5341
muestreo,100,code,cl100k_base,json_compact,True,4078,6677,0,6677,272,6949,269,6946
muestreo,100,code,cl100k_base,mini,True,4078,4969,305,5274,448,5417,380,5349
muestreo,100,code,r50k_base,json_compact,True,4538,7239,0,7239,301,7541,287,7527
muestreo,100,code,r50k_base,mini,True,4538,5662,320,5983,546,6209,406,6069
muestreo,100,log,o200k_base,json_compact,True,3403,6095,0,6095,253,6347,251,6345
muestreo,100,log,o200k_base,mini,True,3403,4191,286,4477,414,4605,370,4561
muestreo,100,log,cl100k_base,json_compact,True,3403,5993,0,5993,245,6238,242,6235
muestreo,100,log,cl100k_base,mini,True,3403,4191,282,4473,438,4629,368,4559
muestreo,100,log,r50k_base,json_compact,True,3697,6387,0,6387,271,6659,257,6645
muestreo,100,log,r50k_base,mini,True,3697,4536,296,4833,537,5074,397,4934
muestreo,100,map,o200k_base,json_compact,True,1375,3004,0,3004,225,3228,223,3226
muestreo,100,map,o200k_base,mini,True,1375,1883,265,2148,381,2264,338,2221
muestreo,100,map,cl100k_base,json_compact,True,1459,3086,0,3086,220,3306,217,3303
muestreo,100,map,cl100k_base,mini,True,1459,1967,260,2227,405,2372,336,2303
muestreo,100,map,r50k_base,json_compact,True,1621,3249,0,3249,252,3502,238,3488
muestreo,100,map,r50k_base,mini,True,1621,2138,276,2415,506,2645,371,2510
muestreo,100,ner,o200k_base,json_compact,True,1068,2888,0,2888,228,3115,226,3113
muestreo,100,ner,o200k_base,mini,True,1068,1684,264,1948,379,2063,337,2021
muestreo,100,ner,cl100k_base,json_compact,True,1077,2895,0,2895,222,3117,219,3114
muestreo,100,ner,cl100k_base,mini,True,1077,1693,258,1951,401,2094,333,2026
muestreo,100,ner,r50k_base,json_compact,True,1170,2990,0,2990,254,3245,240,3231
muestreo,100,ner,r50k_base,mini,True,1170,1788,276,2065,504,2293,371,2160
muestreo,100,q,o200k_base,json_compact,True,7829,13846,0,13846,537,14382,535,14380
muestreo,100,q,o200k_base,mini,True,7829,9220,615,9835,554,9774,500,9720
muestreo,100,q,cl100k_base,json_compact,True,9018,14658,0,14658,515,15173,512,15170
muestreo,100,q,cl100k_base,mini,True,9018,10424,604,11028,587,11011,499,10923
muestreo,100,q,r50k_base,json_compact,True,10990,17139,0,17139,565,17705,551,17691
muestreo,100,q,r50k_base,mini,True,10990,12707,634,13342,713,13421,536,13244
muestreo,100,r,o200k_base,json_compact,True,2102,4425,0,4425,230,4654,228,4652
muestreo,100,r,o200k_base,mini,True,2102,2937,277,3214,374,3311,332,3269
muestreo,100,r,cl100k_base,json_compact,True,2102,4423,0,4423,227,4650,224,4647
muestreo,100,r,cl100k_base,mini,True,2102,2970,274,3244,400,3370,332,3302
muestreo,100,r,r50k_base,json_compact,True,2368,4590,0,4590,249,4840,235,4826
muestreo,100,r,r50k_base,mini,True,2368,3304,285,3590,495,3800,362,3667
muestreo,100,s,o200k_base,json_compact,True,1886,3805,0,3805,214,4018,212,4016
muestreo,100,s,o200k_base,mini,True,1886,2427,257,2684,367,2794,325,2752
muestreo,100,s,cl100k_base,json_compact,True,1902,3720,0,3720,207,3927,204,3924
muestreo,100,s,cl100k_base,mini,True,1902,2443,251,2694,391,2834,323,2766
muestreo,100,s,r50k_base,json_compact,True,1960,3878,0,3878,238,4117,224,4103
muestreo,100,s,r50k_base,mini,True,1960,2677,268,2946,489,3167,356,3034
muestreo,100,sum,o200k_base,json_compact,True,3956,6521,0,6521,260,6780,258,6778
muestreo,100,sum,o200k_base,mini,True,3956,4686,296,4982,404,5090,362,5048
muestreo,100,sum,cl100k_base,json_compact,True,4429,6893,0,6893,251,7144,248,7141
muestreo,100,sum,cl100k_base,mini,True,4429,5143,288,5431,427,5570,359,5502
muestreo,100,sum,r50k_base,json_compact,True,5148,7914,0,7914,285,8200,271,8186
muestreo,100,sum,r50k_base,mini,True,5148,6012,307,6320,528,6541,392,6405
muestreo,100,tc,o200k_base,json_compact,True,2918,6071,0,6071,276,6346,274,6344
muestreo,100,tc,o200k_base,mini,True,2918,3957,304,4261,422,4379,380,4337
muestreo,100,tc,cl100k_base,json_compact,True,2924,5975,0,5975,266,6241,263,6238
muestreo,100,tc,cl100k_base,mini,True,2924,3964,298,4262,444,4408,376,4340
muestreo,100,tc,r50k_base,json_compact,True,3243,6395,0,6395,297,6693,283,6679
muestreo,100,tc,r50k_base,mini,True,3243,4302,314,4617,545,4848,408,4711
muestreo,100,us,o200k_base,json_compact,True,2736,5657,0,5657,264,5920,262,5918
muestreo,100,us,o200k_base,mini,True,2736,3651,291,3942,404,4055,362,4013
muestreo,100,us,cl100k_base,json_compact,True,2728,5547,0,5547,255,5802,252,5799
muestreo,100,us,cl100k_base,mini,True,2728,3644,285,3929,428,4072,360,4004
muestreo,100,us,r50k_base,json_compact,True,2819,5538,0,5538,277,5816,263,5802
muestreo,100,us,r50k_base,mini,True,2819,3737,296,4034,523,4261,387,4125
