tokenizador,backend,tiktoken,dataset,registros,sintetico,tokens_json_compacto,tokens_mini,ahorro_documento_pct,tokens_mini_documento_mas_contrato,ahorro_documento_mas_contrato_pct,estructura_compartida_mini,prompt_mini_en,ida_y_vuelta_todos,formato_toon_plano_elegido,formato_csv_elegido
o200k_base,tiktoken,0.14.0,products,194,True,89310,64090,28.24,64848,27.39,759,1206,True,arrays_as_indexed_columns,arrays_as_indexed_columns
o200k_base,tiktoken,0.14.0,users,208,True,91251,43268,52.58,44519,51.21,1252,1796,True,arrays_as_json_cells,arrays_as_json_cells
o200k_base,tiktoken,0.14.0,comments,500,True,35761,30268,15.36,30417,14.94,150,477,True,arrays_as_json_cells,arrays_as_json_cells
o200k_base,tiktoken,0.14.0,earthquakes,1000,False,252527,164137,35.0,165015,34.65,879,1336,True,arrays_as_indexed_columns,arrays_as_indexed_columns
o200k_base,tiktoken,0.14.0,TOTAL_4_snapshots,1902,,468849,301763,35.64,304799,34.99,3040,4815,True,,
cl100k_base,tiktoken,0.14.0,products,194,True,89502,65323,27.02,66071,26.18,748,1196,True,arrays_as_indexed_columns,arrays_as_indexed_columns
cl100k_base,tiktoken,0.14.0,users,208,True,90122,43531,51.7,44769,50.32,1238,1782,True,arrays_as_json_cells,arrays_as_json_cells
cl100k_base,tiktoken,0.14.0,comments,500,True,41295,36254,12.21,36400,11.85,146,473,True,arrays_as_json_cells,arrays_as_json_cells
cl100k_base,tiktoken,0.14.0,earthquakes,1000,False,250798,163301,34.89,164170,34.54,869,1327,True,arrays_as_indexed_columns,arrays_as_indexed_columns
cl100k_base,tiktoken,0.14.0,TOTAL_4_snapshots,1902,,471717,308409,34.62,311410,33.98,3001,4778,True,,
r50k_base,tiktoken,0.14.0,products,194,True,101839,74562,26.78,75395,25.97,832,1340,True,arrays_as_indexed_columns,arrays_as_indexed_columns
r50k_base,tiktoken,0.14.0,users,208,True,96251,46754,51.42,48125,50.0,1370,2005,True,arrays_as_json_cells,arrays_as_json_cells
r50k_base,tiktoken,0.14.0,comments,500,True,48367,42884,11.34,43049,11.0,164,533,True,arrays_as_json_cells,arrays_as_json_cells
r50k_base,tiktoken,0.14.0,earthquakes,1000,False,275418,181360,34.15,182328,33.8,967,1495,True,arrays_as_indexed_columns,arrays_as_indexed_columns
r50k_base,tiktoken,0.14.0,TOTAL_4_snapshots,1902,,521875,345560,33.78,348897,33.15,3333,5373,True,,
