tokenizador,dominio,idioma,instruccion,tokens,bytes
o200k_base,a,es,mini_spec,506,1808
cl100k_base,a,es,mini_spec,536,1808
r50k_base,a,es,mini_spec,651,1808
o200k_base,a,es,mini_spec_ejemplo,628,2061
cl100k_base,a,es,mini_spec_ejemplo,667,2061
r50k_base,a,es,mini_spec_ejemplo,799,2061
o200k_base,a,es,json_schema,521,2091
cl100k_base,a,es,json_schema,502,2091
r50k_base,a,es,json_schema,547,2091
o200k_base,a,es,json_schema_ejemplo,706,2616
cl100k_base,a,es,json_schema_ejemplo,691,2616
r50k_base,a,es,json_schema_ejemplo,764,2616
o200k_base,a,es,json_ejemplo,217,670
cl100k_base,a,es,json_ejemplo,222,670
r50k_base,a,es,json_ejemplo,263,670
o200k_base,a,en,mini_spec,457,1663
cl100k_base,a,en,mini_spec,457,1663
r50k_base,a,en,mini_spec,495,1663
o200k_base,a,en,mini_spec_ejemplo,578,1914
cl100k_base,a,en,mini_spec_ejemplo,586,1914
r50k_base,a,en,mini_spec_ejemplo,637,1914
o200k_base,a,en,json_schema,519,2086
cl100k_base,a,en,json_schema,499,2086
r50k_base,a,en,json_schema,533,2086
o200k_base,a,en,json_schema_ejemplo,703,2609
cl100k_base,a,en,json_schema_ejemplo,686,2609
r50k_base,a,en,json_schema_ejemplo,744,2609
o200k_base,a,en,json_ejemplo,214,648
cl100k_base,a,en,json_ejemplo,216,648
r50k_base,a,en,json_ejemplo,240,648
o200k_base,card,es,mini_spec,422,1471
cl100k_base,card,es,mini_spec,446,1471
r50k_base,card,es,mini_spec,542,1471
o200k_base,card,es,mini_spec_ejemplo,504,1680
cl100k_base,card,es,mini_spec_ejemplo,534,1680
r50k_base,card,es,mini_spec_ejemplo,646,1680
o200k_base,card,es,json_schema,273,1014
cl100k_base,card,es,json_schema,263,1014
r50k_base,card,es,json_schema,290,1014
o200k_base,card,es,json_schema_ejemplo,376,1330
cl100k_base,card,es,json_schema_ejemplo,369,1330
r50k_base,card,es,json_schema_ejemplo,413,1330
o200k_base,card,es,json_ejemplo,135,464
cl100k_base,card,es,json_ejemplo,139,464
r50k_base,card,es,json_ejemplo,169,464
o200k_base,card,en,mini_spec,379,1329
cl100k_base,card,en,mini_spec,377,1329
r50k_base,card,en,mini_spec,404,1329
o200k_base,card,en,mini_spec_ejemplo,460,1536
cl100k_base,card,en,mini_spec_ejemplo,463,1536
r50k_base,card,en,mini_spec_ejemplo,502,1536
o200k_base,card,en,json_schema,271,1009
cl100k_base,card,en,json_schema,260,1009
r50k_base,card,en,json_schema,276,1009
o200k_base,card,en,json_schema_ejemplo,373,1323
cl100k_base,card,en,json_schema_ejemplo,364,1323
r50k_base,card,en,json_schema_ejemplo,393,1323
o200k_base,card,en,json_ejemplo,132,442
cl100k_base,card,en,json_ejemplo,133,442
r50k_base,card,en,json_ejemplo,146,442
o200k_base,cat,es,mini_spec,394,1423
cl100k_base,cat,es,mini_spec,419,1423
r50k_base,cat,es,mini_spec,517,1423
o200k_base,cat,es,mini_spec_ejemplo,449,1561
cl100k_base,cat,es,mini_spec_ejemplo,475,1561
r50k_base,cat,es,mini_spec_ejemplo,583,1561
o200k_base,cat,es,json_schema,239,974
cl100k_base,cat,es,json_schema,234,974
r50k_base,cat,es,json_schema,260,974
o200k_base,cat,es,json_schema_ejemplo,313,1225
cl100k_base,cat,es,json_schema_ejemplo,308,1225
r50k_base,cat,es,json_schema_ejemplo,344,1225
o200k_base,cat,es,json_ejemplo,106,398
cl100k_base,cat,es,json_ejemplo,107,398
r50k_base,cat,es,json_ejemplo,130,398
o200k_base,cat,en,mini_spec,351,1281
cl100k_base,cat,en,mini_spec,350,1281
r50k_base,cat,en,mini_spec,379,1281
o200k_base,cat,en,mini_spec_ejemplo,405,1417
cl100k_base,cat,en,mini_spec_ejemplo,404,1417
r50k_base,cat,en,mini_spec_ejemplo,439,1417
o200k_base,cat,en,json_schema,237,969
cl100k_base,cat,en,json_schema,231,969
r50k_base,cat,en,json_schema,246,969
o200k_base,cat,en,json_schema_ejemplo,310,1218
cl100k_base,cat,en,json_schema_ejemplo,303,1218
r50k_base,cat,en,json_schema_ejemplo,324,1218
o200k_base,cat,en,json_ejemplo,103,376
cl100k_base,cat,en,json_ejemplo,101,376
r50k_base,cat,en,json_ejemplo,107,376
o200k_base,cls,es,mini_spec,384,1475
cl100k_base,cls,es,mini_spec,409,1475
r50k_base,cls,es,mini_spec,520,1475
o200k_base,cls,es,mini_spec_ejemplo,453,1683
cl100k_base,cls,es,mini_spec_ejemplo,481,1683
r50k_base,cls,es,mini_spec_ejemplo,602,1683
o200k_base,cls,es,json_schema,244,1055
cl100k_base,cls,es,json_schema,238,1055
r50k_base,cls,es,json_schema,271,1055
o200k_base,cls,es,json_schema_ejemplo,335,1372
cl100k_base,cls,es,json_schema_ejemplo,329,1372
r50k_base,cls,es,json_schema_ejemplo,372,1372
o200k_base,cls,es,json_ejemplo,123,464
cl100k_base,cls,es,json_ejemplo,124,464
r50k_base,cls,es,json_ejemplo,148,464
o200k_base,cls,en,mini_spec,338,1338
cl100k_base,cls,en,mini_spec,336,1338
r50k_base,cls,en,mini_spec,374,1338
o200k_base,cls,en,mini_spec_ejemplo,406,1544
cl100k_base,cls,en,mini_spec_ejemplo,406,1544
r50k_base,cls,en,mini_spec_ejemplo,450,1544
o200k_base,cls,en,json_schema,242,1050
cl100k_base,cls,en,json_schema,235,1050
r50k_base,cls,en,json_schema,257,1050
o200k_base,cls,en,json_schema_ejemplo,332,1365
cl100k_base,cls,en,json_schema_ejemplo,324,1365
r50k_base,cls,en,json_schema_ejemplo,352,1365
o200k_base,cls,en,json_ejemplo,120,442
cl100k_base,cls,en,json_ejemplo,118,442
r50k_base,cls,en,json_ejemplo,125,442
o200k_base,code,es,mini_spec,424,1519
cl100k_base,code,es,mini_spec,448,1519
r50k_base,code,es,mini_spec,546,1519
o200k_base,code,es,mini_spec_ejemplo,511,1780
cl100k_base,code,es,mini_spec_ejemplo,536,1780
r50k_base,code,es,mini_spec_ejemplo,649,1780
o200k_base,code,es,json_schema,282,1091
cl100k_base,code,es,json_schema,272,1091
r50k_base,code,es,json_schema,301,1091
o200k_base,code,es,json_schema_ejemplo,392,1472
cl100k_base,code,es,json_schema_ejemplo,378,1472
r50k_base,code,es,json_schema_ejemplo,422,1472
o200k_base,code,es,json_ejemplo,142,529
cl100k_base,code,es,json_ejemplo,139,529
r50k_base,code,es,json_ejemplo,167,529
o200k_base,code,en,mini_spec,382,1367
cl100k_base,code,en,mini_spec,380,1367
r50k_base,code,en,mini_spec,406,1367
o200k_base,code,en,mini_spec_ejemplo,468,1626
cl100k_base,code,en,mini_spec_ejemplo,466,1626
r50k_base,code,en,mini_spec_ejemplo,503,1626
o200k_base,code,en,json_schema,280,1086
cl100k_base,code,en,json_schema,269,1086
r50k_base,code,en,json_schema,287,1086
o200k_base,code,en,json_schema_ejemplo,389,1465
cl100k_base,code,en,json_schema_ejemplo,373,1465
r50k_base,code,en,json_schema_ejemplo,402,1465
o200k_base,code,en,json_ejemplo,139,507
cl100k_base,code,en,json_ejemplo,133,507
r50k_base,code,en,json_ejemplo,144,507
o200k_base,log,es,mini_spec,414,1521
cl100k_base,log,es,mini_spec,438,1521
r50k_base,log,es,mini_spec,537,1521
o200k_base,log,es,mini_spec_ejemplo,478,1664
cl100k_base,log,es,mini_spec_ejemplo,503,1664
r50k_base,log,es,mini_spec_ejemplo,610,1664
o200k_base,log,es,json_schema,253,1043
cl100k_base,log,es,json_schema,245,1043
r50k_base,log,es,json_schema,271,1043
o200k_base,log,es,json_schema_ejemplo,338,1301
cl100k_base,log,es,json_schema_ejemplo,329,1301
r50k_base,log,es,json_schema_ejemplo,363,1301
o200k_base,log,es,json_ejemplo,117,405
cl100k_base,log,es,json_ejemplo,117,405
r50k_base,log,es,json_ejemplo,138,405
o200k_base,log,en,mini_spec,370,1379
cl100k_base,log,en,mini_spec,368,1379
r50k_base,log,en,mini_spec,397,1379
o200k_base,log,en,mini_spec_ejemplo,433,1520
cl100k_base,log,en,mini_spec_ejemplo,431,1520
r50k_base,log,en,mini_spec_ejemplo,464,1520
o200k_base,log,en,json_schema,251,1038
cl100k_base,log,en,json_schema,242,1038
r50k_base,log,en,json_schema,257,1038
o200k_base,log,en,json_schema_ejemplo,335,1294
cl100k_base,log,en,json_schema_ejemplo,324,1294
r50k_base,log,en,json_schema_ejemplo,343,1294
o200k_base,log,en,json_ejemplo,114,383
cl100k_base,log,en,json_ejemplo,111,383
r50k_base,log,en,json_ejemplo,115,383
o200k_base,map,es,mini_spec,381,1411
cl100k_base,map,es,mini_spec,405,1411
r50k_base,map,es,mini_spec,506,1411
o200k_base,map,es,mini_spec_ejemplo,430,1517
cl100k_base,map,es,mini_spec_ejemplo,457,1517
r50k_base,map,es,mini_spec_ejemplo,567,1517
o200k_base,map,es,json_schema,225,916
cl100k_base,map,es,json_schema,220,916
r50k_base,map,es,json_schema,252,916
o200k_base,map,es,json_schema_ejemplo,287,1101
cl100k_base,map,es,json_schema_ejemplo,284,1101
r50k_base,map,es,json_schema_ejemplo,326,1101
o200k_base,map,es,json_ejemplo,94,332
cl100k_base,map,es,json_ejemplo,97,332
r50k_base,map,es,json_ejemplo,120,332
o200k_base,map,en,mini_spec,338,1279
cl100k_base,map,en,mini_spec,336,1279
r50k_base,map,en,mini_spec,371,1279
o200k_base,map,en,mini_spec_ejemplo,386,1383
cl100k_base,map,en,mini_spec_ejemplo,386,1383
r50k_base,map,en,mini_spec_ejemplo,426,1383
o200k_base,map,en,json_schema,223,911
cl100k_base,map,en,json_schema,217,911
r50k_base,map,en,json_schema,238,911
o200k_base,map,en,json_schema_ejemplo,284,1094
cl100k_base,map,en,json_schema_ejemplo,279,1094
r50k_base,map,en,json_schema_ejemplo,306,1094
o200k_base,map,en,json_ejemplo,91,310
cl100k_base,map,en,json_ejemplo,91,310
r50k_base,map,en,json_ejemplo,97,310
o200k_base,ner,es,mini_spec,379,1374
cl100k_base,ner,es,mini_spec,401,1374
r50k_base,ner,es,mini_spec,504,1374
o200k_base,ner,es,mini_spec_ejemplo,427,1486
cl100k_base,ner,es,mini_spec_ejemplo,451,1486
r50k_base,ner,es,mini_spec_ejemplo,566,1486
o200k_base,ner,es,json_schema,228,920
cl100k_base,ner,es,json_schema,222,920
r50k_base,ner,es,json_schema,254,920
o200k_base,ner,es,json_schema_ejemplo,291,1115
cl100k_base,ner,es,json_schema_ejemplo,286,1115
r50k_base,ner,es,json_schema_ejemplo,330,1115
o200k_base,ner,es,json_ejemplo,95,342
cl100k_base,ner,es,json_ejemplo,97,342
r50k_base,ner,es,json_ejemplo,122,342
o200k_base,ner,en,mini_spec,337,1242
cl100k_base,ner,en,mini_spec,333,1242
r50k_base,ner,en,mini_spec,371,1242
o200k_base,ner,en,mini_spec_ejemplo,384,1352
cl100k_base,ner,en,mini_spec_ejemplo,381,1352
r50k_base,ner,en,mini_spec_ejemplo,427,1352
o200k_base,ner,en,json_schema,226,915
cl100k_base,ner,en,json_schema,219,915
r50k_base,ner,en,json_schema,240,915
o200k_base,ner,en,json_schema_ejemplo,288,1108
cl100k_base,ner,en,json_schema_ejemplo,281,1108
r50k_base,ner,en,json_schema_ejemplo,310,1108
o200k_base,ner,en,json_ejemplo,92,320
cl100k_base,ner,en,json_ejemplo,91,320
r50k_base,ner,en,json_ejemplo,99,320
o200k_base,q,es,mini_spec,554,1962
cl100k_base,q,es,mini_spec,587,1962
r50k_base,q,es,mini_spec,713,1962
o200k_base,q,es,mini_spec_ejemplo,714,2346
cl100k_base,q,es,mini_spec_ejemplo,754,2346
r50k_base,q,es,mini_spec_ejemplo,908,2346
o200k_base,q,es,json_schema,537,2171
cl100k_base,q,es,json_schema,515,2171
r50k_base,q,es,json_schema,565,2171
o200k_base,q,es,json_schema_ejemplo,767,2863
cl100k_base,q,es,json_schema_ejemplo,747,2863
r50k_base,q,es,json_schema_ejemplo,835,2863
o200k_base,q,es,json_ejemplo,262,837
cl100k_base,q,es,json_ejemplo,265,837
r50k_base,q,es,json_ejemplo,316,837
o200k_base,q,en,mini_spec,500,1809
cl100k_base,q,en,mini_spec,499,1809
r50k_base,q,en,mini_spec,536,1809
o200k_base,q,en,mini_spec_ejemplo,659,2191
cl100k_base,q,en,mini_spec_ejemplo,664,2191
r50k_base,q,en,mini_spec_ejemplo,725,2191
o200k_base,q,en,json_schema,535,2166
cl100k_base,q,en,json_schema,512,2166
r50k_base,q,en,json_schema,551,2166
o200k_base,q,en,json_schema_ejemplo,764,2856
cl100k_base,q,en,json_schema_ejemplo,742,2856
r50k_base,q,en,json_schema_ejemplo,815,2856
o200k_base,q,en,json_ejemplo,259,815
cl100k_base,q,en,json_ejemplo,259,815
r50k_base,q,en,json_ejemplo,293,815
o200k_base,r,es,mini_spec,374,1404
cl100k_base,r,es,mini_spec,400,1404
r50k_base,r,es,mini_spec,495,1404
o200k_base,r,es,mini_spec_ejemplo,444,1615
cl100k_base,r,es,mini_spec_ejemplo,471,1615
r50k_base,r,es,mini_spec_ejemplo,575,1615
o200k_base,r,es,json_schema,230,967
cl100k_base,r,es,json_schema,227,967
r50k_base,r,es,json_schema,249,967
o200k_base,r,es,json_schema_ejemplo,317,1293
cl100k_base,r,es,json_schema_ejemplo,314,1293
r50k_base,r,es,json_schema_ejemplo,343,1293
o200k_base,r,es,json_ejemplo,119,471
cl100k_base,r,es,json_ejemplo,120,471
r50k_base,r,es,json_ejemplo,140,471
o200k_base,r,en,mini_spec,332,1268
cl100k_base,r,en,mini_spec,332,1268
r50k_base,r,en,mini_spec,362,1268
o200k_base,r,en,mini_spec_ejemplo,401,1477
cl100k_base,r,en,mini_spec_ejemplo,401,1477
r50k_base,r,en,mini_spec_ejemplo,436,1477
o200k_base,r,en,json_schema,228,962
cl100k_base,r,en,json_schema,224,962
r50k_base,r,en,json_schema,235,962
o200k_base,r,en,json_schema_ejemplo,314,1286
cl100k_base,r,en,json_schema_ejemplo,309,1286
r50k_base,r,en,json_schema_ejemplo,323,1286
o200k_base,r,en,json_ejemplo,116,449
cl100k_base,r,en,json_ejemplo,114,449
r50k_base,r,en,json_ejemplo,117,449
o200k_base,s,es,mini_spec,367,1361
cl100k_base,s,es,mini_spec,391,1361
r50k_base,s,es,mini_spec,489,1361
o200k_base,s,es,mini_spec_ejemplo,422,1538
cl100k_base,s,es,mini_spec_ejemplo,447,1538
r50k_base,s,es,mini_spec_ejemplo,555,1538
o200k_base,s,es,json_schema,214,890
cl100k_base,s,es,json_schema,207,890
r50k_base,s,es,json_schema,238,890
o200k_base,s,es,json_schema_ejemplo,285,1169
cl100k_base,s,es,json_schema_ejemplo,278,1169
r50k_base,s,es,json_schema_ejemplo,317,1169
o200k_base,s,es,json_ejemplo,103,424
cl100k_base,s,es,json_ejemplo,104,424
r50k_base,s,es,json_ejemplo,125,424
o200k_base,s,en,mini_spec,325,1225
cl100k_base,s,en,mini_spec,323,1225
r50k_base,s,en,mini_spec,356,1225
o200k_base,s,en,mini_spec_ejemplo,379,1400
cl100k_base,s,en,mini_spec_ejemplo,377,1400
r50k_base,s,en,mini_spec_ejemplo,416,1400
o200k_base,s,en,json_schema,212,885
cl100k_base,s,en,json_schema,204,885
r50k_base,s,en,json_schema,224,885
o200k_base,s,en,json_schema_ejemplo,282,1162
cl100k_base,s,en,json_schema_ejemplo,273,1162
r50k_base,s,en,json_schema_ejemplo,297,1162
o200k_base,s,en,json_ejemplo,100,402
cl100k_base,s,en,json_ejemplo,98,402
r50k_base,s,en,json_ejemplo,102,402
o200k_base,sum,es,mini_spec,404,1417
cl100k_base,sum,es,mini_spec,427,1417
r50k_base,sum,es,mini_spec,528,1417
o200k_base,sum,es,mini_spec_ejemplo,493,1652
cl100k_base,sum,es,mini_spec_ejemplo,520,1652
r50k_base,sum,es,mini_spec_ejemplo,640,1652
o200k_base,sum,es,json_schema,260,990
cl100k_base,sum,es,json_schema,251,990
r50k_base,sum,es,json_schema,285,990
o200k_base,sum,es,json_schema_ejemplo,369,1339
cl100k_base,sum,es,json_schema_ejemplo,363,1339
r50k_base,sum,es,json_schema_ejemplo,418,1339
o200k_base,sum,es,json_ejemplo,141,496
cl100k_base,sum,es,json_ejemplo,145,496
r50k_base,sum,es,json_ejemplo,179,496
o200k_base,sum,en,mini_spec,362,1275
cl100k_base,sum,en,mini_spec,359,1275
r50k_base,sum,en,mini_spec,392,1275
o200k_base,sum,en,mini_spec_ejemplo,450,1508
cl100k_base,sum,en,mini_spec_ejemplo,450,1508
r50k_base,sum,en,mini_spec_ejemplo,498,1508
o200k_base,sum,en,json_schema,258,985
cl100k_base,sum,en,json_schema,248,985
r50k_base,sum,en,json_schema,271,985
o200k_base,sum,en,json_schema_ejemplo,366,1332
cl100k_base,sum,en,json_schema_ejemplo,358,1332
r50k_base,sum,en,json_schema_ejemplo,398,1332
o200k_base,sum,en,json_ejemplo,138,474
cl100k_base,sum,en,json_ejemplo,139,474
r50k_base,sum,en,json_ejemplo,156,474
o200k_base,tc,es,mini_spec,422,1558
cl100k_base,tc,es,mini_spec,444,1558
r50k_base,tc,es,mini_spec,545,1558
o200k_base,tc,es,mini_spec_ejemplo,499,1829
cl100k_base,tc,es,mini_spec_ejemplo,524,1829
r50k_base,tc,es,mini_spec_ejemplo,633,1829
o200k_base,tc,es,json_schema,276,1157
cl100k_base,tc,es,json_schema,266,1157
r50k_base,tc,es,json_schema,297,1157
o200k_base,tc,es,json_schema_ejemplo,379,1570
cl100k_base,tc,es,json_schema_ejemplo,368,1570
r50k_base,tc,es,json_schema_ejemplo,407,1570
o200k_base,tc,es,json_ejemplo,135,559
cl100k_base,tc,es,json_ejemplo,135,559
r50k_base,tc,es,json_ejemplo,156,559
o200k_base,tc,en,mini_spec,380,1416
cl100k_base,tc,en,mini_spec,376,1416
r50k_base,tc,en,mini_spec,408,1416
o200k_base,tc,en,mini_spec_ejemplo,456,1685
cl100k_base,tc,en,mini_spec_ejemplo,454,1685
r50k_base,tc,en,mini_spec_ejemplo,490,1685
o200k_base,tc,en,json_schema,274,1152
cl100k_base,tc,en,json_schema,263,1152
r50k_base,tc,en,json_schema,283,1152
o200k_base,tc,en,json_schema_ejemplo,376,1563
cl100k_base,tc,en,json_schema_ejemplo,363,1563
r50k_base,tc,en,json_schema_ejemplo,387,1563
o200k_base,tc,en,json_ejemplo,132,537
cl100k_base,tc,en,json_ejemplo,129,537
r50k_base,tc,en,json_ejemplo,133,537
o200k_base,us,es,mini_spec,404,1463
cl100k_base,us,es,mini_spec,428,1463
r50k_base,us,es,mini_spec,523,1463
o200k_base,us,es,mini_spec_ejemplo,474,1686
cl100k_base,us,es,mini_spec_ejemplo,500,1686
r50k_base,us,es,mini_spec_ejemplo,602,1686
o200k_base,us,es,json_schema,264,1037
cl100k_base,us,es,json_schema,255,1037
r50k_base,us,es,json_schema,277,1037
o200k_base,us,es,json_schema_ejemplo,359,1379
cl100k_base,us,es,json_schema_ejemplo,349,1379
r50k_base,us,es,json_schema_ejemplo,375,1379
o200k_base,us,es,json_ejemplo,127,488
cl100k_base,us,es,json_ejemplo,127,488
r50k_base,us,es,json_ejemplo,144,488
o200k_base,us,en,mini_spec,362,1321
cl100k_base,us,en,mini_spec,360,1321
r50k_base,us,en,mini_spec,387,1321
o200k_base,us,en,mini_spec_ejemplo,431,1542
cl100k_base,us,en,mini_spec_ejemplo,430,1542
r50k_base,us,en,mini_spec_ejemplo,460,1542
o200k_base,us,en,json_schema,262,1032
cl100k_base,us,en,json_schema,252,1032
r50k_base,us,en,json_schema,263,1032
o200k_base,us,en,json_schema_ejemplo,356,1372
cl100k_base,us,en,json_schema_ejemplo,344,1372
r50k_base,us,en,json_schema_ejemplo,355,1372
o200k_base,us,en,json_ejemplo,124,466
cl100k_base,us,en,json_ejemplo,121,466
r50k_base,us,en,json_ejemplo,121,466
