prefix,mini,toon_flat,toon,csv,json_compact,yaml,xml,json_pretty,payload,mini_vs_json_compact_pct,mini_vs_toon_flat_pct,mini_vs_toon_pct,mini_vs_csv_pct,mini_overhead_pct,json_overhead_pct,toon_flat_overhead_pct
a,813,928,1537,811,1314,1607,1859,2097,626,38.1,12.4,47.1,-0.2,23.0,52.4,32.5
card,523,543,859,493,753,852,1244,1151,414,30.5,3.7,39.1,-6.1,20.8,45.0,23.8
cat,381,406,737,367,609,764,1140,1021,261,37.4,6.2,48.3,-3.8,31.5,57.1,35.7
cls,384,472,736,419,615,855,1151,1101,290,37.6,18.6,47.8,8.4,24.5,52.8,38.6
code,613,613,952,569,848,950,1436,1282,498,27.7,0.0,35.6,-7.7,18.8,41.3,18.8
log,524,568,906,496,755,887,1230,1144,417,30.6,7.7,42.2,-5.6,20.4,44.8,26.6
map,252,258,258,220,388,428,712,635,175,35.1,2.3,2.3,-14.5,30.6,54.9,32.2
ner,227,253,253,204,375,481,742,659,139,39.5,10.3,10.3,-11.3,38.8,62.9,45.1
q,1162,1284,1999,1165,1737,2065,2422,2626,964,33.1,9.5,41.9,0.3,17.0,44.5,24.9
r,380,426,647,373,562,696,1134,957,263,32.4,10.8,41.3,-1.9,30.8,53.2,38.3
s,314,325,574,278,482,585,926,815,235,34.9,3.4,45.3,-12.9,25.2,51.2,27.7
sum,591,612,933,559,813,947,1356,1207,486,27.3,3.4,36.7,-5.7,17.8,40.2,20.6
tc,499,522,878,472,758,898,1388,1205,362,34.2,4.4,43.2,-5.7,27.5,52.2,30.7
us,459,487,799,442,705,806,1294,1121,336,34.9,5.7,42.6,-3.8,26.8,52.3,31.0
