experimento,tipo_tarea,brazo,muestras,registros_solicitados,registros_aceptados,espurios,sintaxis_ok_pct,sintaxis_ok_ic_inf,sintaxis_ok_ic_sup,exacto_pct,exacto_ic_inf,exacto_ic_sup,con_aviso_pct,con_aviso_ic_inf,con_aviso_ic_sup,truncadas_pct,truncadas_ic_inf,truncadas_ic_sup,validos_finales,validez_final_pct,validez_final_ic_solicitud_inf,validez_final_ic_solicitud_sup,validez_final_ic_documento_inf,validez_final_ic_documento_sup,cumplimiento_contrato_pct,exactitud_contenido_pct,exactitud_contenido_ic_solicitud_inf,exactitud_contenido_ic_solicitud_sup,correctos,correctos_pct,incorrectos_sin_aviso,incorrectos_sin_aviso_pct,perdidos_sin_aviso,perdidos_sin_aviso_pct,perdidos_detectados,perdidos_detectados_pct,incorrectos_sin_aviso_ic_inf,incorrectos_sin_aviso_ic_sup,identidades_duplicadas,desenlace_ok,desenlace_formato_invalido,desenlace_vacia,desenlace_truncada,desenlace_negativa,desenlace_error_tecnico,tokens_entrada_media,tokens_salida_media,llamadas_reparacion_total,limite_salida_medio,latencia_flujo_mediana_s,latencia_flujo_p95_s,latencia_n,latencia_excluidas_error_tecnico,latencia_origen,intentos_totales,intentos_fallidos,costo_usd_total,costo_solicitud_mediana_usd,costo_por_1000_validos_usd,costo_nota
v2,extraccion,A,54,594,432,0,74.07,61.07,83.88,29.63,19.14,42.83,25.93,16.12,38.93,0.0,0.0,6.64,400,67.34,55.39,77.78,60.1,81.82,92.59,66.84,55.05,77.27,397,66.84,35,5.89,8,1.35,154,25.93,3.7,8.25,0,40,14,0,0,0,0,1064.7,1044.5,0,,12.112,12.59,54,0,simulada,54,0,,,,tarifa no verificada
v2,extraccion,A+1,54,594,489,1,87.04,75.58,93.58,53.7,40.61,66.31,31.48,20.68,44.74,0.0,0.0,6.64,489,82.32,72.39,90.57,75.25,92.42,100.0,81.65,72.05,90.07,485,81.51,4,0.67,6,1.01,100,16.81,0.17,1.34,0,40,14,0,0,0,0,1245.9,1106.0,26,,12.483,15.471,54,0,simulada,80,0,,,,tarifa no verificada
v2,extraccion,B,54,594,445,0,75.93,63.05,85.36,42.59,30.33,55.84,24.07,14.64,36.95,0.0,0.0,6.64,433,72.9,61.28,83.16,71.21,74.75,97.3,71.89,60.44,82.15,427,71.89,18,3.03,6,1.01,143,24.07,1.68,4.55,0,41,13,0,0,0,0,1272.7,1060.4,0,,12.107,12.543,54,0,simulada,54,0,,,,tarifa no verificada
v2,extraccion,B+1,54,594,529,0,90.74,80.09,95.98,62.96,49.63,74.58,14.81,7.7,26.6,0.0,0.0,6.64,529,89.06,79.97,96.3,87.37,91.92,100.0,88.05,78.96,94.95,523,88.05,6,1.01,7,1.18,58,9.76,0.34,1.85,0,41,13,0,0,0,0,1445.4,1094.4,17,,12.379,14.055,54,0,simulada,71,0,,,,tarifa no verificada
v2,extraccion,C,36,396,393,0,100.0,90.36,100.0,80.56,64.97,90.25,0.0,0.0,9.64,0.0,0.0,9.64,393,99.24,98.48,100.0,98.48,100.0,100.0,97.47,95.71,99.24,386,97.47,7,1.77,3,0.76,0,0.0,0.51,3.28,0,36,0,0,0,0,0,1272.7,848.2,0,,10.134,10.238,36,0,simulada,36,0,,,,tarifa no verificada
v2,extraccion,C+1,36,396,393,0,100.0,90.36,100.0,80.56,64.97,90.25,0.0,0.0,9.64,0.0,0.0,9.64,393,99.24,98.48,100.0,98.48,100.0,100.0,97.47,95.71,99.24,386,97.47,7,1.77,3,0.76,0,0.0,0.51,3.28,0,36,0,0,0,0,0,1272.7,848.2,0,,10.134,10.238,36,0,simulada,36,0,,,,tarifa no verificada
v2,extraccion,D,54,594,543,0,100.0,93.36,100.0,46.3,33.69,59.39,53.7,40.61,66.31,0.0,0.0,6.64,543,91.41,88.05,94.28,89.39,92.93,100.0,88.89,84.85,92.42,528,88.89,15,2.53,1,0.17,50,8.42,1.35,3.87,0,25,29,0,0,0,0,1543.0,481.9,0,,5.931,6.356,54,0,simulada,54,0,,,,tarifa no verificada
v2,extraccion,D+1,54,594,574,0,100.0,93.36,100.0,62.96,49.63,74.58,18.52,10.38,30.84,0.0,0.0,6.64,574,96.63,93.6,98.65,95.96,97.47,100.0,94.11,91.08,96.63,559,94.11,15,2.53,5,0.84,15,2.53,1.35,3.87,0,25,29,0,0,0,0,1915.7,516.6,28,,6.244,7.688,54,0,simulada,82,0,,,,tarifa no verificada
v2,generativa,A,18,198,131,0,66.67,43.75,83.72,22.22,9.0,45.21,33.33,16.28,56.25,0.0,0.0,17.59,116,58.59,38.38,76.77,58.59,58.59,88.55,,,,116,58.59,15,7.58,1,0.51,66,33.33,3.03,12.63,0,12,6,0,0,0,0,138.0,1047.2,0,,11.985,12.08,18,0,simulada,18,0,,,,tarifa no verificada
v2,generativa,A+1,18,198,157,0,83.33,60.78,94.16,55.56,33.72,75.44,33.33,16.28,56.25,0.0,0.0,17.59,157,79.29,59.6,94.95,79.29,79.29,100.0,,,,157,79.29,0,0.0,2,1.01,39,19.7,0.0,0.0,0,12,6,0,0,0,0,403.4,1154.8,11,,13.126,14.974,18,0,simulada,29,0,,,,tarifa no verificada
v2,generativa,B,18,198,162,0,83.33,60.78,94.16,61.11,38.62,79.69,16.67,5.84,39.22,0.0,0.0,17.59,158,79.8,61.62,94.44,79.8,79.8,97.53,,,,158,79.8,4,2.02,3,1.52,33,16.67,0.51,3.54,0,15,3,0,0,0,0,358.0,1053.2,0,,12.003,12.114,18,0,simulada,18,0,,,,tarifa no verificada
v2,generativa,B+1,18,198,171,0,88.89,67.2,96.9,72.22,49.13,87.5,22.22,9.0,45.21,0.0,0.0,17.59,171,86.36,70.71,98.48,86.36,86.36,100.0,,,,171,86.36,0,0.0,1,0.51,26,13.13,0.0,0.0,0,15,3,0,0,0,0,503.7,1076.9,5,,12.011,13.31,18,0,simulada,23,0,,,,tarifa no verificada
v2,generativa,C,12,132,132,0,100.0,75.75,100.0,100.0,75.75,100.0,0.0,0.0,24.25,0.0,0.0,24.25,132,100.0,100.0,100.0,100.0,100.0,100.0,,,,132,100.0,0,0.0,0,0.0,0,0.0,0.0,0.0,0,12,0,0,0,0,0,358.0,878.8,0,,9.913,9.96,12,0,simulada,12,0,,,,tarifa no verificada
v2,generativa,C+1,12,132,132,0,100.0,75.75,100.0,100.0,75.75,100.0,0.0,0.0,24.25,0.0,0.0,24.25,132,100.0,100.0,100.0,100.0,100.0,100.0,,,,132,100.0,0,0.0,0,0.0,0,0.0,0.0,0.0,0,12,0,0,0,0,0,358.0,878.8,0,,9.913,9.96,12,0,simulada,12,0,,,,tarifa no verificada
v2,generativa,D,18,198,187,0,100.0,82.41,100.0,61.11,38.62,79.69,44.44,24.56,66.28,0.0,0.0,17.59,187,94.44,90.4,97.47,94.44,94.44,100.0,,,,187,94.44,0,0.0,0,0.0,11,5.56,0.0,0.0,0,10,8,0,0,0,0,646.0,538.1,0,,6.159,6.253,18,0,simulada,18,0,,,,tarifa no verificada
v2,generativa,D+1,18,198,194,0,100.0,82.41,100.0,83.33,60.78,94.16,16.67,5.84,39.22,0.0,0.0,17.59,194,97.98,95.45,100.0,97.98,97.98,100.0,,,,194,97.98,0,0.0,0,0.0,4,2.02,0.0,0.0,0,10,8,0,0,0,0,980.8,570.9,8,,6.224,8.194,18,0,simulada,26,0,,,,tarifa no verificada
