instr_mini,instr_json,razon,n_eq_mediana,n_eq_max
mini_spec,json_schema,0.002,1.0,1.0
mini_spec,json_schema,0.002222,1.0,1.0
mini_spec,json_schema,0.002469,1.0,1.0
mini_spec,json_schema,0.002743,1.0,1.0
mini_spec,json_schema,0.003048,1.0,1.0
mini_spec,json_schema,0.003387,1.0,1.0
mini_spec,json_schema,0.003763,1.0,1.0
mini_spec,json_schema,0.004181,1.0,1.0
mini_spec,json_schema,0.004645,1.0,1.0
mini_spec,json_schema,0.005161,1.0,1.0
mini_spec,json_schema,0.005734,1.0,1.0
mini_spec,json_schema,0.006371,1.0,1.0
mini_spec,json_schema,0.007079,1.0,1.0
mini_spec,json_schema,0.007865,1.0,1.0
mini_spec,json_schema,0.008739,1.0,1.0
mini_spec,json_schema,0.00971,1.0,1.0
mini_spec,json_schema,0.010788,1.0,1.0
mini_spec,json_schema,0.011987,1.0,1.0
mini_spec,json_schema,0.013318,1.0,1.0
mini_spec,json_schema,0.014798,1.0,1.0
mini_spec,json_schema,0.016441,1.0,1.0
mini_spec,json_schema,0.018268,1.0,1.0
mini_spec,json_schema,0.020297,1.0,1.0
mini_spec,json_schema,0.022551,1.0,1.0
mini_spec,json_schema,0.025056,1.0,1.0
mini_spec,json_schema,0.027839,1.0,1.0
mini_spec,json_schema,0.030932,1.0,1.0
mini_spec,json_schema,0.034368,1.0,1.0
mini_spec,json_schema,0.038185,1.0,1.0
mini_spec,json_schema,0.042427,1.0,1.0
mini_spec,json_schema,0.04714,1.0,1.0
mini_spec,json_schema,0.052376,1.0,1.0
mini_spec,json_schema,0.058194,1.0,1.0
mini_spec,json_schema,0.064658,1.0,1.0
mini_spec,json_schema,0.07184,1.0,1.0
mini_spec,json_schema,0.07982,1.0,1.0
mini_spec,json_schema,0.088687,1.0,1.0
mini_spec,json_schema,0.098538,1.0,1.1193
mini_spec,json_schema,0.109484,1.0,1.26778
mini_spec,json_schema,0.121645,1.0,1.432752
mini_spec,json_schema,0.135158,1.0,1.61605
mini_spec,json_schema,0.150171,1.056506,1.819708
mini_spec,json_schema,0.166852,1.185385,2.045988
mini_spec,json_schema,0.185386,1.329189,2.297404
mini_spec,json_schema,0.205978,1.496112,2.576747
mini_spec,json_schema,0.228858,1.681577,2.88712
mini_spec,json_schema,0.25428,1.884637,3.231968
mini_spec,json_schema,0.282525,2.109816,3.615122
mini_spec,json_schema,0.313908,2.360007,4.040837
mini_spec,json_schema,0.348777,2.637989,4.51384
mini_spec,json_schema,0.387519,2.94685,5.041175
mini_spec,json_schema,0.430564,3.290018,5.651638
mini_spec,json_schema,0.478391,3.671306,6.329912
mini_spec,json_schema,0.531531,4.094948,7.083528
mini_spec,json_schema,0.590573,4.565647,7.920856
mini_spec,json_schema,0.656174,5.087536,8.851194
mini_spec,json_schema,0.729062,5.661585,9.884874
mini_spec,json_schema,0.810046,6.2994,11.014921
mini_spec,json_schema,0.900025,7.008063,12.26821
mini_spec,json_schema,1.0,7.795444,13.660714
mini_spec,json_ejemplo,0.002,1.0,1.0
mini_spec,json_ejemplo,0.002222,1.0,1.0
mini_spec,json_ejemplo,0.002469,1.0,1.0
mini_spec,json_ejemplo,0.002743,1.0,1.0
mini_spec,json_ejemplo,0.003048,1.0,1.0
mini_spec,json_ejemplo,0.003387,1.0,1.0
mini_spec,json_ejemplo,0.003763,1.0,1.0
mini_spec,json_ejemplo,0.004181,1.0,1.0
mini_spec,json_ejemplo,0.004645,1.0,1.0
mini_spec,json_ejemplo,0.005161,1.0,1.0
mini_spec,json_ejemplo,0.005734,1.0,1.0
mini_spec,json_ejemplo,0.006371,1.0,1.0
mini_spec,json_ejemplo,0.007079,1.0,1.0
mini_spec,json_ejemplo,0.007865,1.0,1.0
mini_spec,json_ejemplo,0.008739,1.0,1.0
mini_spec,json_ejemplo,0.00971,1.0,1.0
mini_spec,json_ejemplo,0.010788,1.0,1.0
mini_spec,json_ejemplo,0.011987,1.0,1.0
mini_spec,json_ejemplo,0.013318,1.0,1.0
mini_spec,json_ejemplo,0.014798,1.0,1.0
mini_spec,json_ejemplo,0.016441,1.0,1.0
mini_spec,json_ejemplo,0.018268,1.0,1.0
mini_spec,json_ejemplo,0.020297,1.0,1.0
mini_spec,json_ejemplo,0.022551,1.0,1.0
mini_spec,json_ejemplo,0.025056,1.0,1.0
mini_spec,json_ejemplo,0.027839,1.0,1.0
mini_spec,json_ejemplo,0.030932,1.0,1.0
mini_spec,json_ejemplo,0.034368,1.0,1.0
mini_spec,json_ejemplo,0.038185,1.0,1.0
mini_spec,json_ejemplo,0.042427,1.0,1.0
mini_spec,json_ejemplo,0.04714,1.0,1.0
mini_spec,json_ejemplo,0.052376,1.0,1.089733
mini_spec,json_ejemplo,0.058194,1.0,1.234928
mini_spec,json_ejemplo,0.064658,1.0,1.396252
mini_spec,json_ejemplo,0.07184,1.0,1.575495
mini_spec,json_ejemplo,0.07982,1.045645,1.774648
mini_spec,json_ejemplo,0.088687,1.177839,1.995924
mini_spec,json_ejemplo,0.098538,1.324818,2.241778
mini_spec,json_ejemplo,0.109484,1.488124,2.514942
mini_spec,json_ejemplo,0.121645,1.66957,2.818449
mini_spec,json_ejemplo,0.135158,1.87117,3.15567
mini_spec,json_ejemplo,0.150171,2.093296,3.530349
mini_spec,json_ejemplo,0.166852,2.339914,3.946647
mini_spec,json_ejemplo,0.185386,2.613927,4.409188
mini_spec,json_ejemplo,0.205978,2.918377,4.923107
mini_spec,json_ejemplo,0.228858,3.256644,5.516573
mini_spec,json_ejemplo,0.25428,3.632487,6.179843
mini_spec,json_ejemplo,0.282525,4.050078,6.91679
mini_spec,json_ejemplo,0.313908,4.514055,7.735596
mini_spec,json_ejemplo,0.348777,5.030256,8.645356
mini_spec,json_ejemplo,0.387519,5.604167,9.656171
mini_spec,json_ejemplo,0.430564,6.241512,10.765352
mini_spec,json_ejemplo,0.478391,6.949654,11.990918
mini_spec,json_ejemplo,0.531531,7.736456,13.352621
mini_spec,json_ejemplo,0.590573,8.617764,14.865581
mini_spec,json_ejemplo,0.656174,9.639885,16.5466
mini_spec,json_ejemplo,0.729062,10.757254,18.414347
mini_spec,json_ejemplo,0.810046,11.976714,20.489563
mini_spec,json_ejemplo,0.900025,13.322711,22.795293
mini_spec,json_ejemplo,1.0,14.809331,25.359712
mini_spec_ejemplo,json_schema_ejemplo,0.002,1.0,1.0
mini_spec_ejemplo,json_schema_ejemplo,0.002222,1.0,1.0
mini_spec_ejemplo,json_schema_ejemplo,0.002469,1.0,1.0
mini_spec_ejemplo,json_schema_ejemplo,0.002743,1.0,1.0
mini_spec_ejemplo,json_schema_ejemplo,0.003048,1.0,1.0
mini_spec_ejemplo,json_schema_ejemplo,0.003387,1.0,1.0
mini_spec_ejemplo,json_schema_ejemplo,0.003763,1.0,1.0
mini_spec_ejemplo,json_schema_ejemplo,0.004181,1.0,1.0
mini_spec_ejemplo,json_schema_ejemplo,0.004645,1.0,1.0
mini_spec_ejemplo,json_schema_ejemplo,0.005161,1.0,1.0
mini_spec_ejemplo,json_schema_ejemplo,0.005734,1.0,1.0
mini_spec_ejemplo,json_schema_ejemplo,0.006371,1.0,1.0
mini_spec_ejemplo,json_schema_ejemplo,0.007079,1.0,1.0
mini_spec_ejemplo,json_schema_ejemplo,0.007865,1.0,1.0
mini_spec_ejemplo,json_schema_ejemplo,0.008739,1.0,1.0
mini_spec_ejemplo,json_schema_ejemplo,0.00971,1.0,1.0
mini_spec_ejemplo,json_schema_ejemplo,0.010788,1.0,1.0
mini_spec_ejemplo,json_schema_ejemplo,0.011987,1.0,1.0
mini_spec_ejemplo,json_schema_ejemplo,0.013318,1.0,1.0
mini_spec_ejemplo,json_schema_ejemplo,0.014798,1.0,1.0
mini_spec_ejemplo,json_schema_ejemplo,0.016441,1.0,1.0
mini_spec_ejemplo,json_schema_ejemplo,0.018268,1.0,1.0
mini_spec_ejemplo,json_schema_ejemplo,0.020297,1.0,1.0
mini_spec_ejemplo,json_schema_ejemplo,0.022551,1.0,1.0
mini_spec_ejemplo,json_schema_ejemplo,0.025056,1.0,1.0
mini_spec_ejemplo,json_schema_ejemplo,0.027839,1.0,1.0
mini_spec_ejemplo,json_schema_ejemplo,0.030932,1.0,1.0
mini_spec_ejemplo,json_schema_ejemplo,0.034368,1.0,1.0
mini_spec_ejemplo,json_schema_ejemplo,0.038185,1.0,1.0
mini_spec_ejemplo,json_schema_ejemplo,0.042427,1.0,1.0
mini_spec_ejemplo,json_schema_ejemplo,0.04714,1.0,1.0
mini_spec_ejemplo,json_schema_ejemplo,0.052376,1.0,1.0
mini_spec_ejemplo,json_schema_ejemplo,0.058194,1.0,1.0
mini_spec_ejemplo,json_schema_ejemplo,0.064658,1.0,1.0
mini_spec_ejemplo,json_schema_ejemplo,0.07184,1.0,1.0
mini_spec_ejemplo,json_schema_ejemplo,0.07982,1.0,1.0
mini_spec_ejemplo,json_schema_ejemplo,0.088687,1.0,1.0
mini_spec_ejemplo,json_schema_ejemplo,0.098538,1.0,1.007909
mini_spec_ejemplo,json_schema_ejemplo,0.109484,1.0,1.144015
mini_spec_ejemplo,json_schema_ejemplo,0.121645,1.0,1.29524
mini_spec_ejemplo,json_schema_ejemplo,0.135158,1.0,1.463263
mini_spec_ejemplo,json_schema_ejemplo,0.150171,1.0,1.64995
mini_spec_ejemplo,json_schema_ejemplo,0.166852,1.009331,1.857374
mini_spec_ejemplo,json_schema_ejemplo,0.185386,1.124208,2.087838
mini_spec_ejemplo,json_schema_ejemplo,0.205978,1.269587,2.343902
mini_spec_ejemplo,json_schema_ejemplo,0.228858,1.426677,2.62841
mini_spec_ejemplo,json_schema_ejemplo,0.25428,1.600985,2.944522
mini_spec_ejemplo,json_schema_ejemplo,0.282525,1.794655,3.295746
mini_spec_ejemplo,json_schema_ejemplo,0.313908,2.009838,3.685985
mini_spec_ejemplo,json_schema_ejemplo,0.348777,2.248924,4.119571
mini_spec_ejemplo,json_schema_ejemplo,0.387519,2.514568,4.60132
mini_spec_ejemplo,json_schema_ejemplo,0.430564,2.809719,5.14279
mini_spec_ejemplo,json_schema_ejemplo,0.478391,3.137655,5.764541
mini_spec_ejemplo,json_schema_ejemplo,0.531531,3.502018,6.455356
mini_spec_ejemplo,json_schema_ejemplo,0.590573,3.906855,7.222906
mini_spec_ejemplo,json_schema_ejemplo,0.656174,4.356661,8.075716
mini_spec_ejemplo,json_schema_ejemplo,0.729062,4.856431,9.023256
mini_spec_ejemplo,json_schema_ejemplo,0.810046,5.406738,10.07469
mini_spec_ejemplo,json_schema_ejemplo,0.900025,6.016245,11.223538
mini_spec_ejemplo,json_schema_ejemplo,1.0,6.693455,12.5
