id,topic,front,back,hint,tags,bloom,ease
c1,Biología,¿Qué organelo realiza la fotosíntesis?,"El cloroplasto, gracias a la clorofila.",Pigmento verde,célula;plantas,L1,2.5
c2,Química,¿Qué mide el pH?,La acidez o basicidad de una solución (0-14).,Iones H+,soluciones;ácidos,L2,2.5
c3,Matemática,Resuelve 3x+6=18,x = 4,,álgebra,L3,2.6
c4,Historia,Causas de la caída de Roma de Occidente,"Presiones militares externas y crisis internas (económica, política).",Multicausal,roma;antigüedad,L4,2.3
c5,Literatura,¿Qué es un narrador no confiable?,Un narrador cuya versión debe contrastarse con otras evidencias del texto.,,narrativa,L5,2.4
c6,Computación,Dos prácticas para reducir errores en una API,Validación de esquema y pruebas automatizadas.,Verificación temprana,api;calidad;testing,L6,2.5
c7,Física,Unidad SI de fuerza,El newton (N) = kg·m/s².,,unidades,L1,2.7
c8,Geografía,Define cuenca hidrográfica,Territorio cuyas aguas drenan hacia un mismo río o lago.,Drenaje,hidrografía,L2,2.5
c9,Comunicación,Conector de causa,"""Porque"" introduce la causa de un hecho.",,conectores;redacción,L3,2.6
c10,Economía,Sube el precio y baja la demanda: ¿qué pasa?,Disminuye la cantidad demandada.,Ley de la demanda,mercado,L4,2.4
c11,Ética,Criterios para evaluar una decisión pública,"Impacto, justicia y evidencia.",,ética;política,L5,2.3
c12,Arte,Principio de una campaña visual coherente,"Unidad entre mensaje, color y audiencia.",Coherencia,diseño;comunicación,L6,2.4
