run_id,estudio,procedencia,fecha_utc,commit,arbol_limpio,snapshot_sha256,estado_ejecucion,resultado,cuenta,motivo,gasto_usd,manifiesto
v3a-20260930t190455z,V3a,reproducido_local,2026-09-30T19:04:55Z,9a53ea879c697795598c1abc824269d955ddd19b,true,,ejecutado,cumple,true,,0,evidencia/corridas/v3a-20260930t190455z/manifiesto.json
opt-20260930t191636z,OPT,reproducido_local,2026-09-30T19:16:36Z,12f37c00c4a1b35cafa9a0bb36ee629460c337f5,true,,ejecutado,cumple,false,estudio fuera del registro,0,evidencia/corridas/opt-20260930t191636z/manifiesto.json
v2-simulado-piloto,V2,simulado,2026-09-30T19:48:22Z,6d6b07a53db7ce28d3411e32ba926ced0aa88be8,true,,ejecutado,no_evaluable,false,procedencia simulado: no acredita ejecución,0.0,evidencia/corridas/v2-simulado-piloto/manifiesto.json
v3b-simulado-piloto,V3b,simulado,2026-09-30T19:48:23Z,6d6b07a53db7ce28d3411e32ba926ced0aa88be8,true,,ejecutado,no_evaluable,false,procedencia simulado: no acredita ejecución,0.0,evidencia/corridas/v3b-simulado-piloto/manifiesto.json
v4-simulado-piloto,V4,simulado,2026-09-30T19:48:24Z,6d6b07a53db7ce28d3411e32ba926ced0aa88be8,true,,ejecutado,no_evaluable,false,procedencia simulado: no acredita ejecución,0.0,evidencia/corridas/v4-simulado-piloto/manifiesto.json
v1-linea_base_n12-20260930t2200z,V1,reproducido_local,2026-09-30T20:27:02Z,6e3321706b16a22ae55ef06363982f6b7911520d,true,,ejecutado,no_evaluable,true,,0,evidencia/corridas/v1-linea_base_n12-20260930t2200z/manifiesto.json
v1-publicos-20260930t2200z,V1,reproducido_local,2026-09-30T20:27:03Z,6e3321706b16a22ae55ef06363982f6b7911520d,true,,ejecutado,no_evaluable,true,,0,evidencia/corridas/v1-publicos-20260930t2200z/manifiesto.json
v1-serie_n-20260930t2200z,V1,reproducido_local,2026-09-30T20:27:03Z,6e3321706b16a22ae55ef06363982f6b7911520d,true,,ejecutado,no_cumple,true,,0,evidencia/corridas/v1-serie_n-20260930t2200z/manifiesto.json
v1-conciliacion-20260930t2200z,V1,reproducido_local,2026-09-30T20:27:04Z,6e3321706b16a22ae55ef06363982f6b7911520d,true,,ejecutado,no_evaluable,true,,0,evidencia/corridas/v1-conciliacion-20260930t2200z/manifiesto.json
v5-ancho-20260930t2200z,V5,reproducido_local,2026-09-30T20:27:05Z,6e3321706b16a22ae55ef06363982f6b7911520d,true,,ejecutado,no_evaluable,false,no declara parametros.componente y el estudio tiene varios componentes; no declara parametros.componente y el estudio tiene varios componentes; no declara parametros.componente y el estudio tiene varios componentes,0,evidencia/corridas/v5-ancho-20260930t2200z/manifiesto.json
v7-20261008t160018z,V7,reproducido_local,2026-10-08T16:00:18Z,1fc6f396192ca8903beb4d49056d963469659a31,true,,ejecutado,no_evaluable,true,,,evidencia/corridas/v7-20261008t160018z/manifiesto.json
