experimento,tipo_tarea,brazo,muestras,registros_esperados,espurios,parseable_pct,parseable_ic_inf,parseable_ic_sup,exacto_pct,exacto_ic_inf,exacto_ic_sup,con_aviso_pct,con_aviso_ic_inf,con_aviso_ic_sup,truncadas_pct,truncadas_ic_inf,truncadas_ic_sup,correctos,correctos_pct,correctos_ic_inf,correctos_ic_sup,incorrectos_sin_aviso,incorrectos_sin_aviso_pct,incorrectos_sin_aviso_ic_inf,incorrectos_sin_aviso_ic_sup,perdidos_sin_aviso,perdidos_sin_aviso_pct,perdidos_sin_aviso_ic_inf,perdidos_sin_aviso_ic_sup,perdidos_detectados,perdidos_detectados_pct,perdidos_detectados_ic_inf,perdidos_detectados_ic_sup,tokens_entrada_media,tokens_salida_media,latencia_media_ms,llamadas_media,llamadas_reparacion_total,tokens_reparacion_media,costo_total_usd
v2,extraccion,A,54,594,1,100.0,93.36,100.0,0.0,0.0,6.64,100.0,93.36,100.0,0.0,0.0,6.64,338,56.81,52.8,60.73,155,26.05,22.69,29.72,0,0.0,0.0,0.64,102,17.14,14.33,20.38,1228.0,449.3,5217.8,1.0,0,0.0,0.10446
v2,extraccion,B,54,594,0,79.63,67.1,88.23,50.0,37.11,62.89,20.37,11.77,32.9,0.0,0.0,6.64,453,76.26,72.68,79.51,13,2.19,1.28,3.71,7,1.18,0.57,2.41,121,20.37,17.33,23.79,1238.7,1059.9,11929.8,1.0,0,0.0,0.185928
v2,extraccion,C,36,396,0,100.0,90.36,100.0,86.11,71.34,93.92,0.0,0.0,9.64,0.0,0.0,9.64,391,98.74,97.08,99.46,3,0.76,0.26,2.2,2,0.51,0.14,1.82,0,0.0,0.0,0.96,1238.7,849.8,9622.9,1.0,0,0.0,0.132442
v2,extraccion,D,54,594,0,100.0,93.36,100.0,46.3,33.69,59.39,44.44,32.0,57.62,0.0,0.0,6.64,528,88.89,86.11,91.17,24,4.04,2.73,5.94,3,0.51,0.17,1.47,39,6.57,4.84,8.85,1543.0,481.9,5579.2,1.0,0,0.0,0.120128
v2,extraccion,D+R,54,594,0,100.0,93.36,100.0,57.41,44.16,69.67,16.67,9.02,28.74,0.0,0.0,6.64,552,92.93,90.58,94.73,24,4.04,2.73,5.94,6,1.01,0.46,2.19,12,2.02,1.16,3.5,1837.5,509.0,5980.7,1.407,22,321.6,0.132226
v2,generativa,A,18,198,0,100.0,82.41,100.0,0.0,0.0,17.59,100.0,82.41,100.0,0.0,0.0,17.59,147,74.24,67.73,79.83,6,3.03,1.4,6.45,0,0.0,0.0,1.9,45,22.73,17.44,29.05,327.0,474.2,5476.2,1.0,0,0.0,0.024794
v2,generativa,B,18,198,0,72.22,49.13,87.5,38.89,20.31,61.38,27.78,12.5,50.87,0.0,0.0,17.59,137,69.19,62.45,75.21,6,3.03,1.4,6.45,0,0.0,0.0,1.9,55,27.78,22.01,34.39,324.0,1058.4,11899.3,1.0,0,0.0,0.05111
v2,generativa,C,12,132,0,100.0,75.75,100.0,100.0,75.75,100.0,0.0,0.0,24.25,0.0,0.0,24.25,132,100.0,97.17,100.0,0,0.0,0.0,2.83,0,0.0,0.0,2.83,0,0.0,0.0,2.83,324.0,878.9,9930.7,1.0,0,0.0,0.037528
v2,generativa,D,18,198,0,100.0,82.41,100.0,66.67,43.75,83.72,38.89,20.31,61.38,0.0,0.0,17.59,188,94.95,90.95,97.23,0,0.0,0.0,1.9,0,0.0,0.0,1.9,10,5.05,2.77,9.05,646.0,538.1,6163.8,1.0,0,0.0,0.031581
v2,generativa,D+R,18,198,0,100.0,82.41,100.0,83.33,60.78,94.16,16.67,5.84,39.22,0.0,0.0,17.59,195,98.48,95.64,99.48,0,0.0,0.0,1.9,0,0.0,0.0,1.9,3,1.52,0.52,4.36,942.1,567.8,6584.5,1.389,7,325.8,0.034933
v3b,extraccion,A,27,297,1,100.0,87.54,100.0,0.0,0.0,12.46,100.0,87.54,100.0,100.0,87.54,100.0,52,17.45,13.56,22.17,40,13.42,10.01,17.76,0,0.0,0.0,1.27,206,69.13,63.67,74.1,1228.0,230.0,2791.8,1.0,0,0.0,0.037291
v3b,extraccion,B,27,297,0,0.0,0.0,12.46,0.0,0.0,12.46,100.0,87.54,100.0,100.0,87.54,100.0,0,0.0,0.0,1.28,0,0.0,0.0,1.28,0,0.0,0.0,1.28,297,100.0,98.72,100.0,1238.7,535.3,6155.2,1.0,0,0.0,0.05779
v3b,extraccion,C,18,198,0,0.0,0.0,17.59,0.0,0.0,17.59,100.0,82.41,100.0,100.0,82.41,100.0,0,0.0,0.0,1.9,0,0.0,0.0,1.9,0,0.0,0.0,1.9,198,100.0,98.1,100.0,1238.7,427.0,4959.0,1.0,0,0.0,0.040971
v3b,extraccion,D,27,297,0,100.0,87.54,100.0,0.0,0.0,12.46,100.0,87.54,100.0,96.3,81.72,99.34,110,37.04,31.74,42.66,1,0.34,0.06,1.88,0,0.0,0.0,1.28,186,62.63,57.0,67.93,1543.0,242.6,2940.2,1.0,0,0.0,0.043835
v3b,extraccion,D+R,27,297,0,100.0,87.54,100.0,0.0,0.0,12.46,100.0,87.54,100.0,96.3,81.72,99.34,112,37.71,32.39,43.35,1,0.34,0.06,1.88,0,0.0,0.0,1.28,184,61.95,56.31,67.29,2098.6,282.0,3577.1,1.815,22,595.0,0.055567
v3b,generativa,A,9,99,0,100.0,70.09,100.0,0.0,0.0,29.91,100.0,70.09,100.0,100.0,70.09,100.0,28,28.28,20.35,37.84,0,0.0,0.0,3.74,0,0.0,0.0,3.74,71,71.72,62.16,79.65,327.0,252.0,3036.5,1.0,0,0.0,0.007539
v3b,generativa,B,9,99,0,0.0,0.0,29.91,0.0,0.0,29.91,100.0,70.09,100.0,100.0,70.09,100.0,0,0.0,0.0,3.74,0,0.0,0.0,3.74,0,0.0,0.0,3.74,99,100.0,96.26,100.0,324.0,534.0,6134.7,1.0,0,0.0,0.013773
v3b,generativa,C,6,66,0,0.0,0.0,39.03,0.0,0.0,39.03,100.0,60.97,100.0,100.0,60.97,100.0,0,0.0,0.0,5.5,0,0.0,0.0,5.5,0,0.0,0.0,5.5,66,100.0,94.5,100.0,324.0,439.0,5068.2,1.0,0,0.0,0.010053
v3b,generativa,D,9,99,0,100.0,70.09,100.0,0.0,0.0,29.91,100.0,70.09,100.0,100.0,70.09,100.0,32,32.32,23.92,42.05,0,0.0,0.0,3.74,0,0.0,0.0,3.74,67,67.68,57.95,76.08,646.0,268.0,3192.1,1.0,0,0.0,0.009798
v3b,generativa,D+R,9,99,0,100.0,70.09,100.0,0.0,0.0,29.91,100.0,70.09,100.0,100.0,70.09,100.0,34,34.34,25.73,44.12,0,0.0,0.0,3.74,0,0.0,0.0,3.74,65,65.66,55.88,74.27,1380.4,341.7,4242.6,2.0,9,808.1,0.015522
