experimento,tarea,brazo,muestras,registros_solicitados,registros_aceptados,espurios,sintaxis_ok_pct,sintaxis_ok_ic_inf,sintaxis_ok_ic_sup,exacto_pct,exacto_ic_inf,exacto_ic_sup,con_aviso_pct,con_aviso_ic_inf,con_aviso_ic_sup,truncadas_pct,truncadas_ic_inf,truncadas_ic_sup,validos_finales,validez_final_pct,validez_final_ic_solicitud_inf,validez_final_ic_solicitud_sup,validez_final_ic_documento_inf,validez_final_ic_documento_sup,cumplimiento_contrato_pct,exactitud_contenido_pct,exactitud_contenido_ic_solicitud_inf,exactitud_contenido_ic_solicitud_sup,correctos,correctos_pct,incorrectos_sin_aviso,incorrectos_sin_aviso_pct,perdidos_sin_aviso,perdidos_sin_aviso_pct,perdidos_detectados,perdidos_detectados_pct,incorrectos_sin_aviso_ic_inf,incorrectos_sin_aviso_ic_sup,identidades_duplicadas,desenlace_ok,desenlace_formato_invalido,desenlace_vacia,desenlace_truncada,desenlace_negativa,desenlace_error_tecnico,tokens_entrada_media,tokens_salida_media,llamadas_reparacion_total,limite_salida_medio,latencia_flujo_mediana_s,latencia_flujo_p95_s,latencia_n,latencia_excluidas_error_tecnico,latencia_origen,intentos_totales,intentos_fallidos,costo_usd_total,costo_solicitud_mediana_usd,costo_por_1000_validos_usd,costo_nota
v2,ext-cls,A,18,198,172,0,88.89,67.2,96.9,44.44,24.56,66.28,11.11,3.1,32.8,0.0,0.0,17.59,162,81.82,,,,,94.19,81.82,,,162,81.82,10,5.05,4,2.02,22,11.11,,,0,16,2,0,0,0,0,1139.0,1002.4,0,,11.521,11.581,18,0,simulada,18,0,,,,tarifa no verificada
v2,ext-cls,A+1,18,198,183,0,94.44,74.24,99.01,72.22,49.13,87.5,5.56,0.99,25.76,0.0,0.0,17.59,183,92.42,,,,,100.0,92.42,,,183,92.42,0,0.0,4,2.02,11,5.56,,,0,16,2,0,0,0,0,1284.7,1046.0,8,,11.563,13.385,18,0,simulada,26,0,,,,tarifa no verificada
v2,ext-cls,B,18,198,141,0,72.22,49.13,87.5,55.56,33.72,75.44,27.78,12.5,50.87,0.0,0.0,17.59,141,71.21,,,,,100.0,70.2,,,139,70.2,2,1.01,2,1.01,55,27.78,,,0,13,5,0,0,0,0,1344.0,1014.3,0,,11.523,11.67,18,0,simulada,18,0,,,,tarifa no verificada
v2,ext-cls,B+1,18,198,173,0,88.89,67.2,96.9,66.67,43.75,83.72,16.67,5.84,39.22,0.0,0.0,17.59,173,87.37,,,,,100.0,86.36,,,171,86.36,2,1.01,2,1.01,23,11.62,,,0,13,5,0,0,0,0,1429.0,1027.2,3,,11.538,12.675,18,0,simulada,21,0,,,,tarifa no verificada
v2,ext-cls,C,12,132,131,0,100.0,75.75,100.0,83.33,55.2,95.3,0.0,0.0,24.25,0.0,0.0,24.25,131,99.24,,,,,100.0,98.48,,,130,98.48,1,0.76,1,0.76,0,0.0,,,0,12,0,0,0,0,0,1344.0,755.0,0,,8.637,8.684,12,0,simulada,12,0,,,,tarifa no verificada
v2,ext-cls,C+1,12,132,131,0,100.0,75.75,100.0,83.33,55.2,95.3,0.0,0.0,24.25,0.0,0.0,24.25,131,99.24,,,,,100.0,98.48,,,130,98.48,1,0.76,1,0.76,0,0.0,,,0,12,0,0,0,0,0,1344.0,755.0,0,,8.637,8.684,12,0,simulada,12,0,,,,tarifa no verificada
v2,ext-cls,D,18,198,184,0,100.0,82.41,100.0,55.56,33.72,75.44,38.89,20.31,61.38,0.0,0.0,17.59,184,92.93,,,,,100.0,91.92,,,182,91.92,2,1.01,1,0.51,13,6.57,,,0,11,7,0,0,0,0,1598.0,407.0,0,,4.817,4.87,18,0,simulada,18,0,,,,tarifa no verificada
v2,ext-cls,D+1,18,198,193,0,100.0,82.41,100.0,66.67,43.75,83.72,16.67,5.84,39.22,0.0,0.0,17.59,193,97.47,,,,,100.0,96.46,,,191,96.46,2,1.01,2,1.01,3,1.52,,,0,11,7,0,0,0,0,1869.9,434.2,7,,4.839,6.33,18,0,simulada,25,0,,,,tarifa no verificada
v2,ext-log,A,18,198,130,0,66.67,43.75,83.72,16.67,5.84,39.22,33.33,16.28,56.25,0.0,0.0,17.59,119,60.1,,,,,91.54,59.09,,,117,59.09,13,6.57,2,1.01,66,33.33,,,0,12,6,0,0,0,0,1039.0,1067.2,0,,12.137,12.226,18,0,simulada,18,0,,,,tarifa no verificada
v2,ext-log,A+1,18,198,157,1,83.33,60.78,94.16,44.44,24.56,66.28,38.89,20.31,61.38,0.0,0.0,17.59,157,79.29,,,,,100.0,77.78,,,154,77.39,3,1.51,1,0.5,41,20.6,,,0,12,6,0,0,0,0,1225.7,1128.7,9,,12.182,15.881,18,0,simulada,27,0,,,,tarifa no verificada
v2,ext-log,B,18,198,153,0,77.78,54.79,91.0,33.33,16.28,56.25,22.22,9.0,45.21,0.0,0.0,17.59,144,72.73,,,,,94.12,72.22,,,143,72.22,10,5.05,1,0.51,44,22.22,,,0,14,4,0,0,0,0,1242.0,1074.9,0,,12.127,12.292,18,0,simulada,18,0,,,,tarifa no verificada
v2,ext-log,B+1,18,198,174,0,88.89,67.2,96.9,72.22,49.13,87.5,16.67,5.84,39.22,0.0,0.0,17.59,174,87.88,,,,,100.0,87.37,,,173,87.37,1,0.51,1,0.51,23,11.62,,,0,14,4,0,0,0,0,1508.2,1126.5,9,,12.745,14.055,18,0,simulada,27,0,,,,tarifa no verificada
v2,ext-log,C,12,132,130,0,100.0,75.75,100.0,83.33,55.2,95.3,0.0,0.0,24.25,0.0,0.0,24.25,130,98.48,,,,,100.0,97.73,,,129,97.73,1,0.76,2,1.52,0,0.0,,,0,12,0,0,0,0,0,1242.0,884.1,0,,10.134,10.189,12,0,simulada,12,0,,,,tarifa no verificada
v2,ext-log,C+1,12,132,130,0,100.0,75.75,100.0,83.33,55.2,95.3,0.0,0.0,24.25,0.0,0.0,24.25,130,98.48,,,,,100.0,97.73,,,129,97.73,1,0.76,2,1.52,0,0.0,,,0,12,0,0,0,0,0,1242.0,884.1,0,,10.134,10.189,12,0,simulada,12,0,,,,tarifa no verificada
v2,ext-log,D,18,198,177,0,100.0,82.41,100.0,38.89,20.31,61.38,55.56,33.72,75.44,0.0,0.0,17.59,177,89.39,,,,,100.0,85.35,,,169,85.35,8,4.04,0,0.0,21,10.61,,,0,8,10,0,0,0,0,1515.0,531.8,0,,6.307,6.441,18,0,simulada,18,0,,,,tarifa no verificada
v2,ext-log,D+1,18,198,190,0,100.0,82.41,100.0,61.11,38.62,79.69,11.11,3.1,32.8,0.0,0.0,17.59,190,95.96,,,,,100.0,91.92,,,182,91.92,8,4.04,0,0.0,8,4.04,,,0,8,10,0,0,0,0,1925.6,575.4,10,,6.776,7.738,18,0,simulada,28,0,,,,tarifa no verificada
v2,ext-tc,A,18,198,130,0,66.67,43.75,83.72,27.78,12.5,50.87,33.33,16.28,56.25,0.0,0.0,17.59,119,60.1,,,,,91.54,59.6,,,118,59.6,12,6.06,2,1.01,66,33.33,,,0,12,6,0,0,0,0,1016.0,1064.1,0,,12.534,12.635,18,0,simulada,18,0,,,,tarifa no verificada
v2,ext-tc,A+1,18,198,149,0,83.33,60.78,94.16,44.44,24.56,66.28,50.0,29.03,70.97,0.0,0.0,17.59,149,75.25,,,,,100.0,74.75,,,148,74.75,1,0.51,1,0.51,48,24.24,,,0,12,6,0,0,0,0,1227.2,1143.4,9,,12.591,16.542,18,0,simulada,27,0,,,,tarifa no verificada
v2,ext-tc,B,18,198,151,0,77.78,54.79,91.0,38.89,20.31,61.38,22.22,9.0,45.21,0.0,0.0,17.59,148,74.75,,,,,98.01,73.23,,,145,73.23,6,3.03,3,1.52,44,22.22,,,0,14,4,0,0,0,0,1232.0,1091.9,0,,12.514,12.61,18,0,simulada,18,0,,,,tarifa no verificada
v2,ext-tc,B+1,18,198,182,0,94.44,74.24,99.01,50.0,29.03,70.97,11.11,3.1,32.8,0.0,0.0,17.59,182,91.92,,,,,100.0,90.4,,,179,90.4,3,1.52,4,2.02,12,6.06,,,0,14,4,0,0,0,0,1398.9,1129.6,5,,12.532,14.737,18,0,simulada,23,0,,,,tarifa no verificada
v2,ext-tc,C,12,132,132,0,100.0,75.75,100.0,75.0,46.77,91.11,0.0,0.0,24.25,0.0,0.0,24.25,132,100.0,,,,,100.0,96.21,,,127,96.21,5,3.79,0,0.0,0,0.0,,,0,12,0,0,0,0,0,1232.0,905.6,0,,10.229,10.254,12,0,simulada,12,0,,,,tarifa no verificada
v2,ext-tc,C+1,12,132,132,0,100.0,75.75,100.0,75.0,46.77,91.11,0.0,0.0,24.25,0.0,0.0,24.25,132,100.0,,,,,100.0,96.21,,,127,96.21,5,3.79,0,0.0,0,0.0,,,0,12,0,0,0,0,0,1232.0,905.6,0,,10.229,10.254,12,0,simulada,12,0,,,,tarifa no verificada
v2,ext-tc,D,18,198,182,0,100.0,82.41,100.0,44.44,24.56,66.28,66.67,43.75,83.72,0.0,0.0,17.59,182,91.92,,,,,100.0,89.39,,,177,89.39,5,2.53,0,0.0,16,8.08,,,0,6,12,0,0,0,0,1516.0,506.9,0,,5.936,6.071,18,0,simulada,18,0,,,,tarifa no verificada
v2,ext-tc,D+1,18,198,191,0,100.0,82.41,100.0,61.11,38.62,79.69,27.78,12.5,50.87,0.0,0.0,17.59,191,96.46,,,,,100.0,93.94,,,186,93.94,5,2.53,3,1.52,4,2.02,,,0,6,12,0,0,0,0,1951.7,540.3,11,,6.248,7.756,18,0,simulada,29,0,,,,tarifa no verificada
v2,gen-card,A,18,198,131,0,66.67,43.75,83.72,22.22,9.0,45.21,33.33,16.28,56.25,0.0,0.0,17.59,116,58.59,,,,,88.55,,,,116,58.59,15,7.58,1,0.51,66,33.33,,,0,12,6,0,0,0,0,138.0,1047.2,0,,11.985,12.08,18,0,simulada,18,0,,,,tarifa no verificada
v2,gen-card,A+1,18,198,157,0,83.33,60.78,94.16,55.56,33.72,75.44,33.33,16.28,56.25,0.0,0.0,17.59,157,79.29,,,,,100.0,,,,157,79.29,0,0.0,2,1.01,39,19.7,,,0,12,6,0,0,0,0,403.4,1154.8,11,,13.126,14.974,18,0,simulada,29,0,,,,tarifa no verificada
v2,gen-card,B,18,198,162,0,83.33,60.78,94.16,61.11,38.62,79.69,16.67,5.84,39.22,0.0,0.0,17.59,158,79.8,,,,,97.53,,,,158,79.8,4,2.02,3,1.52,33,16.67,,,0,15,3,0,0,0,0,358.0,1053.2,0,,12.003,12.114,18,0,simulada,18,0,,,,tarifa no verificada
v2,gen-card,B+1,18,198,171,0,88.89,67.2,96.9,72.22,49.13,87.5,22.22,9.0,45.21,0.0,0.0,17.59,171,86.36,,,,,100.0,,,,171,86.36,0,0.0,1,0.51,26,13.13,,,0,15,3,0,0,0,0,503.7,1076.9,5,,12.011,13.31,18,0,simulada,23,0,,,,tarifa no verificada
v2,gen-card,C,12,132,132,0,100.0,75.75,100.0,100.0,75.75,100.0,0.0,0.0,24.25,0.0,0.0,24.25,132,100.0,,,,,100.0,,,,132,100.0,0,0.0,0,0.0,0,0.0,,,0,12,0,0,0,0,0,358.0,878.8,0,,9.913,9.96,12,0,simulada,12,0,,,,tarifa no verificada
v2,gen-card,C+1,12,132,132,0,100.0,75.75,100.0,100.0,75.75,100.0,0.0,0.0,24.25,0.0,0.0,24.25,132,100.0,,,,,100.0,,,,132,100.0,0,0.0,0,0.0,0,0.0,,,0,12,0,0,0,0,0,358.0,878.8,0,,9.913,9.96,12,0,simulada,12,0,,,,tarifa no verificada
v2,gen-card,D,18,198,187,0,100.0,82.41,100.0,61.11,38.62,79.69,44.44,24.56,66.28,0.0,0.0,17.59,187,94.44,,,,,100.0,,,,187,94.44,0,0.0,0,0.0,11,5.56,,,0,10,8,0,0,0,0,646.0,538.1,0,,6.159,6.253,18,0,simulada,18,0,,,,tarifa no verificada
v2,gen-card,D+1,18,198,194,0,100.0,82.41,100.0,83.33,60.78,94.16,16.67,5.84,39.22,0.0,0.0,17.59,194,97.98,,,,,100.0,,,,194,97.98,0,0.0,0,0.0,4,2.02,,,0,10,8,0,0,0,0,980.8,570.9,8,,6.224,8.194,18,0,simulada,26,0,,,,tarifa no verificada
v3b,ext-cls,A,9,99,0,0,0.0,0.0,29.91,0.0,0.0,29.91,100.0,70.09,100.0,100.0,70.09,100.0,0,0.0,,,,,,0.0,,,0,0.0,0,0.0,0,0.0,99,100.0,,,0,0,0,0,9,0,0,1139.0,444.2,0,445.0,5.166,5.213,9,0,simulada,9,0,,,,tarifa no verificada
v3b,ext-cls,A+1,9,99,33,0,100.0,70.09,100.0,0.0,0.0,29.91,100.0,70.09,100.0,100.0,70.09,100.0,33,33.33,,,,,100.0,32.32,,,32,32.32,1,1.01,0,0.0,66,66.67,,,0,0,0,0,9,0,0,1475.4,479.9,9,445.0,5.483,7.063,9,0,simulada,18,0,,,,tarifa no verificada
v3b,ext-cls,B,9,99,0,0,0.0,0.0,29.91,0.0,0.0,29.91,100.0,70.09,100.0,100.0,70.09,100.0,0,0.0,,,,,,0.0,,,0,0.0,0,0.0,0,0.0,99,100.0,,,0,0,0,0,9,0,0,1344.0,444.2,0,445.0,5.154,5.208,9,0,simulada,9,0,,,,tarifa no verificada
v3b,ext-cls,B+1,9,99,36,0,100.0,70.09,100.0,0.0,0.0,29.91,100.0,70.09,100.0,100.0,70.09,100.0,36,36.36,,,,,100.0,36.36,,,36,36.36,0,0.0,0,0.0,63,63.64,,,0,0,0,0,9,0,0,1837.2,449.2,9,445.0,5.471,5.573,9,0,simulada,18,0,,,,tarifa no verificada
v3b,ext-cls,C,6,66,0,0,0.0,0.0,39.03,0.0,0.0,39.03,100.0,60.97,100.0,100.0,60.97,100.0,0,0.0,,,,,,0.0,,,0,0.0,0,0.0,0,0.0,66,100.0,,,0,0,0,0,6,0,0,1344.0,445.0,0,445.0,5.14,5.189,6,0,simulada,6,0,,,,tarifa no verificada
v3b,ext-cls,C+1,6,66,36,0,100.0,60.97,100.0,0.0,0.0,39.03,100.0,60.97,100.0,100.0,60.97,100.0,36,54.55,,,,,100.0,54.55,,,36,54.55,0,0.0,0,0.0,30,45.45,,,0,0,0,0,6,0,0,1798.0,450.0,6,445.0,5.454,5.51,6,0,simulada,12,0,,,,tarifa no verificada
v3b,ext-cls,D,9,99,92,0,100.0,70.09,100.0,33.33,12.06,64.58,66.67,35.42,87.94,0.0,0.0,29.91,92,92.93,,,,,100.0,90.91,,,90,90.91,2,2.02,0,0.0,7,7.07,,,0,3,6,0,0,0,0,1598.0,411.0,0,445.0,4.793,4.89,9,0,simulada,9,0,,,,tarifa no verificada
v3b,ext-cls,D+1,9,99,96,0,100.0,70.09,100.0,55.56,26.67,81.12,44.44,18.88,73.33,0.0,0.0,29.91,96,96.97,,,,,100.0,94.95,,,94,94.95,2,2.02,0,0.0,3,3.03,,,0,3,6,0,0,0,0,1978.7,442.1,5,445.0,5.478,5.949,9,0,simulada,14,0,,,,tarifa no verificada
v3b,ext-log,A,9,99,0,0,0.0,0.0,29.91,0.0,0.0,29.91,100.0,70.09,100.0,88.89,56.5,98.01,0,0.0,,,,,,0.0,,,0,0.0,0,0.0,0,0.0,99,100.0,,,0,0,1,0,8,0,0,1039.0,483.2,0,494.0,5.684,5.747,9,0,simulada,9,0,,,,tarifa no verificada
v3b,ext-log,A+1,9,99,35,0,100.0,70.09,100.0,0.0,0.0,29.91,100.0,70.09,100.0,88.89,56.5,98.01,35,35.35,,,,,100.0,35.35,,,35,35.35,0,0.0,0,0.0,64,64.65,,,0,0,1,0,8,0,0,1362.9,498.1,9,494.0,6.01,6.93,9,0,simulada,18,0,,,,tarifa no verificada
v3b,ext-log,B,9,99,0,0,0.0,0.0,29.91,0.0,0.0,29.91,100.0,70.09,100.0,100.0,70.09,100.0,0,0.0,,,,,,0.0,,,0,0.0,0,0.0,0,0.0,99,100.0,,,0,0,0,0,9,0,0,1242.0,494.0,0,494.0,5.725,5.754,9,0,simulada,9,0,,,,tarifa no verificada
v3b,ext-log,B+1,9,99,36,0,100.0,70.09,100.0,0.0,0.0,29.91,100.0,70.09,100.0,100.0,70.09,100.0,36,36.36,,,,,100.0,36.36,,,36,36.36,0,0.0,0,0.0,63,63.64,,,0,0,0,0,9,0,0,1797.8,528.7,9,494.0,6.091,6.991,9,0,simulada,18,0,,,,tarifa no verificada
v3b,ext-log,C,6,66,0,0,0.0,0.0,39.03,0.0,0.0,39.03,100.0,60.97,100.0,100.0,60.97,100.0,0,0.0,,,,,,0.0,,,0,0.0,0,0.0,0,0.0,66,100.0,,,0,0,0,0,6,0,0,1242.0,494.0,0,494.0,5.692,5.753,6,0,simulada,6,0,,,,tarifa no verificada
v3b,ext-log,C+1,6,66,30,0,100.0,60.97,100.0,0.0,0.0,39.03,100.0,60.97,100.0,100.0,60.97,100.0,30,45.45,,,,,100.0,45.45,,,30,45.45,0,0.0,0,0.0,36,54.55,,,0,0,0,0,6,0,0,1740.0,499.0,6,494.0,5.988,6.048,6,0,simulada,12,0,,,,tarifa no verificada
v3b,ext-log,D,9,99,70,0,100.0,70.09,100.0,0.0,0.0,29.91,100.0,70.09,100.0,88.89,56.5,98.01,70,70.71,,,,,100.0,69.7,,,69,69.7,1,1.01,0,0.0,29,29.29,,,0,0,1,0,8,0,0,1515.0,461.4,0,494.0,5.706,5.76,9,0,simulada,9,0,,,,tarifa no verificada
v3b,ext-log,D+1,9,99,74,0,100.0,70.09,100.0,0.0,0.0,29.91,100.0,70.09,100.0,88.89,56.5,98.01,74,74.75,,,,,100.0,73.74,,,73,73.74,1,1.01,0,0.0,25,25.25,,,0,0,1,0,8,0,0,2231.3,533.0,9,494.0,6.569,7.591,9,0,simulada,18,0,,,,tarifa no verificada
v3b,ext-tc,A,9,99,0,0,0.0,0.0,29.91,0.0,0.0,29.91,100.0,70.09,100.0,100.0,70.09,100.0,0,0.0,,,,,,0.0,,,0,0.0,0,0.0,0,0.0,99,100.0,,,0,0,0,0,9,0,0,1016.0,504.0,0,504.0,5.814,5.85,9,0,simulada,9,0,,,,tarifa no verificada
v3b,ext-tc,A+1,9,99,34,0,100.0,70.09,100.0,0.0,0.0,29.91,100.0,70.09,100.0,100.0,70.09,100.0,34,34.34,,,,,100.0,34.34,,,34,34.34,0,0.0,0,0.0,65,65.66,,,0,0,0,0,9,0,0,1363.7,537.4,9,504.0,6.131,7.064,9,0,simulada,18,0,,,,tarifa no verificada
v3b,ext-tc,B,9,99,0,0,0.0,0.0,29.91,0.0,0.0,29.91,100.0,70.09,100.0,100.0,70.09,100.0,0,0.0,,,,,,0.0,,,0,0.0,0,0.0,0,0.0,99,100.0,,,0,0,0,0,9,0,0,1232.0,504.0,0,504.0,5.784,5.854,9,0,simulada,9,0,,,,tarifa no verificada
v3b,ext-tc,B+1,9,99,36,0,100.0,70.09,100.0,0.0,0.0,29.91,100.0,70.09,100.0,100.0,70.09,100.0,36,36.36,,,,,100.0,36.36,,,36,36.36,0,0.0,0,0.0,63,63.64,,,0,0,0,0,9,0,0,1781.2,528.4,9,504.0,6.103,7.094,9,0,simulada,18,0,,,,tarifa no verificada
v3b,ext-tc,C,6,66,0,0,0.0,0.0,39.03,0.0,0.0,39.03,100.0,60.97,100.0,100.0,60.97,100.0,0,0.0,,,,,,0.0,,,0,0.0,0,0.0,0,0.0,66,100.0,,,0,0,0,0,6,0,0,1232.0,504.0,0,504.0,5.79,5.826,6,0,simulada,6,0,,,,tarifa no verificada
v3b,ext-tc,C+1,6,66,6,0,16.67,3.01,56.35,0.0,0.0,39.03,100.0,60.97,100.0,100.0,60.97,100.0,6,9.09,,,,,100.0,7.58,,,5,7.58,1,1.52,0,0.0,60,90.91,,,0,0,0,0,6,0,0,1305.7,504.8,1,504.0,5.79,6.091,6,0,simulada,7,0,,,,tarifa no verificada
v3b,ext-tc,D,9,99,84,0,100.0,70.09,100.0,0.0,0.0,29.91,100.0,70.09,100.0,88.89,56.5,98.01,84,84.85,,,,,100.0,83.84,,,83,83.84,1,1.01,0,0.0,15,15.15,,,0,0,1,0,8,0,0,1516.0,500.0,0,504.0,5.819,5.854,9,0,simulada,9,0,,,,tarifa no verificada
v3b,ext-tc,D+1,9,99,87,0,100.0,70.09,100.0,11.11,1.99,43.5,88.89,56.5,98.01,88.89,56.5,98.01,87,87.88,,,,,100.0,86.87,,,86,86.87,1,1.01,0,0.0,12,12.12,,,0,0,1,0,8,0,0,2246.8,563.9,9,504.0,6.53,7.59,9,0,simulada,18,0,,,,tarifa no verificada
v3b,gen-card,A,9,99,0,0,0.0,0.0,29.91,0.0,0.0,29.91,100.0,70.09,100.0,100.0,70.09,100.0,0,0.0,,,,,,,,,0,0.0,0,0.0,0,0.0,99,100.0,,,0,0,0,0,9,0,0,138.0,486.0,0,486.0,5.577,5.635,9,0,simulada,9,0,,,,tarifa no verificada
v3b,gen-card,A+1,9,99,35,0,100.0,70.09,100.0,0.0,0.0,29.91,100.0,70.09,100.0,100.0,70.09,100.0,35,35.35,,,,,100.0,,,,35,35.35,0,0.0,0,0.0,64,64.65,,,0,0,0,0,9,0,0,492.2,531.0,9,486.0,5.928,6.922,9,0,simulada,18,0,,,,tarifa no verificada
v3b,gen-card,B,9,99,0,0,0.0,0.0,29.91,0.0,0.0,29.91,100.0,70.09,100.0,100.0,70.09,100.0,0,0.0,,,,,,,,,0,0.0,0,0.0,0,0.0,99,100.0,,,0,0,0,0,9,0,0,358.0,486.0,0,486.0,5.578,5.623,9,0,simulada,9,0,,,,tarifa no verificada
v3b,gen-card,B+1,9,99,35,0,100.0,70.09,100.0,0.0,0.0,29.91,100.0,70.09,100.0,100.0,70.09,100.0,35,35.35,,,,,100.0,,,,35,35.35,0,0.0,0,0.0,64,64.65,,,0,0,0,0,9,0,0,912.4,509.1,9,486.0,5.947,6.851,9,0,simulada,18,0,,,,tarifa no verificada
v3b,gen-card,C,6,66,0,0,0.0,0.0,39.03,0.0,0.0,39.03,100.0,60.97,100.0,100.0,60.97,100.0,0,0.0,,,,,,,,,0,0.0,0,0.0,0,0.0,66,100.0,,,0,0,0,0,6,0,0,358.0,486.0,0,486.0,5.609,5.649,6,0,simulada,6,0,,,,tarifa no verificada
v3b,gen-card,C+1,6,66,0,0,0.0,0.0,39.03,0.0,0.0,39.03,100.0,60.97,100.0,100.0,60.97,100.0,0,0.0,,,,,,,,,0,0.0,0,0.0,0,0.0,66,100.0,,,0,0,0,0,6,0,0,358.0,486.0,0,486.0,5.609,5.649,6,0,simulada,6,0,,,,tarifa no verificada
v3b,gen-card,D,9,99,80,0,100.0,70.09,100.0,0.0,0.0,29.91,88.89,56.5,98.01,88.89,56.5,98.01,80,80.81,,,,,100.0,,,,80,80.81,0,0.0,1,1.01,18,18.18,,,0,1,0,0,8,0,0,646.0,485.9,0,486.0,5.595,5.622,9,0,simulada,9,0,,,,tarifa no verificada
v3b,gen-card,D+1,9,99,84,0,100.0,70.09,100.0,0.0,0.0,29.91,88.89,56.5,98.01,88.89,56.5,98.01,84,84.85,,,,,100.0,,,,84,84.85,0,0.0,1,1.01,14,14.14,,,0,1,0,0,8,0,0,1310.9,547.2,8,486.0,5.968,7.595,9,0,simulada,17,0,,,,tarifa no verificada
