tokenizador,variante,dominio,formato,intercepto_a,pendiente_b,r2,marginal_100_250
o200k_base,muestreo,a,json_pretty,148.283353,162.562396,1.0,162.52
o200k_base,muestreo,a,json_compact,85.7102,102.55562,1.0,102.52
o200k_base,muestreo,a,yaml,117.5066,124.232322,1.0,124.2
o200k_base,muestreo,a,xml,108.858537,145.97957,1.0,145.92
o200k_base,muestreo,a,csv,50.120083,63.558185,0.999999,63.506667
o200k_base,muestreo,a,toon,105.551171,119.549074,1.0,119.493333
o200k_base,muestreo,a,toon_flat,153.74181,64.643554,0.999999,64.593333
o200k_base,muestreo,a,mini,63.196649,62.643137,0.999999,62.58
o200k_base,muestreo,card,json_pretty,57.505784,91.624625,0.999998,91.533333
o200k_base,muestreo,card,json_compact,36.541861,60.134256,0.999996,60.04
o200k_base,muestreo,card,yaml,36.665968,68.374917,0.999998,68.326667
o200k_base,muestreo,card,xml,37.686672,101.268012,0.999996,101.16
o200k_base,muestreo,card,csv,20.928869,39.79478,0.99999,39.706667
o200k_base,muestreo,card,toon,37.26822,68.884631,0.999998,68.833333
o200k_base,muestreo,card,toon_flat,54.57237,41.131504,0.999992,41.053333
o200k_base,muestreo,card,mini,33.91919,41.214435,0.99999,41.126667
o200k_base,muestreo,cat,json_pretty,36.677815,81.701259,1.0,81.76
o200k_base,muestreo,cat,json_compact,20.444916,48.777518,0.999999,48.82
o200k_base,muestreo,cat,yaml,20.39208,61.780625,0.999999,61.873333
o200k_base,muestreo,cat,xml,15.500393,93.289109,1.0,93.36
o200k_base,muestreo,cat,csv,11.02893,29.434915,0.999998,29.486667
o200k_base,muestreo,cat,toon,21.396785,59.438146,0.999999,59.506667
o200k_base,muestreo,cat,toon_flat,37.082156,30.51797,0.999998,30.573333
o200k_base,muestreo,cat,mini,17.047913,30.024183,0.999998,30.066667
o200k_base,muestreo,cls,json_pretty,51.347136,87.595397,0.999999,87.68
o200k_base,muestreo,cls,json_compact,30.621379,48.840477,0.999998,48.913333
o200k_base,muestreo,cls,yaml,33.338654,68.600067,0.999999,68.68
o200k_base,muestreo,cls,xml,27.565737,93.666757,0.999998,93.78
o200k_base,muestreo,cls,csv,34.194147,32.166986,0.999994,32.26
o200k_base,muestreo,cls,toon,34.295203,58.591686,0.999998,58.68
o200k_base,muestreo,cls,toon_flat,68.432163,33.755045,0.999995,33.84
o200k_base,muestreo,cls,mini,28.009748,29.748145,0.999994,29.84
o200k_base,muestreo,code,json_pretty,49.256909,103.088893,0.999999,102.913333
o200k_base,muestreo,code,json_compact,31.824145,68.338392,0.999998,68.193333
o200k_base,muestreo,code,yaml,32.204627,76.840289,0.999998,76.673333
o200k_base,muestreo,code,xml,28.735985,117.67766,0.999999,117.486667
o200k_base,muestreo,code,csv,20.915322,46.085244,0.999995,45.926667
o200k_base,muestreo,code,toon,32.276542,76.920781,0.999998,76.753333
o200k_base,muestreo,code,toon_flat,50.962672,47.252293,0.999995,47.1
o200k_base,muestreo,code,mini,26.795563,49.14837,0.999994,48.98
o200k_base,muestreo,log,json_pretty,44.381263,91.67422,1.0,91.68
o200k_base,muestreo,log,json_compact,27.233453,60.672031,1.0,60.673333
o200k_base,muestreo,log,yaml,26.239398,71.755837,1.0,71.76
o200k_base,muestreo,log,xml,24.408886,100.515052,1.0,100.513333
o200k_base,muestreo,log,csv,15.309164,40.010966,1.0,40.0
o200k_base,muestreo,log,toon,27.145943,73.253919,1.0,73.253333
o200k_base,muestreo,log,toon_flat,43.556353,43.678244,1.0,43.666667
o200k_base,muestreo,log,mini,23.971681,41.669384,1.0,41.673333
o200k_base,muestreo,map,json_pretty,49.525734,48.671927,1.0,48.686667
o200k_base,muestreo,map,json_compact,29.865988,29.754962,1.0,29.766667
o200k_base,muestreo,map,yaml,29.75903,33.087725,1.0,33.1
o200k_base,muestreo,map,xml,23.803705,57.007651,0.999999,57.046667
o200k_base,muestreo,map,csv,7.883616,17.502981,1.0,17.513333
o200k_base,muestreo,map,toon,41.974766,17.923303,1.0,17.926667
o200k_base,muestreo,map,toon_flat,41.974766,17.923303,1.0,17.926667
o200k_base,muestreo,map,mini,26.378246,18.5881,0.999999,18.606667
o200k_base,muestreo,ner,json_pretty,50.915417,50.579574,1.0,50.586667
o200k_base,muestreo,ner,json_compact,30.915417,28.579574,1.0,28.586667
o200k_base,muestreo,ner,yaml,32.40175,37.252126,1.0,37.246667
o200k_base,muestreo,ner,xml,27.714703,59.412692,1.0,59.42
o200k_base,muestreo,ner,csv,5.714703,16.412692,0.999999,16.42
o200k_base,muestreo,ner,toon,42.714703,17.412692,0.999999,17.42
o200k_base,muestreo,ner,toon_flat,42.714703,17.412692,0.999999,17.42
o200k_base,muestreo,ner,mini,26.915417,16.579574,0.999999,16.586667
o200k_base,muestreo,q,json_pretty,149.293279,206.487408,1.0,206.46
o200k_base,muestreo,q,json_compact,87.638786,137.570359,1.0,137.54
o200k_base,muestreo,q,yaml,119.352113,162.221168,1.0,162.16
o200k_base,muestreo,q,xml,111.232822,192.647098,1.0,192.64
o200k_base,muestreo,q,csv,52.832865,92.569546,0.999999,92.566667
o200k_base,muestreo,q,toon,101.915444,157.906104,1.0,157.9
o200k_base,muestreo,q,toon_flat,159.083097,93.649475,0.999999,93.64
o200k_base,muestreo,q,mini,63.658076,91.563251,0.999999,91.546667
o200k_base,muestreo,r,json_pretty,55.007389,75.013488,0.999999,75.08
o200k_base,muestreo,r,json_compact,32.007389,44.013488,0.999998,44.08
o200k_base,muestreo,r,yaml,35.289205,54.85482,0.999999,54.906667
o200k_base,muestreo,r,xml,29.078934,91.928452,1.0,92.0
o200k_base,muestreo,r,csv,22.629437,29.01722,0.999996,29.093333
o200k_base,muestreo,r,toon,36.278028,50.691732,0.999999,50.76
o200k_base,muestreo,r,toon_flat,63.629437,30.01722,0.999996,30.093333
o200k_base,muestreo,r,mini,27.77105,29.18504,0.999996,29.26
o200k_base,muestreo,s,json_pretty,50.369612,63.742432,1.0,63.733333
o200k_base,muestreo,s,json_compact,29.369612,37.742432,0.999999,37.733333
o200k_base,muestreo,s,yaml,32.372376,46.077989,1.0,46.073333
o200k_base,muestreo,s,xml,26.071524,74.99433,1.0,74.993333
o200k_base,muestreo,s,csv,17.581477,21.745872,0.999999,21.74
o200k_base,muestreo,s,toon,33.372376,45.077989,1.0,45.073333
o200k_base,muestreo,s,toon_flat,52.581477,22.745872,0.999999,22.74
o200k_base,muestreo,s,mini,26.538183,23.993725,0.999999,23.986667
o200k_base,muestreo,sum,json_pretty,61.0414,95.677347,1.0,95.666667
o200k_base,muestreo,sum,json_compact,36.205038,64.847086,1.0,64.853333
o200k_base,muestreo,sum,yaml,40.225472,75.771931,0.999999,75.786667
o200k_base,muestreo,sum,xml,36.037945,110.257901,1.0,110.233333
o200k_base,muestreo,sum,csv,13.323495,45.595772,0.999999,45.593333
o200k_base,muestreo,sum,toon,40.14591,74.521493,1.0,74.54
o200k_base,muestreo,sum,toon_flat,54.323495,46.595772,0.999999,46.593333
o200k_base,muestreo,sum,mini,34.471928,46.514051,0.999999,46.52
o200k_base,muestreo,tc,json_pretty,54.914321,95.894784,0.999999,95.873333
o200k_base,muestreo,tc,json_compact,34.846552,60.317628,0.999999,60.286667
o200k_base,muestreo,tc,yaml,35.161045,71.902206,0.999999,71.88
o200k_base,muestreo,tc,xml,33.05875,113.051222,0.999999,113.02
o200k_base,muestreo,tc,csv,17.060496,37.978632,0.999998,37.96
o200k_base,muestreo,tc,toon,36.087654,70.159606,0.999999,70.133333
o200k_base,muestreo,tc,toon_flat,55.060496,38.978632,0.999998,38.96
o200k_base,muestreo,tc,mini,28.71685,39.238055,0.999998,39.206667
o200k_base,muestreo,us,json_pretty,50.197575,89.259902,1.0,89.253333
o200k_base,muestreo,us,json_compact,30.197575,56.259902,0.999999,56.253333
o200k_base,muestreo,us,yaml,29.376832,64.687896,1.0,64.68
o200k_base,muestreo,us,xml,26.083428,105.67668,1.0,105.666667
o200k_base,muestreo,us,csv,18.224534,35.343375,0.999998,35.34
o200k_base,muestreo,us,toon,30.508607,64.019138,0.999999,64.013333
o200k_base,muestreo,us,toon_flat,51.224534,36.343375,0.999999,36.34
o200k_base,muestreo,us,mini,24.197575,36.259902,0.999998,36.253333
o200k_base,ciclo,a,json_pretty,142.6094,162.584431,1.0,162.62
o200k_base,ciclo,a,json_compact,80.863594,102.584932,1.0,102.613333
o200k_base,ciclo,a,yaml,114.83355,124.24754,1.0,124.253333
o200k_base,ciclo,a,xml,102.770871,146.008172,1.0,146.04
o200k_base,ciclo,a,csv,43.797925,63.585974,1.0,63.606667
o200k_base,ciclo,a,toon,98.249726,119.578803,1.0,119.586667
o200k_base,ciclo,a,toon_flat,147.945413,64.669801,0.999999,64.686667
o200k_base,ciclo,a,mini,56.851562,62.675826,0.999999,62.706667
o200k_base,ciclo,card,json_pretty,62.073603,91.651893,1.0,91.613333
o200k_base,ciclo,card,json_compact,42.158877,60.156208,1.0,60.133333
o200k_base,ciclo,card,yaml,40.734704,68.410107,1.0,68.386667
o200k_base,ciclo,card,xml,41.532546,101.313542,1.0,101.266667
o200k_base,ciclo,card,csv,25.612977,39.824737,1.0,39.813333
o200k_base,ciclo,card,toon,41.986667,68.902706,1.0,68.866667
o200k_base,ciclo,card,toon_flat,59.153322,41.158564,1.0,41.146667
o200k_base,ciclo,card,mini,38.664315,41.238888,0.999999,41.213333
o200k_base,ciclo,cat,json_pretty,38.704053,81.671364,1.0,81.646667
o200k_base,ciclo,cat,json_compact,21.239999,48.751293,1.0,48.74
o200k_base,ciclo,cat,yaml,21.259098,61.755525,1.0,61.713333
o200k_base,ciclo,cat,xml,23.65474,93.261716,1.0,93.22
o200k_base,ciclo,cat,csv,15.193894,29.416423,0.999999,29.4
o200k_base,ciclo,cat,toon,23.909192,59.418675,1.0,59.393333
o200k_base,ciclo,cat,toon_flat,40.918365,30.497894,0.999999,30.48
o200k_base,ciclo,cat,mini,21.017375,29.997457,0.999999,29.98
o200k_base,ciclo,cls,json_pretty,57.058054,87.561437,1.0,87.54
o200k_base,ciclo,cls,json_compact,36.681463,48.812312,0.999999,48.78
o200k_base,ciclo,cls,yaml,38.744758,68.561875,0.999999,68.546667
o200k_base,ciclo,cls,xml,36.097023,93.633381,0.999999,93.586667
o200k_base,ciclo,cls,csv,40.002776,32.147348,0.999998,32.113333
o200k_base,ciclo,cls,toon,40.756278,58.563959,0.999999,58.533333
o200k_base,ciclo,cls,toon_flat,74.155011,33.729966,0.999998,33.7
o200k_base,ciclo,cls,mini,33.947498,29.73326,0.999998,29.686667
o200k_base,ciclo,code,json_pretty,50.422564,103.15429,0.999999,103.233333
o200k_base,ciclo,code,json_compact,31.065183,68.418466,0.999998,68.52
o200k_base,ciclo,code,yaml,33.067795,76.903686,0.999998,76.98
o200k_base,ciclo,code,xml,30.20916,117.726839,0.999999,117.786667
o200k_base,ciclo,code,csv,19.397119,46.1683,0.999995,46.273333
o200k_base,ciclo,code,toon,31.569403,76.995497,0.999998,77.106667
o200k_base,ciclo,code,toon_flat,49.3788,47.336391,0.999995,47.44
o200k_base,ciclo,code,mini,24.824166,49.259027,0.999994,49.386667
o200k_base,ciclo,log,json_pretty,42.842368,91.675971,1.0,91.673333
o200k_base,ciclo,log,json_compact,24.61737,60.67274,1.0,60.673333
o200k_base,ciclo,log,yaml,24.363266,71.760674,1.0,71.766667
o200k_base,ciclo,log,xml,25.630766,100.531938,1.0,100.553333
o200k_base,ciclo,log,csv,13.506582,40.014635,0.999999,40.006667
o200k_base,ciclo,log,toon,24.346999,73.259798,1.0,73.273333
o200k_base,ciclo,log,toon_flat,42.383288,43.678723,1.0,43.673333
o200k_base,ciclo,log,mini,21.508059,41.676743,0.999999,41.68
o200k_base,ciclo,map,json_pretty,51.699922,48.682768,1.0,48.686667
o200k_base,ciclo,map,json_compact,31.424393,29.764239,0.999999,29.766667
o200k_base,ciclo,map,yaml,31.23398,33.093792,0.999999,33.093333
o200k_base,ciclo,map,xml,30.904153,57.031,0.999999,57.046667
o200k_base,ciclo,map,csv,9.718241,17.514676,0.999997,17.52
o200k_base,ciclo,map,toon,42.983057,17.929974,0.999998,17.933333
o200k_base,ciclo,map,toon_flat,42.983057,17.929974,0.999998,17.933333
o200k_base,ciclo,map,mini,28.975451,18.601297,0.999996,18.606667
o200k_base,ciclo,ner,json_pretty,50.509774,50.574675,1.0,50.573333
o200k_base,ciclo,ner,json_compact,30.509774,28.574675,1.0,28.573333
o200k_base,ciclo,ner,yaml,32.756361,37.246498,1.0,37.24
o200k_base,ciclo,ner,xml,27.528093,59.406584,1.0,59.406667
o200k_base,ciclo,ner,csv,5.528093,16.406584,0.999999,16.406667
o200k_base,ciclo,ner,toon,42.528093,17.406584,0.999999,17.406667
o200k_base,ciclo,ner,toon_flat,42.528093,17.406584,0.999999,17.406667
o200k_base,ciclo,ner,mini,26.509774,16.574675,0.999999,16.573333
o200k_base,ciclo,q,json_pretty,156.152447,206.491911,1.0,206.473333
o200k_base,ciclo,q,json_compact,95.240833,137.576676,1.0,137.553333
o200k_base,ciclo,q,yaml,128.778278,162.239347,1.0,162.18
o200k_base,ciclo,q,xml,117.388732,192.667299,1.0,192.646667
o200k_base,ciclo,q,csv,61.175164,92.577718,0.999999,92.546667
o200k_base,ciclo,q,toon,112.20206,157.899287,1.0,157.84
o200k_base,ciclo,q,toon_flat,167.322653,93.661545,0.999999,93.626667
o200k_base,ciclo,q,mini,70.394608,91.583306,0.999999,91.56
o200k_base,ciclo,r,json_pretty,65.701453,74.997936,1.0,74.98
o200k_base,ciclo,r,json_compact,42.701453,43.997936,1.0,43.98
o200k_base,ciclo,r,yaml,45.873136,54.829678,1.0,54.806667
o200k_base,ciclo,r,xml,39.976982,91.916465,1.0,91.9
o200k_base,ciclo,r,csv,33.316524,28.994976,0.999999,28.98
o200k_base,ciclo,r,toon,46.781732,50.658793,1.0,50.633333
o200k_base,ciclo,r,toon_flat,74.316524,29.994976,0.999999,29.98
o200k_base,ciclo,r,mini,38.094221,29.159502,0.999999,29.146667
o200k_base,ciclo,s,json_pretty,52.546206,63.735094,1.0,63.7
o200k_base,ciclo,s,json_compact,31.546206,37.735094,0.999999,37.7
o200k_base,ciclo,s,yaml,34.196274,46.071714,0.999999,46.04
o200k_base,ciclo,s,xml,28.835307,74.986741,1.0,74.946667
o200k_base,ciclo,s,csv,19.233322,21.742328,0.999999,21.72
o200k_base,ciclo,s,toon,35.196274,45.071714,0.999999,45.04
o200k_base,ciclo,s,toon_flat,54.233322,22.742328,0.999999,22.72
o200k_base,ciclo,s,mini,28.048785,23.987888,0.999998,23.96
o200k_base,ciclo,sum,json_pretty,71.513423,95.685728,1.0,95.713333
o200k_base,ciclo,sum,json_compact,45.160384,64.847794,1.0,64.873333
o200k_base,ciclo,sum,yaml,50.237894,75.767199,1.0,75.793333
o200k_base,ciclo,sum,xml,48.160309,110.274099,1.0,110.306667
o200k_base,ciclo,sum,csv,21.877249,45.600588,0.999999,45.626667
o200k_base,ciclo,sum,toon,47.72976,74.516761,1.0,74.546667
o200k_base,ciclo,sum,toon_flat,62.877249,46.600588,0.999999,46.626667
o200k_base,ciclo,sum,mini,42.620038,46.513968,0.999999,46.54
o200k_base,ciclo,tc,json_pretty,64.01132,95.904582,1.0,95.926667
o200k_base,ciclo,tc,json_compact,41.380304,60.325029,1.0,60.36
o200k_base,ciclo,tc,yaml,44.682565,71.902998,1.0,71.92
o200k_base,ciclo,tc,xml,41.694755,113.068337,1.0,113.1
o200k_base,ciclo,tc,csv,24.262976,37.993558,0.999999,38.026667
o200k_base,ciclo,tc,toon,43.492885,70.157709,1.0,70.186667
o200k_base,ciclo,tc,toon_flat,62.262976,38.993558,0.999999,39.026667
o200k_base,ciclo,tc,mini,35.655833,39.243558,0.999999,39.28
o200k_base,ciclo,us,json_pretty,58.714744,89.253961,1.0,89.226667
o200k_base,ciclo,us,json_compact,38.714744,56.253961,1.0,56.226667
o200k_base,ciclo,us,yaml,39.547049,64.669321,1.0,64.626667
o200k_base,ciclo,us,xml,34.308316,105.670843,1.0,105.646667
o200k_base,ciclo,us,csv,26.439215,35.335432,0.999999,35.306667
o200k_base,ciclo,us,toon,39.774099,64.003586,1.0,63.966667
o200k_base,ciclo,us,toon_flat,59.439215,36.335432,0.999999,36.306667
o200k_base,ciclo,us,mini,32.714744,36.253961,0.999999,36.226667
cl100k_base,muestreo,a,json_pretty,155.434656,168.122352,1.0,168.073333
cl100k_base,muestreo,a,json_compact,89.749428,106.784023,1.0,106.74
cl100k_base,muestreo,a,yaml,124.451292,131.788755,1.0,131.773333
cl100k_base,muestreo,a,xml,115.777769,151.035274,1.0,150.98
cl100k_base,muestreo,a,csv,49.688944,69.617182,0.999999,69.58
cl100k_base,muestreo,a,toon,110.547401,126.617161,1.0,126.58
cl100k_base,muestreo,a,toon_flat,156.310671,70.702552,0.999999,70.666667
cl100k_base,muestreo,a,mini,69.33005,69.783877,0.999999,69.733333
cl100k_base,muestreo,card,json_pretty,60.027474,95.693441,0.999997,95.64
cl100k_base,muestreo,card,json_compact,37.063551,63.203073,0.999995,63.146667
cl100k_base,muestreo,card,yaml,39.207543,73.026184,0.999997,73.006667
cl100k_base,muestreo,card,xml,39.712001,103.839039,0.999996,103.773333
cl100k_base,muestreo,card,csv,21.616366,43.779332,0.999987,43.726667
cl100k_base,muestreo,card,toon,39.362078,73.284502,0.999997,73.273333
cl100k_base,muestreo,card,toon_flat,57.259867,45.116057,0.99999,45.073333
cl100k_base,muestreo,card,mini,37.043877,45.529916,0.999986,45.466667
cl100k_base,muestreo,cat,json_pretty,35.855532,82.705241,1.0,82.76
cl100k_base,muestreo,cat,json_compact,17.622632,48.7815,0.999999,48.82
cl100k_base,muestreo,cat,yaml,19.174655,62.373645,0.999999,62.44
cl100k_base,muestreo,cat,xml,14.931174,93.876376,1.0,93.94
cl100k_base,muestreo,cat,csv,9.96229,30.274975,0.999998,30.326667
cl100k_base,muestreo,cat,toon,20.747382,59.858885,0.999999,59.913333
cl100k_base,muestreo,cat,toon_flat,36.015516,31.35803,0.999998,31.413333
cl100k_base,muestreo,cat,mini,15.391437,30.9439,0.999999,30.98
cl100k_base,muestreo,cls,json_pretty,51.347136,87.595397,0.999999,87.68
cl100k_base,muestreo,cls,json_compact,29.621379,47.840477,0.999998,47.913333
cl100k_base,muestreo,cls,yaml,33.338654,68.600067,0.999999,68.68
cl100k_base,muestreo,cls,xml,27.565737,92.666757,0.999998,92.78
cl100k_base,muestreo,cls,csv,35.194147,32.166986,0.999994,32.26
cl100k_base,muestreo,cls,toon,34.295203,58.591686,0.999998,58.68
cl100k_base,muestreo,cls,toon_flat,69.432163,33.755045,0.999995,33.84
cl100k_base,muestreo,cls,mini,28.501156,30.243746,0.999993,30.326667
cl100k_base,muestreo,code,json_pretty,50.122486,101.837058,0.999999,101.666667
cl100k_base,muestreo,code,json_compact,29.790298,66.336662,0.999998,66.206667
cl100k_base,muestreo,code,yaml,33.229882,76.837621,0.999998,76.686667
cl100k_base,muestreo,code,xml,29.726332,114.423845,0.999999,114.246667
cl100k_base,muestreo,code,csv,21.824288,46.079887,0.999995,45.933333
cl100k_base,muestreo,code,toon,33.320115,76.750021,0.999998,76.6
cl100k_base,muestreo,code,toon_flat,51.871638,47.246935,0.999996,47.106667
cl100k_base,muestreo,code,mini,29.493055,49.225734,0.999994,49.06
cl100k_base,muestreo,log,json_pretty,44.29822,91.677806,1.0,91.686667
cl100k_base,muestreo,log,json_compact,25.15041,59.675617,1.0,59.68
cl100k_base,muestreo,log,yaml,26.08481,71.844459,1.0,71.846667
cl100k_base,muestreo,log,xml,24.325842,99.518637,1.0,99.52
cl100k_base,muestreo,log,csv,15.226121,40.014551,1.0,40.006667
cl100k_base,muestreo,log,toon,26.991354,73.342541,1.0,73.34
cl100k_base,muestreo,log,toon_flat,43.47331,43.68183,1.0,43.673333
cl100k_base,muestreo,log,mini,23.888637,41.672969,1.0,41.68
cl100k_base,muestreo,map,json_pretty,49.850781,49.503502,1.0,49.513333
cl100k_base,muestreo,map,json_compact,28.191035,30.586537,1.0,30.593333
cl100k_base,muestreo,map,yaml,30.032137,33.509694,1.0,33.5
cl100k_base,muestreo,map,xml,24.918201,56.835766,0.999999,56.866667
cl100k_base,muestreo,map,csv,8.361589,18.001063,1.0,18.013333
cl100k_base,muestreo,map,toon,42.836888,18.252022,1.0,18.253333
cl100k_base,muestreo,map,toon_flat,42.836888,18.252022,1.0,18.253333
cl100k_base,muestreo,map,mini,26.703293,19.419676,0.999999,19.433333
cl100k_base,muestreo,ner,json_pretty,51.344378,50.665735,1.0,50.673333
cl100k_base,muestreo,ner,json_compact,29.344378,28.665735,1.0,28.673333
cl100k_base,muestreo,ner,yaml,32.3397,37.334744,1.0,37.34
cl100k_base,muestreo,ner,xml,28.206727,59.418487,1.0,59.426667
cl100k_base,muestreo,ner,csv,5.206727,16.418487,0.999999,16.426667
cl100k_base,muestreo,ner,toon,42.206727,17.418487,0.999999,17.426667
cl100k_base,muestreo,ner,toon_flat,42.206727,17.418487,0.999999,17.426667
cl100k_base,muestreo,ner,mini,27.344378,16.665735,1.0,16.673333
cl100k_base,muestreo,q,json_pretty,140.842684,217.188438,1.0,217.273333
cl100k_base,muestreo,q,json_compact,75.647846,145.937563,0.999999,146.02
cl100k_base,muestreo,q,yaml,111.862048,174.755024,1.0,174.78
cl100k_base,muestreo,q,xml,101.084461,202.599566,1.0,202.706667
cl100k_base,muestreo,q,csv,40.085843,103.767345,0.999999,103.88
cl100k_base,muestreo,q,toon,95.94133,169.928369,1.0,170.013333
cl100k_base,muestreo,q,toon_flat,147.336075,104.847273,0.999999,104.953333
cl100k_base,muestreo,q,mini,52.532781,103.846418,0.999999,103.946667
cl100k_base,muestreo,r,json_pretty,55.238242,76.012091,0.999999,76.08
cl100k_base,muestreo,r,json_compact,30.238242,44.012091,0.999998,44.08
cl100k_base,muestreo,r,yaml,35.502362,54.937604,0.999999,54.993333
cl100k_base,muestreo,r,xml,28.732646,92.673178,1.0,92.746667
cl100k_base,muestreo,r,csv,23.630662,28.928765,0.999997,29.0
cl100k_base,muestreo,r,toon,36.783397,50.606613,0.999999,50.666667
cl100k_base,muestreo,r,toon_flat,64.630662,29.928765,0.999997,30.0
cl100k_base,muestreo,r,mini,27.625703,29.52068,0.999996,29.6
cl100k_base,muestreo,s,json_pretty,50.449797,63.90896,1.0,63.906667
cl100k_base,muestreo,s,json_compact,28.449797,36.90896,0.999999,36.906667
cl100k_base,muestreo,s,yaml,32.372376,46.077989,1.0,46.073333
cl100k_base,muestreo,s,xml,26.151708,75.160857,1.0,75.166667
cl100k_base,muestreo,s,csv,17.661661,21.9124,0.999999,21.913333
cl100k_base,muestreo,s,toon,33.372376,45.077989,1.0,45.073333
cl100k_base,muestreo,s,toon_flat,52.661661,22.9124,0.999999,22.913333
cl100k_base,muestreo,s,mini,26.618368,24.160253,0.999999,24.16
cl100k_base,muestreo,sum,json_pretty,60.619047,100.432351,1.0,100.44
cl100k_base,muestreo,sum,json_compact,34.782685,68.602089,1.0,68.626667
cl100k_base,muestreo,sum,yaml,39.661506,80.359114,0.999999,80.393333
cl100k_base,muestreo,sum,xml,35.743037,114.258047,1.0,114.24
cl100k_base,muestreo,sum,csv,13.016582,50.013342,0.999999,50.033333
cl100k_base,muestreo,sum,toon,39.927383,79.023828,1.0,79.06
cl100k_base,muestreo,sum,toon_flat,54.138494,51.181475,0.999999,51.2
cl100k_base,muestreo,sum,mini,34.381189,51.100525,0.999999,51.12
cl100k_base,muestreo,tc,json_pretty,54.373791,95.978194,1.0,95.973333
cl100k_base,muestreo,tc,json_compact,32.306022,59.401038,0.999999,59.386667
cl100k_base,muestreo,tc,yaml,35.161045,70.902206,0.999999,70.88
cl100k_base,muestreo,tc,xml,32.767946,112.713434,0.999999,112.7
cl100k_base,muestreo,tc,csv,16.519966,38.062041,0.999998,38.06
cl100k_base,muestreo,tc,toon,36.087654,69.159606,0.999999,69.133333
cl100k_base,muestreo,tc,toon_flat,54.519966,39.062041,0.999998,39.06
cl100k_base,muestreo,tc,mini,30.353626,39.31865,0.999998,39.313333
cl100k_base,muestreo,us,json_pretty,50.363382,89.175638,1.0,89.166667
cl100k_base,muestreo,us,json_compact,28.363382,55.175638,0.999999,55.166667
cl100k_base,muestreo,us,yaml,29.757088,64.765761,0.999999,64.76
cl100k_base,muestreo,us,xml,26.533245,105.506275,1.0,105.5
cl100k_base,muestreo,us,csv,17.770597,35.336975,0.999998,35.333333
cl100k_base,muestreo,us,toon,31.05467,64.012738,0.999999,64.006667
cl100k_base,muestreo,us,toon_flat,50.770597,36.336975,0.999998,36.333333
cl100k_base,muestreo,us,mini,25.363382,36.175638,0.999998,36.166667
cl100k_base,ciclo,a,json_pretty,143.498139,168.157626,1.0,168.193333
cl100k_base,ciclo,a,json_compact,78.052056,106.824571,1.0,106.853333
cl100k_base,ciclo,a,yaml,115.562357,131.821006,1.0,131.826667
cl100k_base,ciclo,a,xml,103.54514,151.079782,1.0,151.1
cl100k_base,ciclo,a,csv,38.155142,69.659669,1.0,69.666667
cl100k_base,ciclo,a,toon,99.468437,126.659231,1.0,126.66
cl100k_base,ciclo,a,toon_flat,145.30263,70.743496,1.0,70.746667
cl100k_base,ciclo,a,mini,57.604495,69.829407,1.0,69.84
cl100k_base,ciclo,card,json_pretty,60.464176,95.740931,1.0,95.713333
cl100k_base,ciclo,card,json_compact,38.54945,63.245247,1.0,63.233333
cl100k_base,ciclo,card,yaml,39.975737,73.084285,1.0,73.066667
cl100k_base,ciclo,card,xml,38.918371,103.90379,1.0,103.86
cl100k_base,ciclo,card,csv,22.169357,43.829511,1.0,43.826667
cl100k_base,ciclo,card,toon,40.471338,73.330387,1.0,73.306667
cl100k_base,ciclo,card,toon_flat,57.709702,45.163338,1.0,45.16
cl100k_base,ciclo,card,mini,37.826709,45.576447,1.0,45.566667
cl100k_base,ciclo,cat,json_pretty,38.4344,82.668842,1.0,82.64
cl100k_base,ciclo,cat,json_compact,18.970346,48.74877,1.0,48.733333
cl100k_base,ciclo,cat,yaml,19.879006,62.339789,1.0,62.306667
cl100k_base,ciclo,cat,xml,24.01096,93.847899,1.0,93.806667
cl100k_base,ciclo,cat,csv,15.146544,30.249375,0.999999,30.226667
cl100k_base,ciclo,cat,toon,22.860714,59.83441,1.0,59.813333
cl100k_base,ciclo,cat,toon_flat,40.871015,31.330846,0.999999,31.306667
cl100k_base,ciclo,cat,mini,19.600233,30.911107,0.999999,30.893333
cl100k_base,ciclo,cls,json_pretty,57.058054,87.561437,1.0,87.54
cl100k_base,ciclo,cls,json_compact,35.681463,47.812312,0.999999,47.78
cl100k_base,ciclo,cls,yaml,38.744758,68.561875,0.999999,68.546667
cl100k_base,ciclo,cls,xml,36.097023,92.633381,0.999999,92.586667
cl100k_base,ciclo,cls,csv,41.002776,32.147348,0.999998,32.113333
cl100k_base,ciclo,cls,toon,40.756278,58.563959,0.999999,58.533333
cl100k_base,ciclo,cls,toon_flat,75.155011,33.729966,0.999998,33.7
cl100k_base,ciclo,cls,mini,35.155818,30.228819,0.999998,30.18
cl100k_base,ciclo,code,json_pretty,49.810674,101.905499,0.999999,101.98
cl100k_base,ciclo,code,json_compact,27.742394,66.421323,0.999998,66.513333
cl100k_base,ciclo,code,yaml,32.43171,76.90698,0.999998,76.98
cl100k_base,ciclo,code,xml,30.180218,114.480133,0.999999,114.533333
cl100k_base,ciclo,code,csv,18.761034,46.171594,0.999995,46.273333
cl100k_base,ciclo,code,toon,31.374655,76.833055,0.999998,76.94
cl100k_base,ciclo,code,toon_flat,48.742715,47.339685,0.999995,47.44
cl100k_base,ciclo,code,mini,24.395683,49.347461,0.999992,49.486667
cl100k_base,ciclo,log,json_pretty,42.842368,91.675971,1.0,91.673333
cl100k_base,ciclo,log,json_compact,22.61737,59.67274,1.0,59.673333
cl100k_base,ciclo,log,yaml,24.197459,71.844938,1.0,71.853333
cl100k_base,ciclo,log,xml,25.630766,99.531938,1.0,99.553333
cl100k_base,ciclo,log,csv,13.506582,40.014635,0.999999,40.006667
cl100k_base,ciclo,log,toon,24.181192,73.344063,1.0,73.36
cl100k_base,ciclo,log,toon_flat,42.383288,43.678723,1.0,43.673333
cl100k_base,ciclo,log,mini,21.508059,41.676743,0.999999,41.68
cl100k_base,ciclo,map,json_pretty,52.135293,49.512592,1.0,49.52
cl100k_base,ciclo,map,json_compact,29.859764,30.594063,0.999999,30.6
cl100k_base,ciclo,map,yaml,33.279353,33.503502,1.0,33.493333
cl100k_base,ciclo,map,xml,30.120491,56.862033,0.999999,56.88
cl100k_base,ciclo,map,csv,9.707528,18.011445,0.999998,18.013333
cl100k_base,ciclo,map,toon,43.413681,18.261007,0.999998,18.26
cl100k_base,ciclo,map,toon_flat,43.413681,18.261007,0.999998,18.26
cl100k_base,ciclo,map,mini,29.410822,19.431121,0.999998,19.44
cl100k_base,ciclo,ner,json_pretty,51.015213,50.657355,1.0,50.653333
cl100k_base,ciclo,ner,json_compact,29.015213,28.657355,1.0,28.653333
cl100k_base,ciclo,ner,yaml,32.2618,37.329178,1.0,37.32
cl100k_base,ciclo,ner,xml,28.30906,59.407793,1.0,59.406667
cl100k_base,ciclo,ner,csv,5.30906,16.407793,0.999999,16.406667
cl100k_base,ciclo,ner,toon,42.30906,17.407793,0.999999,17.406667
cl100k_base,ciclo,ner,toon_flat,42.30906,17.407793,0.999999,17.406667
cl100k_base,ciclo,ner,mini,27.015213,16.657355,0.999999,16.653333
cl100k_base,ciclo,q,json_pretty,149.118052,217.147786,1.0,217.14
cl100k_base,ciclo,q,json_compact,84.506162,145.898995,1.0,145.886667
cl100k_base,ciclo,q,yaml,122.661372,174.726463,1.0,174.68
cl100k_base,ciclo,q,xml,110.264063,202.569505,1.0,202.546667
cl100k_base,ciclo,q,csv,50.609248,103.734094,1.0,103.7
cl100k_base,ciclo,q,toon,106.575059,169.893366,1.0,169.84
cl100k_base,ciclo,q,toon_flat,157.756737,104.81792,1.0,104.78
cl100k_base,ciclo,q,mini,62.224409,103.819567,1.0,103.786667
cl100k_base,ciclo,r,json_pretty,64.755,75.999354,1.0,75.993333
cl100k_base,ciclo,r,json_compact,39.755,43.999354,1.0,43.993333
cl100k_base,ciclo,r,yaml,45.926362,54.912733,1.0,54.893333
cl100k_base,ciclo,r,xml,38.054724,92.665798,1.0,92.66
cl100k_base,ciclo,r,csv,31.228548,28.917007,1.0,28.913333
cl100k_base,ciclo,r,toon,45.584035,50.578031,1.0,50.56
cl100k_base,ciclo,r,toon_flat,72.228548,29.917007,1.0,29.913333
cl100k_base,ciclo,r,mini,37.904219,29.495851,0.999999,29.486667
cl100k_base,ciclo,s,json_pretty,52.527888,63.903185,1.0,63.866667
cl100k_base,ciclo,s,json_compact,30.527888,36.903185,0.999999,36.866667
cl100k_base,ciclo,s,yaml,34.196274,46.071714,0.999999,46.04
cl100k_base,ciclo,s,xml,28.816988,75.154832,1.0,75.113333
cl100k_base,ciclo,s,csv,19.215003,21.910419,0.999999,21.886667
cl100k_base,ciclo,s,toon,35.196274,45.071714,0.999999,45.04
cl100k_base,ciclo,s,toon_flat,54.215003,22.910419,0.999999,22.886667
cl100k_base,ciclo,s,mini,28.030467,24.155979,0.999998,24.126667
cl100k_base,ciclo,sum,json_pretty,70.613081,100.42791,1.0,100.42
cl100k_base,ciclo,sum,json_compact,43.260042,68.589977,1.0,68.58
cl100k_base,ciclo,sum,yaml,50.361836,80.34573,0.999999,80.333333
cl100k_base,ciclo,sum,xml,45.712338,114.27214,1.0,114.28
cl100k_base,ciclo,sum,csv,21.161355,50.008777,0.999999,50.006667
cl100k_base,ciclo,sum,toon,46.650041,79.01009,1.0,79.013333
cl100k_base,ciclo,sum,toon_flat,62.362069,51.175659,0.999999,51.173333
cl100k_base,ciclo,sum,mini,41.104859,51.089039,0.999999,51.086667
cl100k_base,ciclo,tc,json_pretty,63.516758,95.987262,1.0,96.006667
cl100k_base,ciclo,tc,json_compact,38.885742,59.407709,1.0,59.44
cl100k_base,ciclo,tc,yaml,44.682565,70.902998,1.0,70.92
cl100k_base,ciclo,tc,xml,40.775446,112.735991,1.0,112.766667
cl100k_base,ciclo,tc,csv,23.768414,38.076238,0.999999,38.106667
cl100k_base,ciclo,tc,toon,43.492885,69.157709,1.0,69.186667
cl100k_base,ciclo,tc,toon_flat,61.768414,39.076238,0.999999,39.106667
cl100k_base,ciclo,tc,mini,37.474566,39.325801,0.999999,39.353333
cl100k_base,ciclo,us,json_pretty,58.880551,89.169696,1.0,89.14
cl100k_base,ciclo,us,json_compact,36.880551,55.169696,1.0,55.14
cl100k_base,ciclo,us,yaml,39.600275,64.752377,1.0,64.713333
cl100k_base,ciclo,us,xml,34.326634,105.502752,1.0,105.48
cl100k_base,ciclo,us,csv,25.658248,35.334223,0.999999,35.306667
cl100k_base,ciclo,us,toon,39.993132,64.002377,1.0,63.966667
cl100k_base,ciclo,us,toon_flat,58.658248,36.334223,0.999999,36.306667
cl100k_base,ciclo,us,mini,33.880551,36.169696,0.999999,36.14
r50k_base,muestreo,a,json_pretty,250.735017,311.219626,1.0,311.173333
r50k_base,muestreo,a,json_compact,106.937714,120.549741,0.999999,120.506667
r50k_base,muestreo,a,yaml,146.553691,156.242912,1.0,156.233333
r50k_base,muestreo,a,xml,137.772461,196.382297,1.0,196.32
r50k_base,muestreo,a,csv,68.623127,83.470835,0.999998,83.406667
r50k_base,muestreo,a,toon,138.553074,177.732718,1.0,177.686667
r50k_base,muestreo,a,toon_flat,197.244854,84.556204,0.999998,84.493333
r50k_base,muestreo,a,mini,77.711513,82.5556,0.999998,82.486667
r50k_base,muestreo,card,json_pretty,83.101175,166.542612,0.999998,166.426667
r50k_base,muestreo,card,json_compact,40.53832,73.329324,0.999993,73.226667
r50k_base,muestreo,card,yaml,47.131707,83.163442,0.999995,83.06
r50k_base,muestreo,card,xml,46.595436,143.462204,0.999995,143.32
r50k_base,muestreo,card,csv,26.921594,53.493308,0.999986,53.4
r50k_base,muestreo,card,toon,47.367623,96.173303,0.999996,96.08
r50k_base,muestreo,card,toon_flat,67.377951,54.996268,0.999988,54.906667
r50k_base,muestreo,card,mini,40.425581,54.24041,0.999984,54.133333
r50k_base,muestreo,cat,json_pretty,43.993457,146.623687,1.0,146.726667
r50k_base,muestreo,cat,json_compact,14.3717,51.508839,0.999999,51.52
r50k_base,muestreo,cat,yaml,18.352431,63.436583,0.999999,63.473333
r50k_base,muestreo,cat,xml,11.902107,124.105862,1.0,124.126667
r50k_base,muestreo,cat,csv,7.862116,32.922824,0.999998,32.94
r50k_base,muestreo,cat,toon,20.994815,74.167883,1.0,74.2
r50k_base,muestreo,cat,toon_flat,37.915342,34.005879,0.999998,34.026667
r50k_base,muestreo,cat,mini,12.862116,32.922824,0.999998,32.94
r50k_base,muestreo,cls,json_pretty,68.745166,183.865723,1.0,183.946667
r50k_base,muestreo,cls,json_compact,32.308521,50.174241,0.999998,50.24
r50k_base,muestreo,cls,yaml,38.149692,69.265198,0.999999,69.34
r50k_base,muestreo,cls,xml,32.781083,114.416173,0.999998,114.54
r50k_base,muestreo,cls,csv,41.119306,35.088809,0.999996,35.166667
r50k_base,muestreo,cls,toon,39.063727,69.676993,0.999999,69.76
r50k_base,muestreo,cls,toon_flat,81.153337,36.673303,0.999997,36.746667
r50k_base,muestreo,cls,mini,30.920322,33.334598,0.999997,33.406667
r50k_base,muestreo,code,json_pretty,69.02124,181.423699,0.999999,181.173333
r50k_base,muestreo,code,json_compact,34.434748,71.913734,0.999998,71.786667
r50k_base,muestreo,code,yaml,37.374211,84.093833,0.999999,83.94
r50k_base,muestreo,code,xml,33.104052,149.590185,0.999999,149.413333
r50k_base,muestreo,code,csv,25.381775,52.581242,0.999996,52.44
r50k_base,muestreo,code,toon,37.923407,96.588517,0.999999,96.433333
r50k_base,muestreo,code,toon_flat,58.429125,53.748291,0.999997,53.613333
r50k_base,muestreo,code,mini,33.141362,56.120205,0.999995,55.953333
r50k_base,muestreo,log,json_pretty,57.302589,153.902226,0.999999,153.946667
r50k_base,muestreo,log,json_compact,23.88204,63.643596,0.999999,63.666667
r50k_base,muestreo,log,yaml,27.657453,76.647161,0.999999,76.673333
r50k_base,muestreo,log,xml,24.884271,129.151497,1.0,129.18
r50k_base,muestreo,log,csv,14.936395,45.143867,0.999999,45.166667
r50k_base,muestreo,log,toon,28.574088,92.732384,1.0,92.76
r50k_base,muestreo,log,toon_flat,47.88204,47.643596,0.999998,47.666667
r50k_base,muestreo,log,mini,22.936395,45.143867,0.999999,45.166667
r50k_base,muestreo,map,json_pretty,70.289354,81.00221,1.0,81.006667
r50k_base,muestreo,map,json_compact,31.969861,32.168279,1.0,32.166667
r50k_base,muestreo,map,yaml,37.163818,35.346606,1.0,35.333333
r50k_base,muestreo,map,xml,27.227071,77.254899,1.0,77.286667
r50k_base,muestreo,map,csv,9.629607,21.085244,0.999999,21.086667
r50k_base,muestreo,map,toon,50.499741,22.343542,0.999999,22.333333
r50k_base,muestreo,map,toon_flat,50.499741,22.343542,0.999999,22.333333
r50k_base,muestreo,map,mini,29.629607,21.085244,0.999999,21.086667
r50k_base,muestreo,ner,json_pretty,72.031706,83.582263,1.0,83.593333
r50k_base,muestreo,ner,json_compact,33.031706,29.582263,1.0,29.593333
r50k_base,muestreo,ner,yaml,37.753106,34.924554,1.0,34.913333
r50k_base,muestreo,ner,xml,31.031706,81.582263,1.0,81.593333
r50k_base,muestreo,ner,csv,9.031706,17.582263,1.0,17.593333
r50k_base,muestreo,ner,toon,52.031706,18.582263,1.0,18.593333
r50k_base,muestreo,ner,toon_flat,52.031706,18.582263,1.0,18.593333
r50k_base,muestreo,ner,mini,31.031706,17.582263,1.0,17.593333
r50k_base,muestreo,q,json_pretty,213.851803,386.614597,1.0,386.806667
r50k_base,muestreo,q,json_compact,69.282426,170.94563,0.999999,171.133333
r50k_base,muestreo,q,yaml,113.664446,209.168592,0.999999,209.3
r50k_base,muestreo,q,xml,100.953514,271.687813,1.0,271.886667
r50k_base,muestreo,q,csv,40.89812,125.85876,0.999998,126.066667
r50k_base,muestreo,q,toon,102.607089,237.09694,0.999999,237.273333
r50k_base,muestreo,q,toon_flat,169.148352,126.938688,0.999998,127.14
r50k_base,muestreo,q,mini,39.732313,126.943025,0.999998,127.153333
r50k_base,muestreo,r,json_pretty,77.622323,145.674929,1.0,145.766667
r50k_base,muestreo,r,json_compact,33.622323,45.674929,0.999998,45.766667
r50k_base,muestreo,r,yaml,37.469617,56.026559,0.999999,56.086667
r50k_base,muestreo,r,xml,32.622323,114.674929,1.0,114.766667
r50k_base,muestreo,r,csv,25.622323,32.674929,0.999996,32.766667
r50k_base,muestreo,r,toon,38.969021,61.937,0.999999,62.013333
r50k_base,muestreo,r,toon_flat,68.622323,33.674929,0.999996,33.766667
r50k_base,muestreo,r,mini,31.238174,32.844292,0.999995,32.94
r50k_base,muestreo,s,json_pretty,65.980094,118.496915,1.0,118.506667
r50k_base,muestreo,s,json_compact,28.980094,38.496915,0.999999,38.506667
r50k_base,muestreo,s,yaml,35.317235,47.9995,1.0,48.013333
r50k_base,muestreo,s,xml,28.980094,99.496915,1.0,99.506667
r50k_base,muestreo,s,csv,18.980094,25.496915,0.999998,25.506667
r50k_base,muestreo,s,toon,36.148665,56.748207,1.0,56.76
r50k_base,muestreo,s,toon_flat,56.980094,26.496915,0.999999,26.506667
r50k_base,muestreo,s,mini,27.980094,26.496915,0.999999,26.506667
r50k_base,muestreo,sum,json_pretty,86.930329,171.239201,0.999999,171.12
r50k_base,muestreo,sum,json_compact,40.308316,78.670843,0.999999,78.626667
r50k_base,muestreo,sum,yaml,46.987298,89.927639,0.999999,89.9
r50k_base,muestreo,sum,xml,39.981038,153.331367,1.0,153.253333
r50k_base,muestreo,sum,csv,21.308316,58.670843,0.999998,58.626667
r50k_base,muestreo,sum,toon,46.966585,99.9257,0.999999,99.9
r50k_base,muestreo,sum,toon_flat,68.308316,59.670843,0.999998,59.626667
r50k_base,muestreo,sum,mini,38.308316,59.670843,0.999998,59.626667
r50k_base,muestreo,tc,json_pretty,73.321524,171.24433,0.999999,171.046667
r50k_base,muestreo,tc,json_compact,34.450845,63.346585,0.999994,63.126667
r50k_base,muestreo,tc,yaml,40.859585,75.417195,0.999996,75.213333
r50k_base,muestreo,tc,xml,34.462302,148.586766,0.999999,148.38
r50k_base,muestreo,tc,csv,22.574925,42.260715,0.999987,42.046667
r50k_base,muestreo,tc,toon,42.166129,88.834098,0.999997,88.62
r50k_base,muestreo,tc,toon_flat,63.574925,43.260715,0.999988,43.046667
r50k_base,muestreo,tc,mini,33.504071,42.429641,0.999987,42.213333
r50k_base,muestreo,us,json_pretty,66.996861,153.09302,1.0,153.086667
r50k_base,muestreo,us,json_compact,27.996861,55.09302,1.0,55.086667
r50k_base,muestreo,us,yaml,32.474992,64.847336,1.0,64.84
r50k_base,muestreo,us,xml,26.996861,131.09302,1.0,131.086667
r50k_base,muestreo,us,csv,16.996861,37.09302,0.999999,37.086667
r50k_base,muestreo,us,toon,33.504024,77.182476,1.0,77.18
r50k_base,muestreo,us,toon_flat,52.996861,38.09302,0.999999,38.086667
r50k_base,muestreo,us,mini,26.996861,37.09302,0.999999,37.086667
r50k_base,ciclo,a,json_pretty,227.389688,311.313542,1.0,311.386667
r50k_base,ciclo,a,json_compact,83.243329,120.646931,1.0,120.713333
r50k_base,ciclo,a,yaml,127.875036,156.310374,1.0,156.333333
r50k_base,ciclo,a,xml,113.939269,196.488492,1.0,196.553333
r50k_base,ciclo,a,csv,43.409547,83.569463,1.0,83.64
r50k_base,ciclo,a,toon,115.777039,177.813063,1.0,177.853333
r50k_base,ciclo,a,toon_flat,172.557035,84.65329,1.0,84.72
r50k_base,ciclo,a,mini,52.134018,82.650934,1.0,82.72
r50k_base,ciclo,card,json_pretty,78.227047,166.631317,1.0,166.593333
r50k_base,ciclo,card,json_compact,38.56183,73.399245,1.0,73.406667
r50k_base,ciclo,card,yaml,45.70916,83.226839,1.0,83.213333
r50k_base,ciclo,card,xml,44.534809,143.553869,1.0,143.5
r50k_base,ciclo,card,csv,24.318513,53.564105,1.0,53.573333
r50k_base,ciclo,card,toon,46.185314,96.223816,1.0,96.213333
r50k_base,ciclo,card,toon_flat,65.059572,55.064814,1.0,55.073333
r50k_base,ciclo,card,mini,37.772292,54.314272,0.999999,54.326667
r50k_base,ciclo,cat,json_pretty,52.071077,146.55216,1.0,146.486667
r50k_base,ciclo,cat,json_compact,18.498246,51.463747,1.0,51.466667
r50k_base,ciclo,cat,yaml,22.012919,63.38755,1.0,63.38
r50k_base,ciclo,cat,xml,23.856902,124.061228,1.0,124.04
r50k_base,ciclo,cat,csv,14.724563,32.872853,0.999999,32.866667
r50k_base,ciclo,cat,toon,25.321405,74.126418,1.0,74.12
r50k_base,ciclo,cat,toon_flat,44.449034,33.954324,0.999999,33.946667
r50k_base,ciclo,cat,mini,19.724563,32.872853,0.999999,32.866667
r50k_base,ciclo,cls,json_pretty,73.36877,183.808205,1.0,183.82
r50k_base,ciclo,cls,json_compact,37.018235,50.14937,0.999999,50.126667
r50k_base,ciclo,cls,yaml,42.737152,69.233197,1.0,69.22
r50k_base,ciclo,cls,xml,41.363891,114.379711,0.999999,114.34
r50k_base,ciclo,cls,csv,45.491783,35.067024,0.999999,35.046667
r50k_base,ciclo,cls,toon,44.700193,69.651017,1.0,69.626667
r50k_base,ciclo,cls,toon_flat,85.226967,36.651726,0.999999,36.633333
r50k_base,ciclo,cls,mini,35.422934,33.319817,0.999999,33.293333
r50k_base,ciclo,code,json_pretty,76.208892,181.461537,0.999999,181.48
r50k_base,ciclo,code,json_compact,33.759161,72.017428,0.999999,72.106667
r50k_base,ciclo,code,yaml,40.6506,84.164276,0.999999,84.226667
r50k_base,ciclo,code,xml,35.311133,149.65946,1.0,149.713333
r50k_base,ciclo,code,csv,24.475936,52.681788,0.999997,52.773333
r50k_base,ciclo,code,toon,39.366816,96.67445,0.999999,96.773333
r50k_base,ciclo,code,toon_flat,57.457618,53.849879,0.999997,53.94
r50k_base,ciclo,code,mini,28.699014,56.283689,0.999994,56.433333
r50k_base,ciclo,log,json_pretty,56.737507,153.883985,1.0,153.853333
r50k_base,ciclo,log,json_compact,19.164306,63.630045,1.0,63.633333
r50k_base,ciclo,log,yaml,24.86253,76.632568,1.0,76.626667
r50k_base,ciclo,log,xml,24.327811,129.167132,1.0,129.22
r50k_base,ciclo,log,csv,10.373037,45.132401,0.999999,45.14
r50k_base,ciclo,log,toon,23.685204,92.714747,1.0,92.726667
r50k_base,ciclo,log,toon_flat,43.164306,47.630045,0.999999,47.633333
r50k_base,ciclo,log,mini,18.373037,45.132401,0.999999,45.14
r50k_base,ciclo,map,json_pretty,71.657319,81.01451,1.0,81.02
r50k_base,ciclo,map,json_compact,32.106261,32.177452,0.999999,32.18
r50k_base,ciclo,map,yaml,40.924262,35.334536,0.999999,35.313333
r50k_base,ciclo,map,xml,34.137079,77.281271,0.999999,77.3
r50k_base,ciclo,map,csv,10.38179,21.095981,0.999998,21.1
r50k_base,ciclo,map,toon,52.451447,22.342041,0.999999,22.333333
r50k_base,ciclo,map,toon_flat,52.451447,22.342041,0.999999,22.333333
r50k_base,ciclo,map,mini,30.38179,21.095981,0.999998,21.1
r50k_base,ciclo,ner,json_pretty,73.384593,83.569859,1.0,83.553333
r50k_base,ciclo,ner,json_compact,34.384593,29.569859,0.999999,29.553333
r50k_base,ciclo,ner,yaml,38.617608,34.908564,1.0,34.893333
r50k_base,ciclo,ner,xml,32.384593,81.569859,1.0,81.553333
r50k_base,ciclo,ner,csv,10.384593,17.569859,0.999998,17.553333
r50k_base,ciclo,ner,toon,53.384593,18.569859,0.999999,18.553333
r50k_base,ciclo,ner,toon_flat,53.384593,18.569859,0.999999,18.553333
r50k_base,ciclo,ner,mini,32.384593,17.569859,0.999998,17.553333
r50k_base,ciclo,q,json_pretty,228.627859,386.454887,1.0,386.52
r50k_base,ciclo,q,json_compact,84.4815,170.788276,1.0,170.846667
r50k_base,ciclo,q,yaml,129.83293,209.034398,1.0,209.04
r50k_base,ciclo,q,xml,115.343247,271.545572,1.0,271.6
r50k_base,ciclo,q,csv,54.647718,125.710807,1.0,125.773333
r50k_base,ciclo,q,toon,117.890028,236.949591,1.0,236.966667
r50k_base,ciclo,q,toon_flat,182.795206,126.794634,1.0,126.853333
r50k_base,ciclo,q,mini,53.372189,126.792278,1.0,126.853333
r50k_base,ciclo,r,json_pretty,84.319534,145.6752,1.0,145.693333
r50k_base,ciclo,r,json_compact,40.319534,45.6752,0.999999,45.693333
r50k_base,ciclo,r,yaml,47.791063,55.994246,1.0,55.993333
r50k_base,ciclo,r,xml,39.319534,114.6752,1.0,114.693333
r50k_base,ciclo,r,csv,32.319534,32.6752,0.999999,32.693333
r50k_base,ciclo,r,toon,48.016383,61.91584,1.0,61.92
r50k_base,ciclo,r,toon_flat,75.319534,33.6752,0.999999,33.693333
r50k_base,ciclo,r,mini,39.351425,32.840227,0.999999,32.853333
r50k_base,ciclo,s,json_pretty,68.736297,118.487179,1.0,118.446667
r50k_base,ciclo,s,json_compact,31.736297,38.487179,0.999999,38.446667
r50k_base,ciclo,s,yaml,36.741456,47.992766,1.0,47.966667
r50k_base,ciclo,s,xml,31.736297,99.487179,1.0,99.446667
r50k_base,ciclo,s,csv,21.736297,25.487179,0.999997,25.446667
r50k_base,ciclo,s,toon,38.238877,56.739972,1.0,56.706667
r50k_base,ciclo,s,toon_flat,59.736297,26.487179,0.999997,26.446667
r50k_base,ciclo,s,mini,30.736297,26.487179,0.999997,26.446667
r50k_base,ciclo,sum,json_pretty,98.56896,171.256275,1.0,171.233333
r50k_base,ciclo,sum,json_compact,44.429227,78.648516,1.0,78.613333
r50k_base,ciclo,sum,yaml,54.64549,89.905854,1.0,89.88
r50k_base,ciclo,sum,xml,47.135304,153.324383,1.0,153.293333
r50k_base,ciclo,sum,csv,25.429227,58.648516,0.999999,58.613333
r50k_base,ciclo,sum,toon,52.260561,99.902894,1.0,99.88
r50k_base,ciclo,sum,toon_flat,72.429227,59.648516,0.999999,59.613333
r50k_base,ciclo,sum,mini,42.429227,59.648516,0.999999,59.613333
r50k_base,ciclo,tc,json_pretty,87.653236,171.273078,0.999999,171.1
r50k_base,ciclo,tc,json_compact,37.393989,63.370163,0.999998,63.246667
r50k_base,ciclo,tc,yaml,47.428006,75.439918,0.999998,75.286667
r50k_base,ciclo,tc,xml,42.490214,148.613534,1.0,148.466667
r50k_base,ciclo,tc,csv,25.559796,42.285899,0.999996,42.16
r50k_base,ciclo,tc,toon,46.016023,88.859156,0.999999,88.72
r50k_base,ciclo,tc,toon_flat,66.559796,43.285899,0.999996,43.16
r50k_base,ciclo,tc,mini,36.541477,42.45399,0.999996,42.326667
r50k_base,ciclo,us,json_pretty,73.259837,153.086579,1.0,153.066667
r50k_base,ciclo,us,json_compact,34.259837,55.086579,1.0,55.066667
r50k_base,ciclo,us,yaml,41.54419,64.839435,1.0,64.806667
r50k_base,ciclo,us,xml,33.259837,131.086579,1.0,131.066667
r50k_base,ciclo,us,csv,23.259837,37.086579,1.0,37.066667
r50k_base,ciclo,us,toon,41.77124,77.173699,1.0,77.146667
r50k_base,ciclo,us,toon_flat,59.259837,38.086579,1.0,38.066667
r50k_base,ciclo,us,mini,33.259837,37.086579,1.0,37.066667
