tokenizador,idioma,instr_mini,instr_json,delta_instruccion_media,n_eq_media,n_eq_mediana,n_eq_min,n_eq_max
o200k_base,es,mini_spec,json_schema,127.357143,7.695757,7.795444,1.0,13.660714
o200k_base,es,mini_spec_ejemplo,json_schema_ejemplo,100.857143,6.69618,6.693455,1.0,12.5
o200k_base,es,mini_spec,json_ejemplo,279.5,15.14037,14.809331,5.833333,25.359712
o200k_base,es,mini_spec_ejemplo,json_ejemplo,357.857143,19.030289,18.958333,9.342105,29.766187
o200k_base,en,mini_spec,json_schema,85.357143,5.564704,5.618062,1.0,10.0
o200k_base,en,mini_spec_ejemplo,json_schema_ejemplo,58.857143,4.57426,4.510181,1.0,8.818182
o200k_base,en,mini_spec,json_ejemplo,238.5,12.914209,12.744755,4.717391,21.785714
o200k_base,en,mini_spec_ejemplo,json_ejemplo,315.857143,16.746916,16.78442,8.201754,26.079137
cl100k_base,es,mini_spec,json_schema,161.571429,9.897037,10.232224,1.0,16.428571
cl100k_base,es,mini_spec_ejemplo,json_schema_ejemplo,137.642857,8.952596,9.186992,1.0,15.357143
cl100k_base,es,mini_spec,json_ejemplo,302.928571,17.357335,17.373592,7.105263,27.428058
cl100k_base,es,mini_spec_ejemplo,json_ejemplo,384.428571,21.616384,21.361718,11.095238,32.104317
cl100k_base,en,mini_spec,json_schema,93.642857,6.286003,6.424157,1.0,10.535714
cl100k_base,en,mini_spec_ejemplo,json_schema_ejemplo,69.714286,5.343323,5.390449,1.0,9.454545
cl100k_base,en,mini_spec,json_ejemplo,238.0,13.657965,13.840771,5.143541,21.785714
cl100k_base,en,mini_spec_ejemplo,json_ejemplo,317.5,17.798495,17.723436,9.090909,26.258993
r50k_base,es,mini_spec,json_schema,232.785714,14.108662,14.03893,1.947368,22.664671
r50k_base,es,mini_spec_ejemplo,json_schema_ejemplo,207.571429,12.991901,13.042566,1.0,21.497006
r50k_base,es,mini_spec,json_ejemplo,378.5,21.970419,21.252688,8.378995,34.601449
r50k_base,es,mini_spec_ejemplo,json_ejemplo,472.714286,26.937019,25.411364,12.813918,40.126812
r50k_base,en,mini_spec,json_schema,105.5,7.12192,6.938172,1.0,11.796407
r50k_base,en,mini_spec_ejemplo,json_schema_ejemplo,80.285714,6.184923,5.922906,1.0,10.628743
r50k_base,en,mini_spec,json_ejemplo,260.214286,15.182389,14.701111,4.863636,24.461078
r50k_base,en,mini_spec_ejemplo,json_ejemplo,348.428571,19.802517,18.797491,9.178082,29.438406
