model,prefix,sample,parseable,round_trip,field_accuracy,n_records,error,error_class,recovered_pct
haiku,cls,1,True,True,1.0,12,,,100.0
haiku,cls,2,True,True,1.0,12,,,100.0
haiku,cls,3,True,True,1.0,12,,,100.0
haiku,cls,4,True,True,1.0,12,,,100.0
haiku,cls,5,True,True,1.0,12,,,100.0
haiku,cls,6,True,True,1.0,12,,,100.0
haiku,log,1,True,True,1.0,12,,,100.0
haiku,log,2,True,True,1.0,12,,,100.0
haiku,log,3,True,True,1.0,12,,,100.0
haiku,log,4,True,True,1.0,12,,,100.0
haiku,log,5,True,True,1.0,12,,,100.0
haiku,log,6,True,True,1.0,12,,,100.0
haiku,tc,1,True,True,1.0,12,,,100.0
haiku,tc,2,True,True,1.0,12,,,100.0
haiku,tc,3,True,True,1.0,12,,,100.0
haiku,tc,4,True,True,1.0,12,,,100.0
haiku,tc,5,True,True,1.0,12,,,100.0
haiku,tc,6,True,True,1.0,12,,,100.0
sonnet,cls,1,True,True,1.0,12,,,100.0
sonnet,cls,2,True,True,1.0,12,,,100.0
sonnet,cls,3,True,True,1.0,12,,,100.0
sonnet,cls,4,True,True,1.0,12,,,100.0
sonnet,cls,5,True,True,1.0,12,,,100.0
sonnet,cls,6,True,True,1.0,12,,,100.0
sonnet,log,1,True,True,1.0,12,,,100.0
sonnet,log,2,True,True,1.0,12,,,100.0
sonnet,log,3,True,True,1.0,12,,,100.0
sonnet,log,4,True,True,1.0,12,,,100.0
sonnet,log,5,True,True,1.0,12,,,100.0
sonnet,log,6,True,True,1.0,12,,,100.0
sonnet,tc,1,True,True,1.0,12,,,100.0
sonnet,tc,2,True,True,1.0,12,,,100.0
sonnet,tc,3,True,True,1.0,12,,,100.0
sonnet,tc,4,True,True,1.0,12,,,100.0
sonnet,tc,5,True,True,1.0,12,,,100.0
sonnet,tc,6,True,True,1.0,12,,,100.0
