prefix,format,cuts,mean_records_recovered,recovery_efficiency,zero_recovery_pct
a,mini,200,51.4,99.6,0.0
a,toon_flat,200,53.1,96.9,0.0
a,csv,200,51.9,99.3,0.0
a,json,200,0.0,0.0,100.0
a,yaml,200,42.8,78.8,22.5
a,xml,200,0.0,0.0,100.0
tc,mini,200,51.6,99.0,0.0
tc,toon_flat,200,54.1,98.1,0.0
tc,csv,200,51.3,99.0,0.0
tc,json,200,0.0,0.0,100.0
tc,yaml,200,42.8,76.3,25.0
tc,xml,200,0.0,0.0,100.0
log,mini,200,51.6,99.4,0.0
log,toon_flat,200,51.5,98.1,0.0
log,csv,200,28.7,50.5,0.0
log,json,200,0.0,0.0,100.0
log,yaml,200,40.1,73.8,27.5
log,xml,200,0.0,0.0,100.0
