prefix,n,tokenizer,format,tokens,bytes,lines,payload_tokens
a,12,o200k_base,mini,813,2269,13,626
a,12,o200k_base,toon_flat,928,2588,27,626
a,12,o200k_base,toon,1537,4596,195,626
a,12,o200k_base,csv,811,2326,13,626
a,12,o200k_base,json_compact,1314,4192,1,626
a,12,o200k_base,yaml,1607,4410,250,626
a,12,o200k_base,xml,1859,5332,124,626
a,12,o200k_base,json_pretty,2097,6737,315,626
a,12,cl100k_base,mini,901,2269,13,713
a,12,cl100k_base,toon_flat,1000,2588,27,713
a,12,cl100k_base,toon,1625,4596,195,713
a,12,cl100k_base,csv,880,2326,13,713
a,12,cl100k_base,json_compact,1365,4192,1,713
a,12,cl100k_base,yaml,1701,4410,250,713
a,12,cl100k_base,xml,1923,5332,124,713
a,12,cl100k_base,json_pretty,2167,6737,315,713
a,25,o200k_base,mini,1622,4591,26,1271
a,25,o200k_base,toon_flat,1763,4961,40,1271
a,25,o200k_base,toon,3087,9296,390,1271
a,25,o200k_base,csv,1632,4665,26,1271
a,25,o200k_base,json_compact,2644,8470,1,1271
a,25,o200k_base,yaml,3219,8891,497,1271
a,25,o200k_base,xml,3751,10824,254,1271
a,25,o200k_base,json_pretty,4206,13602,627,1271
a,25,cl100k_base,mini,1802,4591,26,1447
a,25,cl100k_base,toon_flat,1912,4961,40,1447
a,25,cl100k_base,toon,3264,9296,390,1447
a,25,cl100k_base,csv,1778,4665,26,1447
a,25,cl100k_base,json_compact,2748,8470,1,1447
a,25,cl100k_base,yaml,3410,8891,497,1447
a,25,cl100k_base,xml,3879,10824,254,1447
a,25,cl100k_base,json_pretty,4347,13602,627,1447
a,50,o200k_base,mini,3184,9113,51,2517
a,50,o200k_base,toon_flat,3375,9582,65,2517
a,50,o200k_base,toon,6072,18392,765,2517
a,50,o200k_base,csv,3217,9220,51,2517
a,50,o200k_base,json_compact,5205,16750,1,2517
a,50,o200k_base,yaml,6320,17562,972,2517
a,50,o200k_base,xml,7397,21442,504,2517
a,50,o200k_base,json_pretty,8266,26857,1227,2517
a,50,cl100k_base,mini,3545,9113,51,2869
a,50,cl100k_base,toon_flat,3678,9582,65,2869
a,50,cl100k_base,toon,6428,18392,765,2869
a,50,cl100k_base,csv,3517,9220,51,2869
a,50,cl100k_base,json_compact,5415,16750,1,2869
a,50,cl100k_base,yaml,6700,17562,972,2869
a,50,cl100k_base,xml,7653,21442,504,2869
a,50,cl100k_base,json_pretty,8547,26857,1227,2869
a,100,o200k_base,mini,6322,18174,101,5020
a,100,o200k_base,toon_flat,6614,18851,115,5020
a,100,o200k_base,toon,12056,36611,1515,5020
a,100,o200k_base,csv,6401,18347,101,5020
a,100,o200k_base,json_compact,10337,33326,1,5020
a,100,o200k_base,yaml,12540,34928,1922,5020
a,100,o200k_base,xml,14701,42694,1004,5020
a,100,o200k_base,json_pretty,16398,53383,2427,5020
a,100,cl100k_base,mini,7040,18174,101,5720
a,100,cl100k_base,toon_flat,7220,18851,115,5720
a,100,cl100k_base,toon,12766,36611,1515,5720
a,100,cl100k_base,csv,7004,18347,101,5720
a,100,cl100k_base,json_compact,10758,33326,1,5720
a,100,cl100k_base,yaml,13298,34928,1922,5720
a,100,cl100k_base,xml,15210,42694,1004,5720
a,100,cl100k_base,json_pretty,16956,53383,2427,5720
a,250,o200k_base,mini,15728,45631,251,12527
a,250,o200k_base,toon_flat,16317,46902,265,12527
a,250,o200k_base,toon,29994,91512,3765,12527
a,250,o200k_base,csv,15942,46002,251,12527
a,250,o200k_base,json_compact,25729,83333,1,12527
a,250,o200k_base,yaml,31178,87281,4772,12527
a,250,o200k_base,xml,36607,106727,2504,12527
a,250,o200k_base,json_pretty,40791,133240,6027,12527
a,250,cl100k_base,mini,17516,45631,251,14275
a,250,cl100k_base,toon_flat,17832,46902,265,14275
a,250,cl100k_base,toon,31765,91512,3765,14275
a,250,cl100k_base,csv,17454,46002,251,14275
a,250,cl100k_base,json_compact,26786,83333,1,14275
a,250,cl100k_base,yaml,33072,87281,4772,14275
a,250,cl100k_base,xml,37875,106727,2504,14275
a,250,cl100k_base,json_pretty,42185,133240,6027,14275
a,500,o200k_base,mini,31394,91316,501,25026
a,500,o200k_base,toon_flat,32483,93589,515,25026
a,500,o200k_base,toon,59893,182949,7515,25026
a,500,o200k_base,csv,31837,92021,501,25026
a,500,o200k_base,json_compact,51377,166602,1,25026
a,500,o200k_base,yaml,62244,174468,9522,25026
a,500,o200k_base,xml,73106,213370,5004,25026
a,500,o200k_base,json_pretty,81437,266259,12027,25026
a,500,cl100k_base,mini,34978,91316,501,28528
a,500,cl100k_base,toon_flat,35523,93589,515,28528
a,500,cl100k_base,toon,63437,182949,7515,28528
a,500,cl100k_base,csv,34874,92021,501,28528
a,500,cl100k_base,json_compact,53499,166602,1,28528
a,500,cl100k_base,yaml,66036,174468,9522,28528
a,500,cl100k_base,xml,75648,213370,5004,28528
a,500,cl100k_base,json_pretty,84230,266259,12027,28528
card,12,o200k_base,mini,523,1508,13,414
card,12,o200k_base,toon_flat,543,1631,18,414
card,12,o200k_base,toon,859,2573,102,414
card,12,o200k_base,csv,493,1501,13,414
card,12,o200k_base,json_compact,753,2465,1,414
card,12,o200k_base,yaml,852,2412,123,414
card,12,o200k_base,xml,1244,3423,117,414
card,12,o200k_base,json_pretty,1151,3656,162,414
card,12,cl100k_base,mini,577,1508,13,468
card,12,cl100k_base,toon_flat,593,1631,18,468
card,12,cl100k_base,toon,914,2573,102,468
card,12,cl100k_base,csv,541,1501,13,468
card,12,cl100k_base,json_compact,790,2465,1,468
card,12,cl100k_base,yaml,910,2412,123,468
card,12,cl100k_base,xml,1277,3423,117,468
card,12,cl100k_base,json_pretty,1202,3656,162,468
card,25,o200k_base,mini,1068,3100,26,859
card,25,o200k_base,toon_flat,1087,3285,31,859
card,25,o200k_base,toon,1764,5293,206,859
card,25,o200k_base,csv,1020,3107,26,859
card,25,o200k_base,json_compact,1544,5062,1,859
card,25,o200k_base,yaml,1750,4961,249,859
card,25,o200k_base,xml,2575,7085,242,859
card,25,o200k_base,json_pretty,2352,7504,327,859
card,25,cl100k_base,mini,1177,3100,26,968
card,25,cl100k_base,toon_flat,1187,3285,31,968
card,25,cl100k_base,toon,1873,5293,206,968
card,25,cl100k_base,csv,1118,3107,26,968
card,25,cl100k_base,json_compact,1619,5062,1,968
card,25,cl100k_base,yaml,1866,4961,249,968
card,25,cl100k_base,xml,2638,7085,242,968
card,25,cl100k_base,json_pretty,2454,7504,327,968
card,50,o200k_base,mini,2104,6130,51,1702
card,50,o200k_base,toon_flat,2120,6433,56,1702
card,50,o200k_base,toon,3489,10491,406,1702
card,50,o200k_base,csv,2020,6161,51,1702
card,50,o200k_base,json_compact,3053,10025,1,1702
card,50,o200k_base,yaml,3464,9832,491,1702
card,50,o200k_base,xml,5115,14087,482,1702
card,50,o200k_base,json_pretty,4649,14870,644,1702
card,50,cl100k_base,mini,2321,6130,51,1919
card,50,cl100k_base,toon_flat,2319,6433,56,1919
card,50,cl100k_base,toon,3708,10491,406,1919
card,50,cl100k_base,csv,2217,6161,51,1919
card,50,cl100k_base,json_compact,3204,10025,1,1919
card,50,cl100k_base,yaml,3697,9832,491,1919
card,50,cl100k_base,xml,5242,14087,482,1919
card,50,cl100k_base,json_pretty,4852,14870,644,1919
card,100,o200k_base,mini,4165,12182,101,3379
card,100,o200k_base,toon_flat,4176,12727,106,3379
card,100,o200k_base,toon,6936,20885,806,3379
card,100,o200k_base,csv,4009,12262,101,3379
card,100,o200k_base,json_compact,6060,19942,1,3379
card,100,o200k_base,yaml,6884,19565,974,3379
card,100,o200k_base,xml,10177,28058,961,3379
card,100,o200k_base,json_pretty,9231,29584,1277,3379
card,100,cl100k_base,mini,4596,12182,101,3811
card,100,cl100k_base,toon_flat,4574,12727,106,3811
card,100,cl100k_base,toon,7376,20885,806,3811
card,100,cl100k_base,csv,4405,12262,101,3811
card,100,cl100k_base,json_compact,6364,19942,1,3811
card,100,cl100k_base,yaml,7350,19565,974,3811
card,100,cl100k_base,xml,10433,28058,961,3811
card,100,cl100k_base,json_pretty,9637,29584,1277,3811
card,250,o200k_base,mini,10347,30574,251,8414
card,250,o200k_base,toon_flat,10348,31845,256,8414
card,250,o200k_base,toon,17266,52303,2006,8414
card,250,o200k_base,csv,9981,30802,251,8414
card,250,o200k_base,json_compact,15080,49934,1,8414
card,250,o200k_base,yaml,17142,49007,2423,8414
card,250,o200k_base,xml,25367,70210,2398,8414
card,250,o200k_base,json_pretty,22973,73967,3176,8414
card,250,cl100k_base,mini,11431,30574,251,9498
card,250,cl100k_base,toon_flat,11348,31845,256,9498
card,250,cl100k_base,toon,18372,52303,2006,9498
card,250,cl100k_base,csv,10979,30802,251,9498
card,250,cl100k_base,json_compact,15849,49934,1,9498
card,250,cl100k_base,yaml,18310,49007,2423,9498
card,250,cl100k_base,xml,26012,70210,2398,9498
card,250,cl100k_base,json_pretty,23994,73967,3176,9498
card,500,o200k_base,mini,20665,61208,501,16813
card,500,o200k_base,toon_flat,20643,63683,506,16813
card,500,o200k_base,toon,34501,104641,4006,16813
card,500,o200k_base,csv,19943,61684,501,16813
card,500,o200k_base,json_compact,30126,99900,1,16813
card,500,o200k_base,yaml,34250,98055,4840,16813
card,500,o200k_base,xml,50707,140474,4794,16813
card,500,o200k_base,json_pretty,45896,147936,6343,16813
card,500,cl100k_base,mini,22834,61208,501,18983
card,500,cl100k_base,toon_flat,22646,63683,506,18983
card,500,cl100k_base,toon,36714,104641,4006,18983
card,500,cl100k_base,csv,21944,61684,501,18983
card,500,cl100k_base,json_compact,31668,99900,1,18983
card,500,cl100k_base,yaml,36588,98055,4840,18983
card,500,cl100k_base,xml,52001,140474,4794,18983
card,500,cl100k_base,json_pretty,47940,147936,6343,18983
cat,12,o200k_base,mini,381,814,13,261
cat,12,o200k_base,toon_flat,406,921,17,261
cat,12,o200k_base,toon,737,1973,101,261
cat,12,o200k_base,csv,367,822,13,261
cat,12,o200k_base,json_compact,609,1862,1,261
cat,12,o200k_base,yaml,764,1853,126,261
cat,12,o200k_base,xml,1140,3058,121,261
cat,12,o200k_base,json_pretty,1021,3083,165,261
cat,12,cl100k_base,mini,391,814,13,273
cat,12,cl100k_base,toon_flat,416,921,17,273
cat,12,cl100k_base,toon,742,1973,101,273
cat,12,cl100k_base,csv,377,822,13,273
cat,12,cl100k_base,json_compact,607,1862,1,273
cat,12,cl100k_base,yaml,771,1853,126,273
cat,12,cl100k_base,xml,1147,3058,121,273
cat,12,cl100k_base,json_pretty,1033,3083,165,273
cat,25,o200k_base,mini,771,1659,26,536
cat,25,o200k_base,toon_flat,803,1799,30,536
cat,25,o200k_base,toon,1509,4047,205,536
cat,25,o200k_base,csv,750,1670,26,536
cat,25,o200k_base,json_compact,1241,3809,1,536
cat,25,o200k_base,yaml,1565,3799,256,536
cat,25,o200k_base,xml,2353,6325,250,536
cat,25,o200k_base,json_pretty,2081,6317,334,536
cat,25,cl100k_base,mini,793,1659,26,561
cat,25,cl100k_base,toon_flat,824,1799,30,561
cat,25,cl100k_base,toon,1519,4047,205,561
cat,25,cl100k_base,csv,771,1670,26,561
cat,25,cl100k_base,json_compact,1239,3809,1,561
cat,25,cl100k_base,yaml,1579,3799,256,561
cat,25,cl100k_base,xml,2368,6325,250,561
cat,25,cl100k_base,json_pretty,2106,6317,334,561
cat,50,o200k_base,mini,1526,3264,51,1070
cat,50,o200k_base,toon_flat,1571,3468,55,1070
cat,50,o200k_base,toon,2999,8016,405,1070
cat,50,o200k_base,csv,1491,3281,51,1070
cat,50,o200k_base,json_compact,2463,7535,1,1070
cat,50,o200k_base,yaml,3112,7523,506,1070
cat,50,o200k_base,xml,4690,12586,498,1070
cat,50,o200k_base,json_pretty,4126,12518,659,1070
cat,50,cl100k_base,mini,1570,3264,51,1119
cat,50,cl100k_base,toon_flat,1612,3468,55,1119
cat,50,cl100k_base,toon,3019,8016,405,1119
cat,50,cl100k_base,csv,1532,3281,51,1119
cat,50,cl100k_base,json_compact,2460,7535,1,1119
cat,50,cl100k_base,yaml,3140,7523,506,1119
cat,50,cl100k_base,xml,4719,12586,498,1119
cat,50,cl100k_base,json_pretty,4175,12518,659,1119
cat,100,o200k_base,mini,3022,6466,101,2123
cat,100,o200k_base,toon_flat,3092,6801,105,2123
cat,100,o200k_base,toon,5968,15949,805,2123
cat,100,o200k_base,csv,2958,6497,101,2123
cat,100,o200k_base,json_compact,4897,14985,1,2123
cat,100,o200k_base,yaml,6201,14970,1007,2123
cat,100,o200k_base,xml,9354,25105,994,2123
cat,100,o200k_base,json_pretty,8208,24927,1310,2123
cat,100,cl100k_base,mini,3112,6466,101,2223
cat,100,cl100k_base,toon_flat,3176,6801,105,2223
cat,100,cl100k_base,toon,6008,15949,805,2223
cat,100,cl100k_base,csv,3042,6497,101,2223
cat,100,cl100k_base,json_compact,4895,14985,1,2223
cat,100,cl100k_base,yaml,6257,14970,1007,2223
cat,100,cl100k_base,xml,9413,25105,994,2223
cat,100,cl100k_base,json_pretty,8308,24927,1310,2223
cat,250,o200k_base,mini,7519,16065,251,5295
cat,250,o200k_base,toon_flat,7664,16784,255,5295
cat,250,o200k_base,toon,14877,39732,2005,5295
cat,250,o200k_base,csv,7368,16132,251,5295
cat,250,o200k_base,json_compact,12208,37320,1,5295
cat,250,o200k_base,yaml,15458,37291,2506,5295
cat,250,o200k_base,xml,23337,62634,2482,5295
cat,250,o200k_base,json_pretty,20455,62103,3259,5295
cat,250,cl100k_base,mini,7746,16065,251,5544
cat,250,cl100k_base,toon_flat,7872,16784,255,5544
cat,250,cl100k_base,toon,14980,39732,2005,5544
cat,250,cl100k_base,csv,7576,16132,251,5544
cat,250,cl100k_base,json_compact,12205,37320,1,5544
cat,250,cl100k_base,yaml,15603,37291,2506,5544
cat,250,cl100k_base,xml,23484,62634,2482,5544
cat,250,cl100k_base,json_pretty,20704,62103,3259,5544
cat,500,o200k_base,mini,15022,32102,501,10590
cat,500,o200k_base,toon_flat,15291,33468,505,10590
cat,500,o200k_base,toon,29733,79416,4005,10590
cat,500,o200k_base,csv,14724,32232,501,10590
cat,500,o200k_base,json_compact,24396,74584,1,10590
cat,500,o200k_base,yaml,30894,74534,5006,10590
cat,500,o200k_base,xml,46651,125209,4961,10590
cat,500,o200k_base,json_pretty,40872,124117,6509,10590
cat,500,cl100k_base,mini,15479,32102,501,11090
cat,500,cl100k_base,toon_flat,15708,33468,505,11090
cat,500,cl100k_base,toon,29941,79416,4005,11090
cat,500,cl100k_base,csv,15141,32232,501,11090
cat,500,cl100k_base,json_compact,24394,74584,1,11090
cat,500,cl100k_base,yaml,31186,74534,5006,11090
cat,500,cl100k_base,xml,46944,125209,4961,11090
cat,500,cl100k_base,json_pretty,41372,124117,6509,11090
cls,12,o200k_base,mini,384,1276,13,290
cls,12,o200k_base,toon_flat,472,1479,18,290
cls,12,o200k_base,toon,736,2254,78,290
cls,12,o200k_base,csv,419,1333,13,290
cls,12,o200k_base,json_compact,615,2238,1,290
cls,12,o200k_base,yaml,855,2385,168,290
cls,12,o200k_base,xml,1151,2999,79,290
cls,12,o200k_base,json_pretty,1101,3942,219,290
cls,12,cl100k_base,mini,390,1276,13,290
cls,12,cl100k_base,toon_flat,473,1479,18,290
cls,12,cl100k_base,toon,736,2254,78,290
cls,12,cl100k_base,csv,420,1333,13,290
cls,12,cl100k_base,json_compact,602,2238,1,290
cls,12,cl100k_base,yaml,855,2385,168,290
cls,12,cl100k_base,xml,1139,2999,79,290
cls,12,cl100k_base,json_pretty,1101,3942,219,290
cls,25,o200k_base,mini,779,2651,26,603
cls,25,o200k_base,toon_flat,921,2949,31,603
cls,25,o200k_base,toon,1508,4659,156,603
cls,25,o200k_base,csv,847,2735,26,603
cls,25,o200k_base,json_compact,1260,4621,1,603
cls,25,o200k_base,yaml,1758,4936,343,603
cls,25,o200k_base,xml,2384,6248,163,603
cls,25,o200k_base,json_pretty,2251,8134,446,603
cls,25,cl100k_base,mini,793,2651,26,603
cls,25,cl100k_base,toon_flat,922,2949,31,603
cls,25,cl100k_base,toon,1508,4659,156,603
cls,25,cl100k_base,csv,848,2735,26,603
cls,25,cl100k_base,json_compact,1234,4621,1,603
cls,25,cl100k_base,yaml,1758,4936,343,603
cls,25,cl100k_base,xml,2359,6248,163,603
cls,25,cl100k_base,json_pretty,2251,8134,446,603
cls,50,o200k_base,mini,1523,5211,51,1185
cls,50,o200k_base,toon_flat,1763,5698,56,1185
cls,50,o200k_base,toon,2972,9203,306,1185
cls,50,o200k_base,csv,1650,5344,51,1185
cls,50,o200k_base,json_compact,2480,9121,1,1185
cls,50,o200k_base,yaml,3470,9756,678,1185
cls,50,o200k_base,xml,4720,12358,323,1185
cls,50,o200k_base,json_pretty,4438,16099,881,1185
cls,50,cl100k_base,mini,1549,5211,51,1185
cls,50,cl100k_base,toon_flat,1764,5698,56,1185
cls,50,cl100k_base,toon,2972,9203,306,1185
cls,50,cl100k_base,csv,1651,5344,51,1185
cls,50,cl100k_base,json_compact,2429,9121,1,1185
cls,50,cl100k_base,yaml,3470,9756,678,1185
cls,50,cl100k_base,xml,4670,12358,323,1185
cls,50,cl100k_base,json_pretty,4438,16099,881,1185
cls,100,o200k_base,mini,3012,10359,101,2352
cls,100,o200k_base,toon_flat,3450,11216,106,2352
cls,100,o200k_base,toon,5900,18311,606,2352
cls,100,o200k_base,csv,3258,10585,101,2352
cls,100,o200k_base,json_compact,4921,18146,1,2352
cls,100,o200k_base,yaml,6896,19419,1348,2352
cls,100,o200k_base,xml,9404,24633,644,2352
cls,100,o200k_base,json_pretty,8815,32054,1751,2352
cls,100,cl100k_base,mini,3063,10359,101,2352
cls,100,cl100k_base,toon_flat,3451,11216,106,2352
cls,100,cl100k_base,toon,5900,18311,606,2352
cls,100,cl100k_base,csv,3259,10585,101,2352
cls,100,cl100k_base,json_compact,4820,18146,1,2352
cls,100,cl100k_base,yaml,6896,19419,1348,2352
cls,100,cl100k_base,xml,9304,24633,644,2352
cls,100,cl100k_base,json_pretty,8815,32054,1751,2352
cls,250,o200k_base,mini,7465,25909,251,5844
cls,250,o200k_base,toon_flat,8505,27879,256,5844
cls,250,o200k_base,toon,14680,45750,1506,5844
cls,250,o200k_base,csv,8075,26422,251,5844
cls,250,o200k_base,json_compact,12238,45335,1,5844
cls,250,o200k_base,yaml,17178,48536,3361,5844
cls,250,o200k_base,xml,23442,61560,1606,5844
cls,250,o200k_base,json_pretty,21946,80060,4364,5844
cls,250,cl100k_base,mini,7590,25909,251,5844
cls,250,cl100k_base,toon_flat,8506,27879,256,5844
cls,250,cl100k_base,toon,14680,45750,1506,5844
cls,250,cl100k_base,csv,8076,26422,251,5844
cls,250,cl100k_base,json_compact,11987,45335,1,5844
cls,250,cl100k_base,yaml,17178,48536,3361,5844
cls,250,cl100k_base,xml,23192,61560,1606,5844
cls,250,cl100k_base,json_pretty,21946,80060,4364,5844
cls,500,o200k_base,mini,14902,51852,501,11675
cls,500,o200k_base,toon_flat,16939,55677,506,11675
cls,500,o200k_base,toon,29322,91504,3006,11675
cls,500,o200k_base,csv,16113,52842,501,11675
cls,500,o200k_base,json_compact,24443,90673,1,11675
cls,500,o200k_base,yaml,34317,97078,6714,11675
cls,500,o200k_base,xml,46852,123136,3210,11675
cls,500,o200k_base,json_pretty,43836,160075,8717,11675
cls,500,cl100k_base,mini,15151,51852,501,11675
cls,500,cl100k_base,toon_flat,16940,55677,506,11675
cls,500,cl100k_base,toon,29322,91504,3006,11675
cls,500,cl100k_base,csv,16114,52842,501,11675
cls,500,cl100k_base,json_compact,23942,90673,1,11675
cls,500,cl100k_base,yaml,34317,97078,6714,11675
cls,500,cl100k_base,xml,46352,123136,3210,11675
cls,500,cl100k_base,json_pretty,43836,160075,8717,11675
code,12,o200k_base,mini,613,1850,13,498
code,12,o200k_base,toon_flat,613,1947,17,498
code,12,o200k_base,toon,952,3033,101,498
code,12,o200k_base,csv,569,1842,13,498
code,12,o200k_base,json_compact,848,2940,1,498
code,12,o200k_base,yaml,950,2880,134,498
code,12,o200k_base,xml,1436,4155,122,498
code,12,o200k_base,json_pretty,1282,4303,183,498
code,12,cl100k_base,mini,614,1850,13,496
code,12,cl100k_base,toon_flat,613,1947,17,496
code,12,cl100k_base,toon,950,3033,101,496
code,12,cl100k_base,csv,569,1842,13,496
code,12,cl100k_base,json_compact,821,2940,1,496
code,12,cl100k_base,yaml,950,2880,134,496
code,12,cl100k_base,xml,1397,4155,122,496
code,12,cl100k_base,json_pretty,1267,4303,183,496
code,25,o200k_base,mini,1265,3852,26,1038
code,25,o200k_base,toon_flat,1241,3971,30,1038
code,25,o200k_base,toon,1966,6292,205,1038
code,25,o200k_base,csv,1182,3836,26,1038
code,25,o200k_base,json_compact,1749,6093,1,1038
code,25,o200k_base,yaml,1965,5979,274,1038
code,25,o200k_base,xml,2984,8649,252,1038
code,25,o200k_base,json_pretty,2638,8910,373,1038
code,25,cl100k_base,mini,1267,3852,26,1033
code,25,cl100k_base,toon_flat,1240,3971,30,1033
code,25,cl100k_base,toon,1961,6292,205,1033
code,25,cl100k_base,csv,1181,3836,26,1033
code,25,cl100k_base,json_compact,1695,6093,1,1033
code,25,cl100k_base,yaml,1964,5979,274,1033
code,25,cl100k_base,xml,2902,8649,252,1033
code,25,cl100k_base,json_pretty,2606,8910,373,1033
code,50,o200k_base,mini,2491,7623,51,2053
code,50,o200k_base,toon_flat,2419,7786,55,2053
code,50,o200k_base,toon,3886,12478,405,2053
code,50,o200k_base,csv,2331,7593,51,2053
code,50,o200k_base,json_compact,3456,12077,1,2053
code,50,o200k_base,yaml,3884,11855,541,2053
code,50,o200k_base,xml,5924,17203,502,2053
code,50,o200k_base,json_pretty,5215,17669,736,2053
code,50,cl100k_base,mini,2496,7623,51,2045
code,50,cl100k_base,toon_flat,2419,7786,55,2045
code,50,cl100k_base,toon,3878,12478,405,2045
code,50,cl100k_base,csv,2331,7593,51,2045
code,50,cl100k_base,json_compact,3353,12077,1,2045
code,50,cl100k_base,yaml,3884,11855,541,2045
code,50,cl100k_base,xml,5762,17203,502,2045
code,50,cl100k_base,json_pretty,5152,17669,736,2045
code,100,o200k_base,mini,4936,15094,101,4075
code,100,o200k_base,toon_flat,4771,15347,105,4075
code,100,o200k_base,toon,7718,24778,805,4075
code,100,o200k_base,csv,4624,15035,101,4075
code,100,o200k_base,json_compact,6861,23971,1,4075
code,100,o200k_base,yaml,7714,23533,1074,4075
code,100,o200k_base,xml,11795,34232,1002,4075
code,100,o200k_base,json_pretty,10356,35097,1460,4075
code,100,cl100k_base,mini,4943,15094,101,4059
code,100,cl100k_base,toon_flat,4771,15347,105,4059
code,100,cl100k_base,toon,7702,24778,805,4059
code,100,cl100k_base,csv,4624,15035,101,4059
code,100,cl100k_base,json_compact,6659,23971,1,4059
code,100,cl100k_base,yaml,7714,23533,1074,4059
code,100,cl100k_base,xml,11471,34232,1002,4059
code,100,cl100k_base,json_pretty,10231,35097,1460,4059
code,250,o200k_base,mini,12344,37875,251,10205
code,250,o200k_base,toon_flat,11887,38386,255,10205
code,250,o200k_base,toon,19284,62042,2005,10205
code,250,o200k_base,csv,11565,37724,251,10205
code,250,o200k_base,json_compact,17139,60002,1,10205
code,250,o200k_base,yaml,19261,58910,2672,10205
code,250,o200k_base,xml,29463,85666,2502,10205
code,250,o200k_base,json_pretty,25841,87735,3633,10205
code,250,cl100k_base,mini,12366,37875,251,10163
code,250,cl100k_base,toon_flat,11887,38386,255,10163
code,250,cl100k_base,toon,19243,62042,2005,10163
code,250,cl100k_base,csv,11565,37724,251,10163
code,250,cl100k_base,json_compact,16636,60002,1,10163
code,250,cl100k_base,yaml,19261,58910,2672,10163
code,250,cl100k_base,xml,28651,85666,2502,10163
code,250,cl100k_base,json_pretty,25528,87735,3633,10163
code,500,o200k_base,mini,24648,75756,501,20383
code,500,o200k_base,toon_flat,23710,76708,505,20383
code,500,o200k_base,toon,38525,124070,4005,20383
code,500,o200k_base,csv,23096,75462,501,20383
code,500,o200k_base,json_compact,34233,119988,1,20383
code,500,o200k_base,yaml,38478,117812,5338,20383
code,500,o200k_base,xml,58887,171337,5002,20383
code,500,o200k_base,json_pretty,51620,175421,7257,20383
code,500,cl100k_base,mini,24687,75756,501,20298
code,500,cl100k_base,toon_flat,23709,76708,505,20298
code,500,cl100k_base,toon,38441,124070,4005,20298
code,500,cl100k_base,csv,23095,75462,501,20298
code,500,cl100k_base,json_compact,33229,119988,1,20298
code,500,cl100k_base,yaml,38477,117812,5338,20298
code,500,cl100k_base,xml,57261,171337,5002,20298
code,500,cl100k_base,json_pretty,50993,175421,7257,20298
log,12,o200k_base,mini,524,1237,13,417
log,12,o200k_base,toon_flat,568,1413,17,417
log,12,o200k_base,toon,906,2493,101,417
log,12,o200k_base,csv,496,1245,13,417
log,12,o200k_base,json_compact,755,2338,1,417
log,12,o200k_base,yaml,887,2288,117,417
log,12,o200k_base,xml,1230,3305,116,417
log,12,o200k_base,json_pretty,1144,3478,156,417
log,12,cl100k_base,mini,524,1237,13,417
log,12,cl100k_base,toon_flat,568,1413,17,417
log,12,cl100k_base,toon,907,2493,101,417
log,12,cl100k_base,csv,496,1245,13,417
log,12,cl100k_base,json_compact,741,2338,1,417
log,12,cl100k_base,yaml,888,2288,117,417
log,12,cl100k_base,xml,1218,3305,116,417
log,12,cl100k_base,json_pretty,1144,3478,156,417
log,25,o200k_base,mini,1060,2504,26,853
log,25,o200k_base,toon_flat,1131,2786,30,853
log,25,o200k_base,toon,1853,5094,205,853
log,25,o200k_base,csv,1010,2516,26,853
log,25,o200k_base,json_compact,1538,4766,1,853
log,25,o200k_base,yaml,1814,4670,237,853
log,25,o200k_base,xml,2535,6816,240,853
log,25,o200k_base,json_pretty,2330,7103,315,853
log,25,cl100k_base,mini,1060,2504,26,853
log,25,cl100k_base,toon_flat,1131,2786,30,853
log,25,cl100k_base,toon,1855,5094,205,853
log,25,cl100k_base,csv,1010,2516,26,853
log,25,cl100k_base,json_compact,1511,4766,1,853
log,25,cl100k_base,yaml,1816,4670,237,853
log,25,cl100k_base,xml,2510,6816,240,853
log,25,cl100k_base,json_pretty,2330,7103,315,853
log,50,o200k_base,mini,2105,4995,51,1703
log,50,o200k_base,toon_flat,2226,5487,55,1703
log,50,o200k_base,toon,3687,10159,405,1703
log,50,o200k_base,csv,2014,5015,51,1703
log,50,o200k_base,json_compact,3058,9498,1,1703
log,50,o200k_base,yaml,3612,9316,469,1703
log,50,o200k_base,xml,5049,13583,477,1703
log,50,o200k_base,json_pretty,4626,14148,622,1703
log,50,cl100k_base,mini,2105,4995,51,1703
log,50,cl100k_base,toon_flat,2226,5487,55,1703
log,50,cl100k_base,toon,3691,10159,405,1703
log,50,cl100k_base,csv,2014,5015,51,1703
log,50,cl100k_base,json_compact,3006,9498,1,1703
log,50,cl100k_base,yaml,3616,9316,469,1703
log,50,cl100k_base,xml,4999,13583,477,1703
log,50,cl100k_base,json_pretty,4626,14148,622,1703
log,100,o200k_base,mini,4189,9958,101,3399
log,100,o200k_base,toon_flat,4411,10866,105,3399
log,100,o200k_base,toon,7349,20264,805,3399
log,100,o200k_base,csv,4016,9993,101,3399
log,100,o200k_base,json_compact,6092,18936,1,3399
log,100,o200k_base,yaml,7200,18580,932,3399
log,100,o200k_base,xml,10077,27123,952,3399
log,100,o200k_base,json_pretty,9211,28203,1235,3399
log,100,cl100k_base,mini,4189,9958,101,3399
log,100,cl100k_base,toon_flat,4411,10866,105,3399
log,100,cl100k_base,toon,7357,20264,805,3399
log,100,cl100k_base,csv,4016,9993,101,3399
log,100,cl100k_base,json_compact,5990,18936,1,3399
log,100,cl100k_base,yaml,7208,18580,932,3399
log,100,cl100k_base,xml,9977,27123,952,3399
log,100,cl100k_base,json_pretty,9211,28203,1235,3399
log,250,o200k_base,mini,10441,24805,251,8489
log,250,o200k_base,toon_flat,10962,26961,255,8489
log,250,o200k_base,toon,18340,50533,2005,8489
log,250,o200k_base,csv,10017,24892,251,8489
log,250,o200k_base,json_compact,15193,47203,1,8489
log,250,o200k_base,yaml,17965,46321,2319,8489
log,250,o200k_base,xml,25160,67724,2378,8489
log,250,o200k_base,json_pretty,22962,70303,3072,8489
log,250,cl100k_base,mini,10441,24805,251,8489
log,250,cl100k_base,toon_flat,10962,26961,255,8489
log,250,cl100k_base,toon,18361,50533,2005,8489
log,250,cl100k_base,csv,10017,24892,251,8489
log,250,cl100k_base,json_compact,14941,47203,1,8489
log,250,cl100k_base,yaml,17986,46321,2319,8489
log,250,cl100k_base,xml,24910,67724,2378,8489
log,250,cl100k_base,json_pretty,22962,70303,3072,8489
log,500,o200k_base,mini,20861,49608,501,16971
log,500,o200k_base,toon_flat,21881,53852,505,16971
log,500,o200k_base,toon,36656,101050,4005,16971
log,500,o200k_base,csv,20020,49779,501,16971
log,500,o200k_base,json_compact,30364,94386,1,16971
log,500,o200k_base,yaml,35907,92630,4632,16971
log,500,o200k_base,xml,50281,135373,4752,16971
log,500,o200k_base,json_pretty,45883,140553,6135,16971
log,500,cl100k_base,mini,20861,49608,501,16971
log,500,cl100k_base,toon_flat,21881,53852,505,16971
log,500,cl100k_base,toon,36698,101050,4005,16971
log,500,cl100k_base,csv,20020,49779,501,16971
log,500,cl100k_base,json_compact,29862,94386,1,16971
log,500,cl100k_base,yaml,35949,92630,4632,16971
log,500,cl100k_base,xml,49781,135373,4752,16971
log,500,cl100k_base,json_pretty,45883,140553,6135,16971
map,12,o200k_base,mini,252,563,13,175
map,12,o200k_base,toon_flat,258,644,18,175
map,12,o200k_base,toon,258,644,18,175
map,12,o200k_base,csv,220,533,13,175
map,12,o200k_base,json_compact,388,1171,1,175
map,12,o200k_base,yaml,428,1104,67,175
map,12,o200k_base,xml,712,1845,85,175
map,12,o200k_base,json_pretty,635,1810,94,175
map,12,cl100k_base,mini,262,563,13,185
map,12,cl100k_base,toon_flat,262,644,18,185
map,12,cl100k_base,toon,262,644,18,185
map,12,cl100k_base,csv,226,533,13,185
map,12,cl100k_base,json_compact,396,1171,1,185
map,12,cl100k_base,yaml,433,1104,67,185
map,12,cl100k_base,xml,710,1845,85,185
map,12,cl100k_base,json_pretty,645,1810,94,185
map,25,o200k_base,mini,491,1101,26,351
map,25,o200k_base,toon_flat,489,1212,31,351
map,25,o200k_base,toon,489,1212,31,351
map,25,o200k_base,csv,445,1071,26,351
map,25,o200k_base,json_compact,773,2335,1,351
map,25,o200k_base,yaml,856,2205,132,351
map,25,o200k_base,xml,1452,3761,175,351
map,25,o200k_base,json_pretty,1266,3624,185,351
map,25,cl100k_base,mini,513,1101,26,373
map,25,cl100k_base,toon_flat,498,1212,31,373
map,25,cl100k_base,toon,498,1212,31,373
map,25,cl100k_base,csv,458,1071,26,373
map,25,cl100k_base,json_compact,793,2335,1,373
map,25,cl100k_base,yaml,869,2205,132,373
map,25,cl100k_base,xml,1448,3761,175,373
map,25,cl100k_base,json_pretty,1288,3624,185,373
map,50,o200k_base,mini,956,2149,51,693
map,50,o200k_base,toon_flat,937,2318,56,693
map,50,o200k_base,toon,937,2318,56,693
map,50,o200k_base,csv,883,2119,51,693
map,50,o200k_base,json_compact,1517,4587,1,693
map,50,o200k_base,yaml,1684,4336,257,693
map,50,o200k_base,xml,2878,7457,348,693
map,50,o200k_base,json_pretty,2483,7126,360,693
map,50,cl100k_base,mini,998,2149,51,735
map,50,cl100k_base,toon_flat,954,2318,56,735
map,50,cl100k_base,toon,954,2318,56,735
map,50,cl100k_base,csv,908,2119,51,735
map,50,cl100k_base,json_compact,1557,4587,1,735
map,50,cl100k_base,yaml,1707,4336,257,735
map,50,cl100k_base,xml,2869,7457,348,735
map,50,cl100k_base,json_pretty,2525,7126,360,735
map,100,o200k_base,mini,1889,4263,101,1380
map,100,o200k_base,toon_flat,1836,4548,106,1380
map,100,o200k_base,toon,1836,4548,106,1380
map,100,o200k_base,csv,1761,4232,101,1380
map,100,o200k_base,json_compact,3008,9108,1,1380
map,100,o200k_base,yaml,3341,8615,507,1380
map,100,o200k_base,xml,5733,14866,694,1380
map,100,o200k_base,json_pretty,4920,14147,710,1380
map,100,cl100k_base,mini,1972,4263,101,1463
map,100,cl100k_base,toon_flat,1870,4548,106,1463
map,100,cl100k_base,toon,1870,4548,106,1463
map,100,cl100k_base,csv,1811,4232,101,1463
map,100,cl100k_base,json_compact,3089,9108,1,1463
map,100,cl100k_base,yaml,3385,8615,507,1463
map,100,cl100k_base,xml,5715,14866,694,1463
map,100,cl100k_base,json_pretty,5003,14147,710,1463
map,250,o200k_base,mini,4680,10602,251,3433
map,250,o200k_base,toon_flat,4526,11235,256,3433
map,250,o200k_base,toon,4526,11235,256,3433
map,250,o200k_base,csv,4389,10571,251,3433
map,250,o200k_base,json_compact,7473,22671,1,3433
map,250,o200k_base,yaml,8305,21452,1257,3433
map,250,o200k_base,xml,14290,37093,1732,3433
map,250,o200k_base,json_pretty,12223,35210,1760,3433
map,250,cl100k_base,mini,4888,10602,251,3641
map,250,cl100k_base,toon_flat,4609,11235,256,3641
map,250,cl100k_base,toon,4609,11235,256,3641
map,250,cl100k_base,csv,4513,10571,251,3641
map,250,cl100k_base,json_compact,7679,22671,1,3641
map,250,cl100k_base,yaml,8409,21452,1257,3641
map,250,cl100k_base,xml,14247,37093,1732,3641
map,250,cl100k_base,json_pretty,12431,35210,1760,3641
map,500,o200k_base,mini,9325,21135,501,6849
map,500,o200k_base,toon_flat,9005,22352,506,6849
map,500,o200k_base,toon,9005,22352,506,6849
map,500,o200k_base,csv,8763,21104,501,6849
map,500,o200k_base,json_compact,14910,45246,1,6849
map,500,o200k_base,yaml,16577,42819,2507,6849
map,500,o200k_base,xml,28538,74080,3461,6849
map,500,o200k_base,json_pretty,24389,70285,3510,6849
map,500,cl100k_base,mini,9742,21135,501,7266
map,500,cl100k_base,toon_flat,9172,22352,506,7266
map,500,cl100k_base,toon,9172,22352,506,7266
map,500,cl100k_base,csv,9013,21104,501,7266
map,500,cl100k_base,json_compact,15325,45246,1,7266
map,500,cl100k_base,yaml,16786,42819,2507,7266
map,500,cl100k_base,xml,28453,74080,3461,7266
map,500,cl100k_base,json_pretty,24806,70285,3510,7266
ner,12,o200k_base,mini,227,410,13,139
ner,12,o200k_base,toon_flat,253,493,18,139
ner,12,o200k_base,toon,253,493,18,139
ner,12,o200k_base,csv,204,372,13,139
ner,12,o200k_base,json_compact,375,1031,1,139
ner,12,o200k_base,yaml,481,1000,79,139
ner,12,o200k_base,xml,742,1826,98,139
ner,12,o200k_base,json_pretty,659,1766,106,139
ner,12,cl100k_base,mini,229,410,13,141
ner,12,cl100k_base,toon_flat,253,493,18,141
ner,12,cl100k_base,toon,253,493,18,141
ner,12,cl100k_base,csv,204,372,13,141
ner,12,cl100k_base,json_compact,375,1031,1,141
ner,12,cl100k_base,yaml,482,1000,79,141
ner,12,cl100k_base,xml,743,1826,98,141
ner,12,cl100k_base,json_pretty,661,1766,106,141
ner,25,o200k_base,mini,442,783,26,276
ner,25,o200k_base,toon_flat,479,894,31,276
ner,25,o200k_base,toon,479,894,31,276
ner,25,o200k_base,csv,417,745,26,276
ner,25,o200k_base,json_compact,746,2041,1,276
ner,25,o200k_base,yaml,964,1986,157,276
ner,25,o200k_base,xml,1514,3720,202,276
ner,25,o200k_base,json_pretty,1316,3530,210,276
ner,25,cl100k_base,mini,445,783,26,279
ner,25,cl100k_base,toon_flat,479,894,31,279
ner,25,cl100k_base,toon,479,894,31,279
ner,25,cl100k_base,csv,417,745,26,279
ner,25,cl100k_base,json_compact,747,2041,1,279
ner,25,cl100k_base,yaml,966,1986,157,279
ner,25,cl100k_base,xml,1515,3720,202,279
ner,25,cl100k_base,json_pretty,1319,3530,210,279
ner,50,o200k_base,mini,856,1519,51,540
ner,50,o200k_base,toon_flat,914,1684,56,540
ner,50,o200k_base,toon,914,1684,56,540
ner,50,o200k_base,csv,827,1481,51,540
ner,50,o200k_base,json_compact,1460,4002,1,540
ner,50,o200k_base,yaml,1896,3901,307,540
ner,50,o200k_base,xml,2999,7381,402,540
ner,50,o200k_base,json_pretty,2580,6941,410,540
ner,50,cl100k_base,mini,861,1519,51,545
ner,50,cl100k_base,toon_flat,914,1684,56,545
ner,50,cl100k_base,toon,914,1684,56,545
ner,50,cl100k_base,csv,827,1481,51,545
ner,50,cl100k_base,json_compact,1463,4002,1,545
ner,50,cl100k_base,yaml,1900,3901,307,545
ner,50,cl100k_base,xml,3000,7381,402,545
ner,50,cl100k_base,json_pretty,2585,6941,410,545
ner,100,o200k_base,mini,1684,2998,101,1068
ner,100,o200k_base,toon_flat,1783,3273,106,1068
ner,100,o200k_base,toon,1783,3273,106,1068
ner,100,o200k_base,csv,1646,2959,101,1068
ner,100,o200k_base,json_compact,2888,7930,1,1068
ner,100,o200k_base,yaml,3758,7739,607,1068
ner,100,o200k_base,xml,5968,14709,802,1068
ner,100,o200k_base,json_pretty,5108,13769,810,1068
ner,100,cl100k_base,mini,1693,2998,101,1077
ner,100,cl100k_base,toon_flat,1783,3273,106,1077
ner,100,cl100k_base,toon,1783,3273,106,1077
ner,100,cl100k_base,csv,1646,2959,101,1077
ner,100,cl100k_base,json_compact,2895,7930,1,1077
ner,100,cl100k_base,yaml,3766,7739,607,1077
ner,100,cl100k_base,xml,5969,14709,802,1077
ner,100,cl100k_base,json_pretty,5117,13769,810,1077
ner,250,o200k_base,mini,4170,7444,251,2654
ner,250,o200k_base,toon_flat,4394,8043,256,2654
ner,250,o200k_base,toon,4394,8043,256,2654
ner,250,o200k_base,csv,4107,7405,251,2654
ner,250,o200k_base,json_compact,7174,19726,1,2654
ner,250,o200k_base,yaml,9344,19259,1507,2654
ner,250,o200k_base,xml,14879,36705,2002,2654
ner,250,o200k_base,json_pretty,12694,34265,2010,2654
ner,250,cl100k_base,mini,4191,7444,251,2675
ner,250,cl100k_base,toon_flat,4394,8043,256,2675
ner,250,cl100k_base,toon,4394,8043,256,2675
ner,250,cl100k_base,csv,4107,7405,251,2675
ner,250,cl100k_base,json_compact,7193,19726,1,2675
ner,250,cl100k_base,yaml,9364,19259,1507,2675
ner,250,cl100k_base,xml,14880,36705,2002,2675
ner,250,cl100k_base,json_pretty,12715,34265,2010,2675
ner,500,o200k_base,mini,8315,15052,501,5299
ner,500,o200k_base,toon_flat,8747,16193,506,5299
ner,500,o200k_base,toon,8747,16193,506,5299
ner,500,o200k_base,csv,8210,15013,501,5299
ner,500,o200k_base,json_compact,14319,39584,1,5299
ner,500,o200k_base,yaml,18655,38659,3007,5299
ner,500,o200k_base,xml,29732,73563,4002,5299
ner,500,o200k_base,json_pretty,25339,68623,4010,5299
ner,500,cl100k_base,mini,8357,15052,501,5341
ner,500,cl100k_base,toon_flat,8747,16193,506,5341
ner,500,cl100k_base,toon,8747,16193,506,5341
ner,500,cl100k_base,csv,8210,15013,501,5341
ner,500,cl100k_base,json_compact,14359,39584,1,5341
ner,500,cl100k_base,yaml,18696,38659,3007,5341
ner,500,cl100k_base,xml,29733,73563,4002,5341
ner,500,cl100k_base,json_pretty,25381,68623,4010,5341
q,12,o200k_base,mini,1162,3714,13,964
q,12,o200k_base,toon_flat,1284,4073,27,964
q,12,o200k_base,toon,1999,6525,231,964
q,12,o200k_base,csv,1165,3810,13,964
q,12,o200k_base,json_compact,1737,6071,1,964
q,12,o200k_base,yaml,2065,6255,286,964
q,12,o200k_base,xml,2422,7605,160,964
q,12,o200k_base,json_pretty,2626,8904,351,964
q,12,cl100k_base,mini,1307,3714,13,1109
q,12,cl100k_base,toon_flat,1415,4073,27,1109
q,12,cl100k_base,toon,2144,6525,231,1109
q,12,cl100k_base,csv,1295,3810,13,1109
q,12,cl100k_base,json_compact,1834,6071,1,1109
q,12,cl100k_base,yaml,2216,6255,286,1109
q,12,cl100k_base,xml,2541,7605,160,1109
q,12,cl100k_base,json_pretty,2754,8904,351,1109
q,25,o200k_base,mini,2354,7614,26,1980
q,25,o200k_base,toon_flat,2503,8042,40,1980
q,25,o200k_base,toon,4055,13328,465,1980
q,25,o200k_base,csv,2370,7743,26,1980
q,25,o200k_base,json_compact,3529,12397,1,1980
q,25,o200k_base,yaml,4178,12747,572,1980
q,25,o200k_base,xml,4928,15572,329,1980
q,25,o200k_base,json_pretty,5313,18129,702,1980
q,25,cl100k_base,mini,2654,7614,26,2277
q,25,cl100k_base,toon_flat,2774,8042,40,2277
q,25,cl100k_base,toon,4350,13328,465,2277
q,25,cl100k_base,csv,2640,7743,26,2277
q,25,cl100k_base,json_compact,3729,12397,1,2277
q,25,cl100k_base,yaml,4487,12747,572,2277
q,25,cl100k_base,xml,5171,15572,329,2277
q,25,cl100k_base,json_pretty,5575,18129,702,2277
q,50,o200k_base,mini,4646,15144,51,3933
q,50,o200k_base,toon_flat,4847,15705,65,3933
q,50,o200k_base,toon,8006,26441,915,3933
q,50,o200k_base,csv,4687,15334,51,3933
q,50,o200k_base,json_compact,6972,24589,1,3933
q,50,o200k_base,yaml,8237,25261,1122,3933
q,50,o200k_base,xml,9748,30923,654,3933
q,50,o200k_base,json_pretty,10478,35896,1377,3933
q,50,cl100k_base,mini,5253,15144,51,4532
q,50,cl100k_base,toon_flat,5398,15705,65,4532
q,50,cl100k_base,toon,8601,26441,915,4532
q,50,cl100k_base,csv,5237,15334,51,4532
q,50,cl100k_base,json_compact,7379,24589,1,4532
q,50,cl100k_base,yaml,8856,25261,1122,4532
q,50,cl100k_base,xml,10238,30923,654,4532
q,50,cl100k_base,json_pretty,11006,35896,1377,4532
q,100,o200k_base,mini,9232,30221,101,7838
q,100,o200k_base,toon_flat,9538,31056,115,7838
q,100,o200k_base,toon,15909,52692,1815,7838
q,100,o200k_base,csv,9323,30535,101,7838
q,100,o200k_base,json_compact,13856,48989,1,7838
q,100,o200k_base,yaml,16360,50309,2222,7838
q,100,o200k_base,xml,19387,61641,1304,7838
q,100,o200k_base,json_pretty,20808,71446,2727,7838
q,100,cl100k_base,mini,10448,30221,101,9037
q,100,cl100k_base,toon_flat,10644,31056,115,9037
q,100,cl100k_base,toon,17102,52692,1815,9037
q,100,cl100k_base,csv,10428,30535,101,9037
q,100,cl100k_base,json_compact,14676,48989,1,9037
q,100,cl100k_base,yaml,17601,50309,2222,9037
q,100,cl100k_base,xml,20370,61641,1304,9037
q,100,cl100k_base,json_pretty,21865,71446,2727,9037
q,250,o200k_base,mini,22966,75730,251,19536
q,250,o200k_base,toon_flat,23582,77357,265,19536
q,250,o200k_base,toon,39585,131693,4515,19536
q,250,o200k_base,csv,23205,76416,251,19536
q,250,o200k_base,json_compact,34489,122474,1,19536
q,250,o200k_base,yaml,40687,125714,5522,19536
q,250,o200k_base,xml,48284,154076,3254,19536
q,250,o200k_base,json_pretty,51779,178381,6777,19536
q,250,cl100k_base,mini,26016,75730,251,22547
q,250,cl100k_base,toon_flat,26361,77357,265,22547
q,250,cl100k_base,toon,42578,131693,4515,22547
q,250,cl100k_base,csv,25983,76416,251,22547
q,250,cl100k_base,json_compact,36559,122474,1,22547
q,250,cl100k_base,yaml,43803,125714,5522,22547
q,250,cl100k_base,xml,50752,154076,3254,22547
q,250,cl100k_base,json_pretty,54436,178381,6777,22547
q,500,o200k_base,mini,45870,151571,501,39043
q,500,o200k_base,toon_flat,47006,154530,515,39043
q,500,o200k_base,toon,79075,263366,9015,39043
q,500,o200k_base,csv,46358,152879,501,39043
q,500,o200k_base,json_compact,68895,244939,1,39043
q,500,o200k_base,yaml,81261,251389,11022,39043
q,500,o200k_base,xml,96458,308125,6504,39043
q,500,o200k_base,json_pretty,103413,356596,13527,39043
q,500,cl100k_base,mini,51988,151571,501,45080
q,500,cl100k_base,toon_flat,52582,154530,515,45080
q,500,cl100k_base,toon,85072,263366,9015,45080
q,500,cl100k_base,csv,51933,152879,501,45080
q,500,cl100k_base,json_compact,73052,244939,1,45080
q,500,cl100k_base,yaml,87506,251389,11022,45080
q,500,cl100k_base,xml,101410,308125,6504,45080
q,500,cl100k_base,json_pretty,108741,356596,13527,45080
r,12,o200k_base,mini,380,1393,13,263
r,12,o200k_base,toon_flat,426,1527,19,263
r,12,o200k_base,toon,647,2375,79,263
r,12,o200k_base,csv,373,1411,13,263
r,12,o200k_base,json_compact,562,2364,1,263
r,12,o200k_base,yaml,696,2380,128,263
r,12,o200k_base,xml,1134,3515,98,263
r,12,o200k_base,json_pretty,957,3621,167,263
r,12,cl100k_base,mini,384,1393,13,263
r,12,cl100k_base,toon_flat,425,1527,19,263
r,12,cl100k_base,toon,646,2375,79,263
r,12,cl100k_base,csv,372,1411,13,263
r,12,cl100k_base,json_compact,560,2364,1,263
r,12,cl100k_base,yaml,697,2380,128,263
r,12,cl100k_base,xml,1142,3515,98,263
r,12,cl100k_base,json_pretty,969,3621,167,263
r,25,o200k_base,mini,766,2874,26,542
r,25,o200k_base,toon_flat,823,3037,32,542
r,25,o200k_base,toon,1311,4886,157,542
r,25,o200k_base,csv,757,2895,26,542
r,25,o200k_base,json_compact,1140,4856,1,542
r,25,o200k_base,yaml,1414,4898,258,542
r,25,o200k_base,xml,2335,7281,202,542
r,25,o200k_base,json_pretty,1938,7426,336,542
r,25,cl100k_base,mini,774,2874,26,542
r,25,cl100k_base,toon_flat,819,3037,32,542
r,25,cl100k_base,toon,1308,4886,157,542
r,25,cl100k_base,csv,753,2895,26,542
r,25,cl100k_base,json_compact,1138,4856,1,542
r,25,cl100k_base,yaml,1416,4898,258,542
r,25,cl100k_base,xml,2353,7281,202,542
r,25,cl100k_base,json_pretty,1963,7426,336,542
r,50,o200k_base,mini,1500,5706,51,1074
r,50,o200k_base,toon_flat,1578,5924,57,1074
r,50,o200k_base,toon,2584,9698,307,1074
r,50,o200k_base,csv,1487,5732,51,1074
r,50,o200k_base,json_compact,2247,9633,1,1074
r,50,o200k_base,yaml,2791,9725,508,1074
r,50,o200k_base,xml,4640,14508,402,1074
r,50,o200k_base,json_pretty,3820,14728,661,1074
r,50,cl100k_base,mini,1517,5706,51,1072
r,50,cl100k_base,toon_flat,1571,5924,57,1072
r,50,cl100k_base,toon,2578,9698,307,1072
r,50,cl100k_base,csv,1480,5732,51,1072
r,50,cl100k_base,json_compact,2243,9633,1,1072
r,50,cl100k_base,yaml,2795,9725,508,1072
r,50,cl100k_base,xml,4674,14508,402,1072
r,50,cl100k_base,json_pretty,3868,14728,661,1072
r,100,o200k_base,mini,2955,11308,101,2121
r,100,o200k_base,toon_flat,3075,11634,107,2121
r,100,o200k_base,toon,5115,19258,607,2121
r,100,o200k_base,csv,2934,11341,101,2121
r,100,o200k_base,json_compact,4444,19126,1,2121
r,100,o200k_base,yaml,5531,19318,1008,2121
r,100,o200k_base,xml,9233,28901,802,2121
r,100,o200k_base,json_pretty,7567,29271,1311,2121
r,100,cl100k_base,mini,2988,11308,101,2119
r,100,cl100k_base,toon_flat,3064,11634,107,2119
r,100,cl100k_base,toon,5105,19258,607,2119
r,100,cl100k_base,csv,2923,11341,101,2119
r,100,cl100k_base,json_compact,4440,19126,1,2119
r,100,cl100k_base,yaml,5539,19318,1008,2119
r,100,cl100k_base,xml,9305,28901,802,2119
r,100,cl100k_base,json_pretty,7665,29271,1311,2119
r,250,o200k_base,mini,7327,28238,251,5268
r,250,o200k_base,toon_flat,7572,28888,257,5268
r,250,o200k_base,toon,12710,48062,1507,5268
r,250,o200k_base,csv,7281,28295,251,5268
r,250,o200k_base,json_compact,11041,47732,1,5268
r,250,o200k_base,yaml,13752,48224,2508,5268
r,250,o200k_base,xml,23018,72207,2002,5268
r,250,o200k_base,json_pretty,18814,73027,3261,5268
r,250,cl100k_base,mini,7411,28238,251,5268
r,250,cl100k_base,toon_flat,7551,28888,257,5268
r,250,cl100k_base,toon,12689,48062,1507,5268
r,250,cl100k_base,csv,7260,28295,251,5268
r,250,cl100k_base,json_compact,11039,47732,1,5268
r,250,cl100k_base,yaml,13773,48224,2508,5268
r,250,cl100k_base,xml,23204,72207,2002,5268
r,250,cl100k_base,json_pretty,19064,73027,3261,5268
r,500,o200k_base,mini,14618,56485,501,10518
r,500,o200k_base,toon_flat,15071,57677,507,10518
r,500,o200k_base,toon,25378,96101,3007,10518
r,500,o200k_base,csv,14530,56584,501,10518
r,500,o200k_base,json_compact,22041,95437,1,10518
r,500,o200k_base,yaml,27462,96429,5008,10518
r,500,o200k_base,xml,45997,144412,4002,10518
r,500,o200k_base,json_pretty,37564,145982,6511,10518
r,500,cl100k_base,mini,14786,56485,501,10518
r,500,cl100k_base,toon_flat,15029,57677,507,10518
r,500,cl100k_base,toon,25336,96101,3007,10518
r,500,cl100k_base,csv,14488,56584,501,10518
r,500,cl100k_base,json_compact,22039,95437,1,10518
r,500,cl100k_base,yaml,27504,96429,5008,10518
r,500,cl100k_base,xml,46370,144412,4002,10518
r,500,cl100k_base,json_pretty,38064,145982,6511,10518
s,12,o200k_base,mini,314,1127,13,235
s,12,o200k_base,toon_flat,325,1235,18,235
s,12,o200k_base,toon,574,2089,78,235
s,12,o200k_base,csv,278,1124,13,235
s,12,o200k_base,json_compact,482,2009,1,235
s,12,o200k_base,yaml,585,2002,103,235
s,12,o200k_base,xml,926,3081,98,235
s,12,o200k_base,json_pretty,815,3044,142,235
s,12,cl100k_base,mini,316,1127,13,237
s,12,cl100k_base,toon_flat,327,1235,18,237
s,12,cl100k_base,toon,574,2089,78,237
s,12,cl100k_base,csv,280,1124,13,237
s,12,cl100k_base,json_compact,471,2009,1,237
s,12,cl100k_base,yaml,585,2002,103,237
s,12,cl100k_base,xml,928,3081,98,237
s,12,cl100k_base,json_pretty,817,3044,142,237
s,25,o200k_base,mini,627,2306,26,480
s,25,o200k_base,toon_flat,622,2440,31,480
s,25,o200k_base,toon,1161,4282,156,480
s,25,o200k_base,csv,562,2303,26,480
s,25,o200k_base,json_compact,974,4111,1,480
s,25,o200k_base,yaml,1185,4104,207,480
s,25,o200k_base,xml,1902,6366,202,480
s,25,o200k_base,json_pretty,1645,6225,285,480
s,25,cl100k_base,mini,631,2306,26,484
s,25,cl100k_base,toon_flat,626,2440,31,484
s,25,cl100k_base,toon,1161,4282,156,484
s,25,cl100k_base,csv,566,2303,26,484
s,25,cl100k_base,json_compact,952,4111,1,484
s,25,cl100k_base,yaml,1185,4104,207,484
s,25,cl100k_base,xml,1906,6366,202,484
s,25,cl100k_base,json_pretty,1649,6225,285,484
s,50,o200k_base,mini,1227,4563,51,949
s,50,o200k_base,toon_flat,1191,4747,56,949
s,50,o200k_base,toon,2288,8489,306,949
s,50,o200k_base,csv,1106,4560,51,949
s,50,o200k_base,json_compact,1918,8143,1,949
s,50,o200k_base,yaml,2337,8136,407,949
s,50,o200k_base,xml,3778,12673,402,949
s,50,o200k_base,json_pretty,3239,12332,560,949
s,50,cl100k_base,mini,1235,4563,51,957
s,50,cl100k_base,toon_flat,1199,4747,56,957
s,50,cl100k_base,toon,2288,8489,306,957
s,50,cl100k_base,csv,1114,4560,51,957
s,50,cl100k_base,json_compact,1875,8143,1,957
s,50,cl100k_base,yaml,2337,8136,407,957
s,50,cl100k_base,xml,3786,12673,402,957
s,50,cl100k_base,json_pretty,3247,12332,560,957
s,100,o200k_base,mini,2430,9061,101,1890
s,100,o200k_base,toon_flat,2331,9345,106,1890
s,100,o200k_base,toon,4546,16887,606,1890
s,100,o200k_base,csv,2196,9057,101,1890
s,100,o200k_base,json_compact,3809,16190,1,1890
s,100,o200k_base,yaml,4645,16183,807,1890
s,100,o200k_base,xml,7532,25270,802,1890
s,100,o200k_base,json_pretty,6430,24529,1110,1890
s,100,cl100k_base,mini,2447,9061,101,1907
s,100,cl100k_base,toon_flat,2348,9345,106,1907
s,100,cl100k_base,toon,4546,16887,606,1907
s,100,cl100k_base,csv,2213,9057,101,1907
s,100,cl100k_base,json_compact,3725,16190,1,1907
s,100,cl100k_base,yaml,4645,16183,807,1907
s,100,cl100k_base,xml,7549,25270,802,1907
s,100,cl100k_base,json_pretty,6447,24529,1110,1907
s,250,o200k_base,mini,6024,22631,251,4695
s,250,o200k_base,toon_flat,5739,23215,256,4695
s,250,o200k_base,toon,11302,42157,1506,4695
s,250,o200k_base,csv,5454,22627,251,4695
s,250,o200k_base,json_compact,9464,40410,1,4695
s,250,o200k_base,yaml,11551,40403,2007,4695
s,250,o200k_base,xml,18774,63140,2002,4695
s,250,o200k_base,json_pretty,15985,61199,2760,4695
s,250,cl100k_base,mini,6066,22631,251,4737
s,250,cl100k_base,toon_flat,5781,23215,256,4737
s,250,cl100k_base,toon,11302,42157,1506,4737
s,250,cl100k_base,csv,5496,22627,251,4737
s,250,cl100k_base,json_compact,9255,40410,1,4737
s,250,cl100k_base,yaml,11551,40403,2007,4737
s,250,cl100k_base,xml,18816,63140,2002,4737
s,250,cl100k_base,json_pretty,16027,61199,2760,4737
s,500,o200k_base,mini,12028,45342,501,9387
s,500,o200k_base,toon_flat,11430,46426,506,9387
s,500,o200k_base,toon,22577,84368,3006,9387
s,500,o200k_base,csv,10895,45338,501,9387
s,500,o200k_base,json_compact,18906,80871,1,9387
s,500,o200k_base,yaml,23076,80864,4007,9387
s,500,o200k_base,xml,37529,126351,4002,9387
s,500,o200k_base,json_pretty,31927,122410,5510,9387
s,500,cl100k_base,mini,12112,45342,501,9471
s,500,cl100k_base,toon_flat,11514,46426,506,9471
s,500,cl100k_base,toon,22577,84368,3006,9471
s,500,cl100k_base,csv,10979,45338,501,9471
s,500,cl100k_base,json_compact,18489,80871,1,9471
s,500,cl100k_base,yaml,23076,80864,4007,9471
s,500,cl100k_base,xml,37613,126351,4002,9471
s,500,cl100k_base,json_pretty,32011,122410,5510,9471
sum,12,o200k_base,mini,591,1807,13,486
sum,12,o200k_base,toon_flat,612,1922,19,486
sum,12,o200k_base,toon,933,2859,91,486
sum,12,o200k_base,csv,559,1794,13,486
sum,12,o200k_base,json_compact,813,2764,1,486
sum,12,o200k_base,yaml,947,2762,121,486
sum,12,o200k_base,xml,1356,3903,110,486
sum,12,o200k_base,json_pretty,1207,3946,160,486
sum,12,cl100k_base,mini,646,1807,13,543
sum,12,cl100k_base,toon_flat,667,1922,19,543
sum,12,cl100k_base,toon,987,2859,91,543
sum,12,cl100k_base,csv,612,1794,13,543
sum,12,cl100k_base,json_compact,857,2764,1,543
sum,12,cl100k_base,yaml,1002,2762,121,543
sum,12,cl100k_base,xml,1404,3903,110,543
sum,12,cl100k_base,json_pretty,1264,3946,160,543
sum,25,o200k_base,mini,1201,3710,26,1004
sum,25,o200k_base,toon_flat,1223,3865,32,1004
sum,25,o200k_base,toon,1906,5868,182,1004
sum,25,o200k_base,csv,1157,3705,26,1004
sum,25,o200k_base,json_compact,1662,5667,1,1004
sum,25,o200k_base,yaml,1939,5672,244,1004
sum,25,o200k_base,xml,2798,8065,227,1004
sum,25,o200k_base,json_pretty,2458,8086,322,1004
sum,25,cl100k_base,mini,1314,3710,26,1121
sum,25,cl100k_base,toon_flat,1337,3865,32,1121
sum,25,cl100k_base,toon,2017,5868,182,1121
sum,25,cl100k_base,csv,1267,3705,26,1121
sum,25,cl100k_base,json_compact,1753,5667,1,1121
sum,25,cl100k_base,yaml,2052,5672,244,1121
sum,25,cl100k_base,xml,2895,8065,227,1121
sum,25,cl100k_base,json_pretty,2575,8086,322,1121
sum,50,o200k_base,mini,2371,7376,51,1996
sum,50,o200k_base,toon_flat,2395,7609,57,1996
sum,50,o200k_base,toon,3776,11662,357,1996
sum,50,o200k_base,csv,2304,7387,51,1996
sum,50,o200k_base,json_compact,3290,11255,1,1996
sum,50,o200k_base,yaml,3841,11273,480,1996
sum,50,o200k_base,xml,5564,16072,452,1996
sum,50,o200k_base,json_pretty,4858,16048,633,1996
sum,50,cl100k_base,mini,2599,7376,51,2234
sum,50,cl100k_base,toon_flat,2624,7609,57,2234
sum,50,cl100k_base,toon,4001,11662,357,2234
sum,50,cl100k_base,csv,2525,7387,51,2234
sum,50,cl100k_base,json_compact,3477,11255,1,2234
sum,50,cl100k_base,yaml,4072,11273,480,2234
sum,50,cl100k_base,xml,5762,16072,452,2234
sum,50,cl100k_base,json_pretty,5096,16048,633,2234
sum,100,o200k_base,mini,4691,14655,101,3962
sum,100,o200k_base,toon_flat,4720,15046,107,3962
sum,100,o200k_base,toon,7496,23199,707,3962
sum,100,o200k_base,csv,4579,14697,101,3962
sum,100,o200k_base,json_compact,6527,22375,1,3962
sum,100,o200k_base,yaml,7624,22419,951,3962
sum,100,o200k_base,xml,11072,32026,902,3962
sum,100,o200k_base,json_pretty,9637,31907,1254,3962
sum,100,cl100k_base,mini,5150,14655,101,4439
sum,100,cl100k_base,toon_flat,5180,15046,107,4439
sum,100,cl100k_base,toon,7947,23199,707,4439
sum,100,cl100k_base,csv,5022,14697,101,4439
sum,100,cl100k_base,json_compact,6903,22375,1,4439
sum,100,cl100k_base,yaml,8086,22419,951,4439
sum,100,cl100k_base,xml,11472,32026,902,4439
sum,100,cl100k_base,json_pretty,10114,31907,1254,4439
sum,250,o200k_base,mini,11672,36687,251,9880
sum,250,o200k_base,toon_flat,11714,37556,257,9880
sum,250,o200k_base,toon,18678,58009,1757,9880
sum,250,o200k_base,csv,11423,36831,251,9880
sum,250,o200k_base,json_compact,16258,55933,1,9880
sum,250,o200k_base,yaml,18993,56055,2364,9880
sum,250,o200k_base,xml,27618,80086,2252,9880
sum,250,o200k_base,json_pretty,23994,79682,3117,9880
sum,250,cl100k_base,mini,12813,36687,251,11063
sum,250,cl100k_base,toon_flat,12856,37556,257,11063
sum,250,cl100k_base,toon,19799,58009,1757,11063
sum,250,cl100k_base,csv,12523,36831,251,11063
sum,250,cl100k_base,json_compact,17190,55933,1,11063
sum,250,cl100k_base,yaml,20136,56055,2364,11063
sum,250,cl100k_base,xml,28614,80086,2252,11063
sum,250,cl100k_base,json_pretty,25177,79682,3117,11063
sum,500,o200k_base,mini,23301,73405,501,19739
sum,500,o200k_base,toon_flat,23364,75068,507,19739
sum,500,o200k_base,toon,37307,116021,3507,19739
sum,500,o200k_base,csv,22823,73717,501,19739
sum,500,o200k_base,json_compact,32471,111859,1,19739
sum,500,o200k_base,yaml,37933,112107,4718,19739
sum,500,o200k_base,xml,55184,160178,4502,19739
sum,500,o200k_base,json_pretty,47915,159294,6221,19739
sum,500,cl100k_base,mini,25590,73405,501,22112
sum,500,cl100k_base,toon_flat,25654,75068,507,22112
sum,500,cl100k_base,toon,39555,116021,3507,22112
sum,500,cl100k_base,csv,25029,73717,501,22112
sum,500,cl100k_base,json_compact,34343,111859,1,22112
sum,500,cl100k_base,yaml,40224,112107,4718,22112
sum,500,cl100k_base,xml,57181,160178,4502,22112
sum,500,cl100k_base,json_pretty,50288,159294,6221,22112
tc,12,o200k_base,mini,499,1998,13,362
tc,12,o200k_base,toon_flat,522,2117,18,362
tc,12,o200k_base,toon,878,3416,114,362
tc,12,o200k_base,csv,472,2003,13,362
tc,12,o200k_base,json_compact,758,3332,1,362
tc,12,o200k_base,yaml,898,3271,143,362
tc,12,o200k_base,xml,1388,4780,134,362
tc,12,o200k_base,json_pretty,1205,4691,182,362
tc,12,cl100k_base,mini,502,1998,13,363
tc,12,cl100k_base,toon_flat,523,2117,18,363
tc,12,cl100k_base,toon,866,3416,114,363
tc,12,cl100k_base,csv,473,2003,13,363
tc,12,cl100k_base,json_compact,745,3332,1,363
tc,12,cl100k_base,yaml,886,3271,143,363
tc,12,cl100k_base,xml,1384,4780,134,363
tc,12,cl100k_base,json_pretty,1206,4691,182,363
tc,25,o200k_base,mini,1015,4124,26,744
tc,25,o200k_base,toon_flat,1035,4270,31,744
tc,25,o200k_base,toon,1796,7051,231,744
tc,25,o200k_base,csv,972,4130,26,744
tc,25,o200k_base,json_compact,1548,6871,1,744
tc,25,o200k_base,yaml,1840,6755,291,744
tc,25,o200k_base,xml,2866,9912,277,744
tc,25,o200k_base,json_pretty,2459,9666,369,744
tc,25,cl100k_base,mini,1019,4124,26,746
tc,25,cl100k_base,toon_flat,1037,4270,31,746
tc,25,cl100k_base,toon,1771,7051,231,746
tc,25,cl100k_base,csv,974,4130,26,746
tc,25,cl100k_base,json_compact,1523,6871,1,746
tc,25,cl100k_base,yaml,1815,6755,291,746
tc,25,cl100k_base,xml,2857,9912,277,746
tc,25,cl100k_base,json_pretty,2461,9666,369,746
tc,50,o200k_base,mini,1999,8166,51,1471
tc,50,o200k_base,toon_flat,2013,8364,56,1471
tc,50,o200k_base,toon,3553,13995,456,1471
tc,50,o200k_base,csv,1925,8174,51,1471
tc,50,o200k_base,json_compact,3059,13629,1,1471
tc,50,o200k_base,yaml,3642,13406,575,1471
tc,50,o200k_base,xml,5697,19731,552,1471
tc,50,o200k_base,json_pretty,4861,19180,728,1471
tc,50,cl100k_base,mini,2005,8166,51,1475
tc,50,cl100k_base,toon_flat,2017,8364,56,1475
tc,50,cl100k_base,toon,3503,13995,456,1475
tc,50,cl100k_base,csv,1929,8174,51,1475
tc,50,cl100k_base,json_compact,3011,13629,1,1475
tc,50,cl100k_base,yaml,3592,13406,575,1475
tc,50,cl100k_base,xml,5679,19731,552,1475
tc,50,cl100k_base,json_pretty,4865,19180,728,1475
tc,100,o200k_base,mini,3956,16200,101,2915
tc,100,o200k_base,toon_flat,3958,16503,106,2915
tc,100,o200k_base,toon,7056,27834,906,2915
tc,100,o200k_base,csv,3820,16212,101,2915
tc,100,o200k_base,json_compact,6070,27091,1,2915
tc,100,o200k_base,yaml,7233,26652,1142,2915
tc,100,o200k_base,xml,11345,39311,1102,2915
tc,100,o200k_base,json_pretty,9652,38145,1445,2915
tc,100,cl100k_base,mini,3967,16200,101,2923
tc,100,cl100k_base,toon_flat,3966,16503,106,2923
tc,100,cl100k_base,toon,6956,27834,906,2923
tc,100,cl100k_base,csv,3828,16212,101,2923
tc,100,cl100k_base,json_compact,5976,27091,1,2923
tc,100,cl100k_base,yaml,7133,26652,1142,2923
tc,100,cl100k_base,xml,11311,39311,1102,2923
tc,100,cl100k_base,json_pretty,9660,38145,1445,2923
tc,250,o200k_base,mini,9848,40404,251,7270
tc,250,o200k_base,toon_flat,9812,41019,256,7270
tc,250,o200k_base,toon,17584,69450,2256,7270
tc,250,o200k_base,csv,9524,40428,251,7270
tc,250,o200k_base,json_compact,15124,67581,1,7270
tc,250,o200k_base,yaml,18021,66490,2841,7270
tc,250,o200k_base,xml,28310,98147,2752,7270
tc,250,o200k_base,json_pretty,24041,95126,3594,7270
tc,250,cl100k_base,mini,9870,40404,251,7290
tc,250,cl100k_base,toon_flat,9832,41019,256,7290
tc,250,cl100k_base,toon,17334,69450,2256,7290
tc,250,cl100k_base,csv,9544,40428,251,7290
tc,250,cl100k_base,json_compact,14892,67581,1,7290
tc,250,cl100k_base,yaml,17771,66490,2841,7290
tc,250,cl100k_base,xml,28226,98147,2752,7290
tc,250,cl100k_base,json_pretty,24061,95126,3594,7290
tc,500,o200k_base,mini,19660,80718,501,14519
tc,500,o200k_base,toon_flat,19562,81854,506,14519
tc,500,o200k_base,toon,35125,138785,4506,14519
tc,500,o200k_base,csv,19024,80763,501,14519
tc,500,o200k_base,json_compact,30207,135042,1,14519
tc,500,o200k_base,yaml,36001,132869,5675,14519
tc,500,o200k_base,xml,56582,196194,5502,14519
tc,500,o200k_base,json_pretty,48021,190093,7178,14519
tc,500,cl100k_base,mini,19702,80718,501,14559
tc,500,cl100k_base,toon_flat,19602,81854,506,14559
tc,500,cl100k_base,toon,34625,138785,4506,14559
tc,500,cl100k_base,csv,19064,80763,501,14559
tc,500,cl100k_base,json_compact,29745,135042,1,14559
tc,500,cl100k_base,yaml,35501,132869,5675,14559
tc,500,cl100k_base,xml,56414,196194,5502,14559
tc,500,cl100k_base,json_pretty,48061,190093,7178,14559
us,12,o200k_base,mini,459,1636,13,336
us,12,o200k_base,toon_flat,487,1737,18,336
us,12,o200k_base,toon,799,2767,102,336
us,12,o200k_base,csv,442,1636,13,336
us,12,o200k_base,json_compact,705,2689,1,336
us,12,o200k_base,yaml,806,2632,127,336
us,12,o200k_base,xml,1294,3855,122,336
us,12,o200k_base,json_pretty,1121,3916,166,336
us,12,cl100k_base,mini,459,1636,13,335
us,12,cl100k_base,toon_flat,486,1737,18,335
us,12,cl100k_base,toon,799,2767,102,335
us,12,cl100k_base,csv,441,1636,13,335
us,12,cl100k_base,json_compact,690,2689,1,335
us,12,cl100k_base,yaml,807,2632,127,335
us,12,cl100k_base,xml,1292,3855,122,335
us,12,cl100k_base,json_pretty,1120,3916,166,335
us,25,o200k_base,mini,936,3382,26,696
us,25,o200k_base,toon_flat,965,3509,31,696
us,25,o200k_base,toon,1637,5709,206,696
us,25,o200k_base,csv,907,3382,26,696
us,25,o200k_base,json_compact,1442,5540,1,696
us,25,o200k_base,yaml,1653,5431,257,696
us,25,o200k_base,xml,2673,7993,252,696
us,25,o200k_base,json_pretty,2287,8054,335,696
us,25,cl100k_base,mini,935,3382,26,694
us,25,cl100k_base,toon_flat,964,3509,31,694
us,25,cl100k_base,toon,1637,5709,206,694
us,25,cl100k_base,csv,906,3382,26,694
us,25,cl100k_base,json_compact,1413,5540,1,694
us,25,cl100k_base,yaml,1655,5431,257,694
us,25,cl100k_base,xml,2669,7993,252,694
us,25,cl100k_base,json_pretty,2285,8054,335,694
us,50,o200k_base,mini,1847,6730,51,1382
us,50,o200k_base,toon_flat,1878,6907,56,1382
us,50,o200k_base,toon,3242,11357,406,1382
us,50,o200k_base,csv,1795,6730,51,1382
us,50,o200k_base,json_compact,2853,11013,1,1382
us,50,o200k_base,yaml,3275,10804,507,1382
us,50,o200k_base,xml,5319,15941,502,1382
us,50,o200k_base,json_pretty,4523,16002,660,1382
us,50,cl100k_base,mini,1844,6730,51,1378
us,50,cl100k_base,toon_flat,1877,6907,56,1378
us,50,cl100k_base,toon,3242,11357,406,1378
us,50,cl100k_base,csv,1794,6730,51,1378
us,50,cl100k_base,json_compact,2797,11013,1,1378
us,50,cl100k_base,yaml,3279,10804,507,1378
us,50,cl100k_base,xml,5311,15941,502,1378
us,50,cl100k_base,json_pretty,4519,16002,660,1378
us,100,o200k_base,mini,3661,13347,101,2746
us,100,o200k_base,toon_flat,3696,13624,106,2746
us,100,o200k_base,toon,6444,22574,806,2746
us,100,o200k_base,csv,3563,13346,101,2746
us,100,o200k_base,json_compact,5667,21879,1,2746
us,100,o200k_base,yaml,6511,21470,1007,2746
us,100,o200k_base,xml,10604,31757,1002,2746
us,100,o200k_base,json_pretty,8987,31818,1310,2746
us,100,cl100k_base,mini,3654,13347,101,2738
us,100,cl100k_base,toon_flat,3695,13624,106,2738
us,100,cl100k_base,toon,6444,22574,806,2738
us,100,cl100k_base,csv,3562,13346,101,2738
us,100,cl100k_base,json_compact,5557,21879,1,2738
us,100,cl100k_base,yaml,6519,21470,1007,2738
us,100,cl100k_base,xml,10587,31757,1002,2738
us,100,cl100k_base,json_pretty,8979,31818,1310,2738
us,250,o200k_base,mini,9095,33318,251,6830
us,250,o200k_base,toon_flat,9142,33895,256,6830
us,250,o200k_base,toon,16039,56345,2006,6830
us,250,o200k_base,csv,8859,33317,251,6830
us,250,o200k_base,json_compact,14101,54600,1,6830
us,250,o200k_base,yaml,16205,53591,2507,6830
us,250,o200k_base,xml,26451,79328,2502,6830
us,250,o200k_base,json_pretty,22371,79389,3260,6830
us,250,cl100k_base,mini,9075,33318,251,6809
us,250,cl100k_base,toon_flat,9141,33895,256,6809
us,250,cl100k_base,toon,16039,56345,2006,6809
us,250,cl100k_base,csv,8858,33317,251,6809
us,250,cl100k_base,json_compact,13828,54600,1,6809
us,250,cl100k_base,yaml,16226,53591,2507,6809
us,250,cl100k_base,xml,26409,79328,2502,6809
us,250,cl100k_base,json_pretty,22350,79389,3260,6809
us,500,o200k_base,mini,18162,66678,501,13647
us,500,o200k_base,toon_flat,18230,67755,506,13647
us,500,o200k_base,toon,32043,112705,4006,13647
us,500,o200k_base,csv,17697,66677,501,13647
us,500,o200k_base,json_compact,28168,109210,1,13647
us,500,o200k_base,yaml,32377,107201,5007,13647
us,500,o200k_base,xml,52873,158688,5002,13647
us,500,o200k_base,json_pretty,44688,158749,6510,13647
us,500,cl100k_base,mini,18121,66678,501,13605
us,500,cl100k_base,toon_flat,18229,67755,506,13605
us,500,cl100k_base,toon,32043,112705,4006,13605
us,500,cl100k_base,csv,17696,66677,501,13605
us,500,cl100k_base,json_compact,27624,109210,1,13605
us,500,cl100k_base,yaml,32419,107201,5007,13605
us,500,cl100k_base,xml,52789,158688,5002,13605
us,500,cl100k_base,json_pretty,44646,158749,6510,13605
