id,text,labels_1,labels_2,labels_3,labels_4,labels_5,labels_6,selected,conf,rationale
m1,"The quiz froze after question 4, is that a known issue?",question,feedback,bug,request,praise,other,1;3,0.91,reports a malfunction and asks
m2,"Great flashcards, they saved my week!",question,feedback,bug,request,praise,other,5,0.97,
m3,Could you add export to Anki?,question,feedback,bug,request,praise,other,4,0.94,feature request
m4,Transcription missed the last ten minutes of the lecture.,question,feedback,bug,request,praise,other,3,0.9,
m5,How is my level computed?,question,feedback,bug,request,praise,other,1,0.95,
m6,The map view is confusing but the summaries are excellent.,question,feedback,bug,request,praise,other,2;5,0.82,mixed sentiment
m7,Please support PDF slides as input.,question,feedback,bug,request,praise,other,4,0.93,
m8,Nothing to report.,question,feedback,bug,request,praise,other,6,0.7,
m9,Why does the same question repeat twice?,question,feedback,bug,request,praise,other,1;3,0.86,possible exposure-control bug
m10,"Love the adaptive difficulty, keep it up.",question,feedback,bug,request,praise,other,2;5,0.9,
m11,Credits were deducted twice for one upload.,question,feedback,bug,request,praise,other,3,0.96,billing bug
m12,Can I share a class with a friend?,question,feedback,bug,request,praise,other,1;4,0.88,
